token_address,symbol,spike_time,increase,duration_minutes,start_price,max_price,creation_time,token_age_minutes,duration_bucket,increase_bucket,age_bucket
12HXYh3MHmyuraHtd82fGEKSwuhdsbPo1utXQKvXpump,REPUBLICAN,2024-10-29 10:43:00,7.554329331394753,60.0,8.715326166498787e-05,0.0005923111882374,2024-10-28 20:48:45,834.25,45-60min,5-10x,>12hrs
136em8joZqS2CWgCiHNUuK3cJf2fbWBrAV2jXtBsS3zg,TRUMP,2024-10-29 05:05:00,5.370170101773529,60.0,0.0012693825131312,0.0068168000197316,2024-10-28 21:14:27,470.55,45-60min,5-10x,6-12hrs
265sKc6C7wRcEkuLqzPCWUziHCqsp2Q1gXJo2H9Bpump,HONEY,2024-10-03 19:37:00,7.530397356076676,32.0,1.847556517294012e-05,0.0001391283471303,2024-10-03 13:46:58,350.03333333333336,30-45min,5-10x,3-6hrs
27EnpSWPXANqnYQqTD9Pe1QPJgQzgawNzj7DATcipump,AURA,2024-10-29 16:01:00,5.2677409902956365,10.0,1.596635431761065e-05,8.410661910446134e-05,2024-10-29 02:09:48,831.2,0-15min,5-10x,>12hrs
28WdSGcReQCRW7WBWKsfo2AdVE5TTTyg6Z5Mi8jBFXmN,AURA,2024-10-29 17:00:00,8.780678353237967,57.0,4.547691275484824e-06,9.797352283188052e-05,2024-10-29 10:57:39,362.35,45-60min,5-10x,6-12hrs
2E3qS1oSVbeLxQEhdSrVDMn5ruhCg5JQCqPXKpwWpump,$FUTURE,2024-10-25 08:01:00,9.122735316844675,60.0,5.095041159663103e-05,0.0006405139283777,2024-10-24 18:46:35,794.4166666666666,45-60min,5-10x,>12hrs
2GMEDWxPhdBicySMjUky49UHgXutxQ8SJjWyrcKPpump,PONK,2024-10-02 18:34:00,41.66877733522322,43.0,8.309307185364444e-05,0.0034623867091692,2024-10-02 12:43:39,350.35,30-45min,20-50x,3-6hrs
2KgAN8nLAU74wjiyKi85m4ZT6Z9MtqrUTGfse8Xapump,SHEGEN,2024-10-14 08:22:00,9.603513577856392,29.0,0.0001906878373636,0.0055378433257876,2024-10-14 02:45:13,336.78333333333336,15-30min,5-10x,3-6hrs
2TobzM4NNpEvyVAEpFC8AkxJGBHz8fFgMksK1gBy5dub,Wiz,2024-10-26 22:35:00,7.968008300457602,56.0,8.722121368955864e-05,0.0008190700319163,2024-09-08 17:30:13,69424.78333333334,45-60min,5-10x,>12hrs
2aVCSF8R74m5Nh18nXUSx1YDNS3Zxj2kQCa3mrdgpump,mofa,2024-10-29 06:10:00,9.602809480217566,19.0,5.214684683588426e-05,0.000500756235159,2024-10-29 00:48:44,321.26666666666665,15-30min,5-10x,3-6hrs
2ban8tt99mhYf9hCXygvSUWDTxNAq54YQGGP3iNFpump,DVG,2024-10-29 19:44:00,24.10620254943045,58.0,0.0009406578022527,0.0226756875108057,2024-10-29 13:41:47,362.21666666666664,45-60min,20-50x,6-12hrs
2hpRcNUThuP4211CarNRhDUAm1Ty1h3iexCuiwfTpump,MASON,2024-10-29 20:15:00,6.469383455041526,9.0,8.280897406571503e-05,0.0005357230067496,2024-10-29 14:57:30,317.5,0-15min,5-10x,3-6hrs
2kaRSuDcz1V1kqq1sDmP23Wy98jutHQQgr5fGDWRpump,ETH,2024-10-26 01:55:00,17.036424848895116,57.0,7.195444272306751e-05,0.0020570077045449,2024-10-25 19:41:33,373.45,45-60min,10-20x,6-12hrs
2m2zsQkktkiC96iMtc8X5nXinscXrgLUvAowXvU3pump,Cybele,2024-10-26 22:32:00,9.502289511304548,60.0,1.5222408280360488e-05,8.313866482314475e-05,2024-10-26 15:32:16,419.73333333333335,45-60min,5-10x,6-12hrs
2odHeumkiJx46YyNHeZvDjMwsoNhpAgFQuipT96npump,NOGAMBLING,2024-10-29 16:11:00,11.838052748380075,60.0,0.0001498029721519,0.0013750124291695,2024-10-29 00:04:59,966.0166666666667,45-60min,10-20x,>12hrs
2xtF1kZQQ14dvVjTsAASPM5Jxax9Gpat8tMETegqpump,Henlo,2024-10-27 06:46:00,17.30220232606928,60.0,7.007342281381843e-05,0.0013050461837231,2024-10-27 00:23:53,382.1166666666667,45-60min,10-20x,6-12hrs
2yPfaQuvHtM7ztvjKnfRB6vPhtwwFF1AqzKVNaJoNiM1,PHROG,2024-10-29 17:58:00,5.457058711907788,16.0,6.82523711646582e-05,0.0003724571966724,2024-10-29 12:10:58,347.03333333333336,15-30min,5-10x,3-6hrs
32i3VKoMrkY1sszZSsYF3o6zejiiTs1xh5jgqMHDpump,$OAKMONT,2024-10-19 21:28:00,6.055958176280527,60.0,4.415663355263512e-05,0.0002674107260001,2024-10-19 03:12:56,1095.0666666666666,45-60min,5-10x,>12hrs
33MD3pqkgJzD4uvtYqfxZ5V8j7fPpZeToikiXhtkpump,Holy Mary,2024-10-29 04:07:00,5.564998774023223,4.0,5.346098654154753e-05,0.0002975103245617,2024-10-28 22:30:55,336.0833333333333,0-15min,5-10x,3-6hrs
33aY2XDYFfbANyBKGiAGUb7kYb4sY9SqPcUZPrwRpump,Animal,2024-10-29 17:58:00,58.93023315438798,55.0,6.253023221975185e-05,0.0049642559825431,2024-10-29 10:07:52,470.1333333333333,45-60min,50-100x,6-12hrs
33rVymHHPxfMvg4EHKBRF3h8a37cG7Et3eQWZzAkpump,bro,2024-10-06 18:52:00,15.669965184975169,45.0,4.5068841416050336e-05,0.0006085824060244,2024-10-05 22:40:01,1211.9833333333333,30-45min,10-20x,>12hrs
39mp4M95uDVfRjzmiKxfjvcyviGsEUbBxqpUTPUupump,VOF,2024-10-26 10:21:00,5.153663747814134,50.0,8.412771710670413e-05,0.0004335659658391,2024-10-25 16:36:28,1064.5333333333333,45-60min,5-10x,>12hrs
39qibQxVzemuZTEvjSB7NePhw9WyyHdQCqP8xmBMpump,MemesAI,2024-10-14 00:13:00,164.84913297803175,60.0,8.874765080882313e-06,0.0011228095343038,2024-10-13 17:03:40,429.3333333333333,45-60min,>100x,6-12hrs
3BeJ9zCgQhaqKMu2HgKJ79yQBChD1Pf3hPwRX44fpump,CB,2024-10-02 21:06:00,29.746854950535337,60.0,5.208712754756654e-05,0.0006317294176632,2024-10-02 12:32:13,513.7833333333333,45-60min,20-50x,6-12hrs
3BpRk7eDSg1GPsY5qkLATeMc9sYiKRS1V6p4RPNFpump,HOLY6900,2024-10-29 08:49:00,7.15800548663273,59.0,1.5691384710719684e-05,7.906300177588842e-05,2024-10-29 00:17:09,511.85,45-60min,5-10x,6-12hrs
3DkVGaNSMTcxFkgGDAm299FaVxgnCw2411vxZTmRpump,OMEGA,2024-10-16 23:57:00,20.888956617758915,41.0,1.458973567268791e-05,0.0003632351760265,2024-10-16 18:02:51,354.15,30-45min,20-50x,3-6hrs
3Ei8SaoL4JWZv1XsWePqiAjVtb7QtpJbV2TSuURmpump,Kiri,2024-10-19 03:54:00,7.095442155953603,35.0,8.294860485820479e-05,0.0004202180364891,2024-08-15 22:57:21,92456.65,30-45min,5-10x,>12hrs
3HYx6a9whu5a4dnzE62WNXg46MrEmu9LFxutR2YBpump,flavia,2024-10-22 16:36:00,38.1715882873759,17.0,4.96639668994043e-05,0.0150017565790946,2024-10-22 10:46:27,349.55,15-30min,20-50x,3-6hrs
3JgFwoYV74f6LwWjQWnr3YDPFnmBdwQfNyubv99jqUoq,wPOND,2024-10-09 18:36:00,12180.139808466209,60.0,1.9144930901517914e-07,0.0023045606987878,2024-09-25 22:20:16,19935.733333333334,45-60min,>100x,>12hrs
3R49ZACNKMPdzwtRb5eXfqNRmcHp9R4NppNhKtRhpump,BREAD,2024-10-29 20:09:00,7.213763628324898,14.0,1.5446767436483026e-05,0.0001114293291084,2024-10-29 14:36:52,332.1333333333333,0-15min,5-10x,3-6hrs
3XFiHA2gexzBjqtM5Z7FjJhP6f28D2m79UihBCfkpump,BTCAT,2024-10-06 00:02:00,18.015118423649074,60.0,7.965931970224151e-06,0.0002143812464364,2024-10-05 09:26:18,875.7,45-60min,10-20x,>12hrs
3qq54YqAKG3TcrwNHXFSpMCWoL8gmMuPceJ4FG9npump,CLANKER,2024-10-16 17:21:00,10.5136296847644,15.0,0.000146490198571,0.0036636960865879,2024-10-16 09:55:13,445.78333333333336,0-15min,10-20x,6-12hrs
3rRKJyH9EFSKSS7uJSVteCUHLXq9kAKxFotQxTuhn2kQ,AIO,2024-10-29 16:17:00,5.428746832316434,47.0,0.0282538217429894,0.1502710093244822,2024-10-29 08:29:45,467.25,45-60min,5-10x,6-12hrs
3xv6pWP1oVENMkZAASxoiAF4dFH9PGVtDnVw8xrbpump,fwogmi,2024-10-23 06:36:00,13.014944433722937,35.0,8.565192407058623e-05,0.0005738452200754,2024-10-23 00:10:41,385.31666666666666,30-45min,10-20x,6-12hrs
41EaZbiAtiBM2TEbbDFyp4rLY8q78Xiegiw2KMqRpump,$QuantAi,2024-10-28 23:49:00,5.7649008138084765,16.0,1.3080229596969834e-05,7.540622624837312e-05,2024-10-28 18:07:30,341.5,15-30min,5-10x,3-6hrs
41revsxLUZnoiUQoMT9eBVCzi4cs8Xbs48rp53gcpump,ROKO,2024-10-17 20:07:00,44.18766653644699,60.0,0.0002003331919413,0.0040375434037582,2024-10-17 13:40:47,386.21666666666664,45-60min,20-50x,6-12hrs
46RN3PxRWtoPhu4jeA7WxWR5MAaLh6cm3S1kYmu8pump,yum,2024-10-20 10:30:00,7.562773867506148,60.0,9.02036589303609e-06,6.30570253692799e-05,2024-10-18 23:47:45,2082.25,45-60min,5-10x,>12hrs
47uYAPNpAMJrLLxQZ7QQ9F1T6XBHqfPHLTfLsCCapump,FEET,2024-10-28 14:54:00,12.98903113825031,60.0,0.0001458193864793,0.0033515400756812,2024-10-28 08:11:47,402.21666666666664,45-60min,10-20x,6-12hrs
4AyViLduWHAiR6MhS8upSTx6A9C4dvMUa1F9Krzgpump,FE,2024-10-28 20:38:00,11.290370149034048,60.0,5.236431121281615e-06,9.03634729981786e-05,2024-10-28 12:30:36,487.4,45-60min,10-20x,6-12hrs
4B3NXEKgsT9hsadpCKNEwSXj6aDqwR7iqe5GzvgKpump,GPT2,2024-10-24 19:10:00,17.182477452803244,49.0,0.0004713902259945,0.0434411371081761,2024-10-24 13:15:39,354.35,45-60min,10-20x,3-6hrs
4EAbchR1spQ3UGq4AD2z6uScmQFenWYuGB15wPAapump,CT,2024-10-29 19:40:00,14.178022396376132,18.0,1.4013077967828428e-05,0.0001115070516268,2024-10-29 14:03:58,336.03333333333336,15-30min,10-20x,3-6hrs
4J5HoZWoKcbo2JQxEEVCKRBfUQtEroY1QdRrKtZFpump,IB,2024-10-29 01:56:00,52.36652194367323,4.0,0.0003796262981399,0.0198797088719419,2024-10-28 20:49:29,306.51666666666665,0-15min,50-100x,3-6hrs
4L4FU9jwtMdCzbQ7VLY8xetqVsJa8TBu5LgBwp9dpump,ETERNAL,2024-10-29 07:55:00,5.868578063093405,3.0,3.135385224294639e-05,0.0001774745842253,2024-10-28 15:32:15,982.75,0-15min,5-10x,>12hrs
4LzqcMvVM56wSDVpnRfK6VwLKyxJkcDCJuQMaEDkpump,BID,2024-10-29 13:54:00,5.814267111786154,60.0,8.148990354143151e-05,0.000442571281074,2024-10-29 06:46:48,427.2,45-60min,5-10x,6-12hrs
4QeK5x94xw6PrqJE6jjsVhswXN8qvsgCeqVyfokgpump,BABEL-AI,2024-10-28 14:47:00,13.855793353192,9.0,9.219729275086366e-05,0.0012774666360797,2024-10-25 12:35:02,4451.966666666666,0-15min,10-20x,>12hrs
4TcqMXdZBjxirf2vtYikWt1ix3YoHJoFAZwrqe39pump,SCOOP,2024-10-23 23:52:00,120.26301374273488,60.0,0.0004300020335602,0.0179462346568165,2024-10-23 17:49:22,362.6333333333333,45-60min,>100x,6-12hrs
4Y47LEufvcSSSbTFojcvW4Y6x2KZXrqG2urNBSvHpump,Me,2024-10-30 01:16:00,6.092184122375991,60.0,1.6592220137904185e-05,0.0001156559721117,2024-10-29 17:00:13,495.78333333333336,45-60min,5-10x,6-12hrs
4e4pi2xRnNqVvNfLUcLCbXNiFfgNQuBCedUeJgE4pump,TONG,2024-10-02 06:00:00,19.556119906674063,60.0,4.614693406356817e-05,0.000241915368521,2024-10-01 22:16:11,463.81666666666666,45-60min,10-20x,6-12hrs
4kHu4VktgzpZW9i8LEsHZrNLJcTV98nGhyZE5JSEpump,GOVAI,2024-10-16 01:31:00,16.814007456880542,4.0,0.0001328990483929,0.0008019184366027,2024-10-15 20:22:12,308.8,0-15min,10-20x,3-6hrs
4qNX615pV1oufdodNoiBzUsrUE3ww57DYg6LsUtupump,CLAUDIUS,2024-10-19 19:05:00,21.82495617089872,60.0,0.0006012913294466,0.0131231569111148,2024-10-13 08:43:30,9261.5,45-60min,20-50x,>12hrs
4qe5LzsmEJwr2rusq2Q4tvtEB1wdtpH6CokuCmAKpump,eliza,2024-10-27 01:23:00,5.714635526243503,22.0,0.0001693683649765,0.0009678784755166,2024-10-26 19:50:04,332.93333333333334,15-30min,5-10x,3-6hrs
4qrZ4UR7GghR7o522gbbfWYemP7yquHE8T7r6XQmVwNm,SEEKER,2024-10-29 15:39:00,5.774370681082447,46.0,8.789163915287042e-05,0.0005075189042366,2024-10-29 09:13:42,385.3,45-60min,5-10x,6-12hrs
4yyB8a6vmTZ5RL6UkPx4eSy57cLqWk2f8LuKnED5pump,SKULL,2024-10-28 22:48:00,8.560288791012125,57.0,0.0001361797807215,0.0011997009058681,2024-10-28 13:56:24,531.6,45-60min,5-10x,6-12hrs
54rRHktmCL8jKyMJxnBSSZ4zR8mxasR1CUx5qJuCHPze,noob,2024-10-28 00:40:00,8.403035913040018,53.0,0.0001352291150654,0.00076085860884,2024-10-27 17:26:18,433.7,45-60min,5-10x,6-12hrs
55mboDZnLzV5uFsH8egLcW2Q6Yh5UUeM86DndJcbpump,Tier,2024-10-29 18:28:00,11.655409274769022,30.0,1.5957247107278307e-05,0.0001500610349042,2024-10-29 12:49:20,338.6666666666667,15-30min,10-20x,3-6hrs
59LjgLwuWGnvW2rBZqCyt1JZETj3U2Yajb2uqUbmpump,XIN,2024-10-29 02:46:00,11.252027047313302,33.0,6.892433988385132e-05,0.0004683919212817,2024-10-28 18:58:40,467.3333333333333,30-45min,10-20x,6-12hrs
5DyyR2TRuBnc6tZHAVGWjXbkAbJ6vDeP9fJXgaZppump,OSCURO,2024-10-29 17:28:00,7.341154353414995,19.0,7.442077200889489e-05,0.0004149913155445,2024-10-29 11:23:08,364.8666666666667,15-30min,5-10x,6-12hrs
5GgvJq8DZ236iiCbp1ZbZLGhZG3Exj3vL93qoMoupump,Misha,2024-10-29 06:39:00,8.138757809138221,59.0,3.664655066116464e-05,0.000271274184431,2024-10-29 00:21:04,377.93333333333334,45-60min,5-10x,6-12hrs
5Gh2xhEvScCmRxazhcpZiCGoKTT3YfgbDD5dtbXWpump,BFT,2024-10-29 22:11:00,6.6928982204205765,6.0,1.3607295607445256e-05,9.10722445558071e-05,2024-10-29 16:58:46,312.23333333333335,0-15min,5-10x,3-6hrs
5JPg32uSr81BTNVtnK8AmrRZABtR8vZ3Wb7cdabiGtWF,Mudpug,2024-10-05 01:05:00,6.192477917281472,60.0,5.698486819666645e-05,0.0003056487709231,2024-10-04 17:25:20,459.6666666666667,45-60min,5-10x,6-12hrs
5LUx8Cmu61aCa9h8AebkmpqBBbgz4sErkbkGJESJXcFP,AutoLaye,2024-10-02 10:27:00,148.77088396930634,40.0,0.0231308743965958,3.4412006309645613,2024-10-02 03:34:34,412.43333333333334,30-45min,>100x,6-12hrs
5LgNLDTvjV6nKQHBEZ783VDoYN2PqGNAKDWPg8wCpump,FUBB,2024-10-21 12:44:00,14.195986608366873,58.0,8.60587791076266e-05,0.0026830327437584,2024-10-21 06:43:38,360.3666666666667,45-60min,10-20x,6-12hrs
5T3kPqWujSu2v6Y4YoZcQ4A2UtTRQFAwE82MoRm9pump,yogi,2024-10-29 19:08:00,12.46028179634665,10.0,8.269783303304827e-05,0.001030438303539,2024-10-24 10:29:19,7718.683333333333,0-15min,10-20x,>12hrs
5UjbS1bECmQo7B5f817151ctvWskB92aDqu9drsipump,TITO,2024-10-29 10:07:00,17.863962810015167,60.0,4.197570002736914e-05,0.0003300980681757,2024-10-29 03:51:09,375.85,45-60min,10-20x,6-12hrs
5auoDa6TKL3FsdZiRr11PDWNiDrYBgK6xWzVvVZJpump,larpAI,2024-10-23 00:37:00,8.565657413968903,58.0,0.0001622651725794,0.0016198131693926,2024-10-22 13:50:15,646.75,45-60min,5-10x,6-12hrs
5cdU1CWGFxcgAG3vLbrTi48AsH1ZL2oMRAGDJLrWpump,LUCIFER,2024-10-28 21:15:00,8.320247037463814,60.0,3.610387064213779e-05,0.0002709071974677,2024-10-28 11:38:49,576.1833333333333,45-60min,5-10x,6-12hrs
5fvnJ2bVDXBHgkmp7xBTy9TNqd69zdSHn3bLBXsFpump,PRESIDENT,2024-10-22 07:56:00,8.183918025624735,60.0,8.49959999143127e-06,0.0002613181088602,2024-10-21 17:55:46,840.2333333333333,45-60min,5-10x,>12hrs
5hJHyZ9KtEiATroSrMMx9yjXJGHUJRzj5LZkLhE5JJnC,ECCO,2024-10-29 18:55:00,6.163908534930602,17.0,7.62309549684105e-05,0.0004698806339556,2024-10-29 13:22:42,332.3,15-30min,5-10x,3-6hrs
5iuHLrJ6cx1UHGhbiEomsqUxDNoQ5ytdbU8aC6tZvAB8,$Dream,2024-10-21 20:19:00,6.077415035843468,60.0,6.453068123667312e-05,0.0003258998378171,2024-10-21 13:40:22,398.6333333333333,45-60min,5-10x,6-12hrs
5pKzD7VCY27no9cN31dYvgzZMAWRPUUHL4xK75FYpump,NOVA,2024-10-28 19:25:00,18.812357677581165,47.0,4.5298758056028986e-05,0.002484555082445,2024-10-28 13:30:56,354.06666666666666,45-60min,10-20x,3-6hrs
5vrNnSXf2PeF4YMdG4vHi1WzU3hf42JKzV8i7jtBmRww,x/acc,2024-10-26 20:11:00,7.641492153179297,60.0,8.200993840151828e-05,0.0009400443270631,2024-10-19 08:14:40,10796.333333333334,45-60min,5-10x,>12hrs
5xVLT8UxUViqKf6jDE45EvoGQQgCkvjuM4MDx5mTpump,mr noodles,2024-10-29 16:01:00,9.051134488604808,5.0,3.0074832676483947e-05,0.0001563789224856,2024-10-28 11:59:40,1681.3333333333333,0-15min,5-10x,>12hrs
64KZ3MPUFAks5QEYGVMZfTXDcgi43ZBYVXmVBJRTU358,PARK,2024-10-16 12:53:00,11.506829180359766,23.0,1.8397247048175064e-06,1.0688111119000713e-05,2024-10-16 06:16:37,396.3833333333333,15-30min,10-20x,6-12hrs
658gVRm3K3kGTwKyGhsJ2akKgE7zjDFHTDsscaWtpump,max2049,2024-10-12 23:38:00,17.70436880380473,57.0,1.974206895780957e-05,0.0002319371277822,2024-10-12 00:51:29,1366.5166666666667,45-60min,10-20x,>12hrs
66gsTs88mXJ5L4AtJnWqFW6H2L5YQDRy4W41y6zbpump,YOUSIM,2024-10-24 16:50:00,20.11782410583942,58.0,0.0003207243927711,0.0126856390111887,2024-10-24 07:28:47,561.2166666666667,45-60min,20-50x,6-12hrs
69G8CpUVZAxbPMiEBrfCCCH445NwFxH6PzVL693Xpump,xavier,2024-10-28 01:18:00,14.28758764873142,60.0,7.278922838296388e-05,0.0006416523399746,2024-10-27 14:52:20,625.6666666666666,45-60min,10-20x,6-12hrs
6BcPF1q7MVJAKk6tNXcTitfJS31eg5MKUGSAM5fAApXq,polaris126,2024-10-29 17:44:00,5.266177519176103,5.0,7.923848618646778e-05,0.0004172839346087,2024-10-29 12:18:58,325.03333333333336,0-15min,5-10x,3-6hrs
6HvcciZt5TaeRAiJbJA1nGWanmTgrmogF9gduXJhpump,MCDONALDS,2024-10-29 05:28:00,7.692505500441904,4.0,1.0275701174971364e-05,7.904588780936456e-05,2024-10-29 00:04:44,323.26666666666665,0-15min,5-10x,3-6hrs
6LJaNpynfDj5dX1dJ2sdGDqmUzkqsVGCza5WLr5Npump,America,2024-10-29 19:05:00,5.4772614278356935,56.0,0.0001010440807948,0.0005108416856156,2024-10-29 10:31:00,514.0,45-60min,5-10x,6-12hrs
6Lq5UGAs3sDgcTrRRqKZ2hc7JfwWDYV2gP2VwNd2pump,MMM,2024-10-26 23:20:00,7.176956659459471,60.0,4.2777858279769325e-05,0.0003303287224091,2024-10-26 13:58:37,561.3833333333333,45-60min,5-10x,6-12hrs
6MAWnfagDCzqmHQh88FVt9F1zzLqXpwGJpaL7zUTpump,EYE,2024-10-27 11:17:00,21.85753047507272,60.0,0.0003643881268219,0.00842452592597,2024-10-27 05:10:22,366.6333333333333,45-60min,20-50x,6-12hrs
6MQ8D4XgoLTPGgkz7sbJdFzA6F6iuepFXE2BtV9npump,Tate,2024-10-24 11:57:00,14.213645303107516,59.0,0.0002531573369327,0.0089107787164273,2024-10-24 05:55:11,361.81666666666666,45-60min,10-20x,6-12hrs
6QaZjD1aRmfyCWS31r4GTMq5ULKNLHDkPudUd3oYpump,TOAD,2024-10-28 20:32:00,106.24350472981236,60.0,6.33443322016659e-05,0.0058539402511754,2024-10-28 05:28:05,903.9166666666666,45-60min,>100x,>12hrs
6Rx89EvU1fNGv5htXGTUs3HPoQjcYSLh8KDd5RPwpump,Yes,2024-10-27 06:40:00,15.47013848805711,60.0,5.830191434343964e-05,0.0015265058451288,2024-10-27 00:29:00,371.0,45-60min,10-20x,6-12hrs
6TvpcaTfD4KdSuT2hTQGdoeznq5rq77dNKXieWYapump,B4TS4K,2024-10-29 21:05:00,5.28483317992881,31.0,1.0175945606255069e-05,8.744426437083857e-05,2024-10-29 13:17:40,467.3333333333333,30-45min,5-10x,6-12hrs
6UmGJtWHW13YLJCrdk9jEAnHeSgARTJEfCVV1sX4pump,IUBI,2024-10-28 23:42:00,5.376999328625947,60.0,3.327206019220459e-05,0.0002035168217763,2024-10-28 14:44:22,537.6333333333333,45-60min,5-10x,6-12hrs
6WSppYPevaDEZxdmW2WoHLoSnJMeVyqz8Rqkm8MCpump,LAMDUAN,2024-10-21 07:13:00,16.541848731142718,50.0,0.000184941049348,0.002660020033192,2024-10-15 13:04:46,8288.233333333334,45-60min,10-20x,>12hrs
6Xx8p2WmY1Uk2GD35uxhEyuniNrVEeSu3CUThb8Upump,Aletheia,2024-10-24 19:50:00,6.079778317580744,17.0,7.500984130830964e-05,0.0004560432067914,2024-10-24 14:25:33,324.45,15-30min,5-10x,3-6hrs
6YHvVQ5B7tBbwmG4tU4ESbRKQKeiVBoE3q6u6sCWpump,HC,2024-10-29 17:03:00,10.42490714002333,16.0,5.597320125459156e-05,0.0005835154254089,2024-10-29 11:42:12,320.8,15-30min,10-20x,3-6hrs
6d5zHW5B8RkGKd51Lpb9RqFQSqDudr9GJgZ1SgQZpump,AVB,2024-10-27 18:54:00,45.43371281390605,57.0,9.229752964581004e-05,0.0051742687915313,2024-10-27 12:26:05,387.9166666666667,45-60min,20-50x,6-12hrs
6dC8y49qqogktNvnYecEszwuDAgkVsj19UP7dziZpump,vapor,2024-10-25 23:36:00,5.3407806943400455,56.0,2.5301829700511374e-05,0.0001373584444249,2024-10-25 16:10:29,445.51666666666665,45-60min,5-10x,6-12hrs
6fkt7bidv8dwqYG1EBUzESSqknC5xfRnzymffWekTdYo,NDX,2024-10-08 00:25:00,62.15527782364731,7.0,1.695718337866333e-06,0.0001053978444007,2024-10-07 19:06:49,318.18333333333334,0-15min,50-100x,3-6hrs
6kJhG826LGowg7zG6PLd6tg7mqvVSdq2WzHhsfc7pump,popo,2024-10-11 01:16:00,6.921851694680101,60.0,1.7053004853425486e-05,0.0002260115873161,2024-10-10 08:45:12,990.8,45-60min,5-10x,>12hrs
6qocE7eQhug7pE7CggAvdNJJMtkHjKaVYRSND7Bwpump,WOAT,2024-10-29 05:21:00,8.640071266325275,3.0,7.14275834118805e-05,0.00061713941106,2024-10-29 00:12:16,308.73333333333335,0-15min,5-10x,3-6hrs
6tK5UeNKsCbXTu2avUrV4tRpjX86tFpWPYRk6AWodYF5,udoge,2024-10-29 17:49:00,7.019941608880512,15.0,8.383723851584151e-05,0.0004249591749017,2024-10-29 11:44:06,364.9,0-15min,5-10x,6-12hrs
6vQasJ3rdPBzEHXyQthe4tYxNtjedMHskHHx3W5kpump,shibu,2024-10-29 00:44:00,19.30201507876308,41.0,6.890205076095747e-05,0.0004824220056815,2024-10-28 18:53:01,350.98333333333335,30-45min,10-20x,3-6hrs
6veaegp72hcw2HpBDsgj87rc8GZboHX8QiaMxVACpump,GOAT2,2024-10-29 14:51:00,8.410134610528171,59.0,9.007586787103291e-05,0.0006634971171059,2024-10-29 06:01:42,529.3,45-60min,5-10x,6-12hrs
71FqyeLTgw6xushf7nWRkRwkm3pqqAsD8CCjcjaapump,ONYX,2024-10-26 10:10:00,29.025806788015657,44.0,4.297136933876158e-05,0.0009585943832389,2024-10-26 04:13:02,356.96666666666664,30-45min,20-50x,3-6hrs
71gSnDo5vqite4mVpbKnaqoa6FsuXpamn8jCYZsApump,GCRAI,2024-10-28 03:15:00,11.477185563498669,12.0,8.087109330637973e-05,0.0020283829427128,2024-10-27 21:59:44,315.26666666666665,0-15min,10-20x,3-6hrs
73y2d48ndV9fwGgL99iYagD27a2UMxCxLcNaDKzpump,WRM,2024-10-29 18:27:00,44.946825030212544,57.0,3.261273989084346e-05,0.0002049243619831,2024-10-29 12:23:57,363.05,45-60min,20-50x,6-12hrs
75gTkoZ1gEJXcA2Qqpqm8bes6QZVTEwnzQ3Xvz5tpump,GWOT,2024-10-29 21:39:00,5.007606985546295,2.0,0.0001718730280014,0.0008606725756468,2024-10-27 16:13:05,3205.9166666666665,0-15min,5-10x,>12hrs
7FS4iUbG1KpTA7xzG4Er7H6Nj22PZgonY8N9ERZbpump,DARTMOUTH,2024-10-25 03:17:00,11.561676180323294,27.0,2.51097794197969e-05,0.000290311138611,2024-10-24 21:41:27,335.55,15-30min,10-20x,3-6hrs
7Gry9KMXfcaRv67GdNjTgqWSD6VhNDYdcaLm6pr7pump,FREEANDY,2024-10-29 07:38:00,7.190198419155012,2.0,1.8256256696436947e-05,0.0001023815790918,2024-10-29 02:27:58,310.03333333333336,0-15min,5-10x,3-6hrs
7L15Afew6rL2ujRgvfYgPTpLKqBPjrQkh7nNzyrhpump,Hana,2024-10-29 17:29:00,7.4287730424420415,60.0,3.120663785326667e-05,0.0001637848364149,2024-10-29 09:40:47,468.21666666666664,45-60min,5-10x,6-12hrs
7LzF7BgpmXapBUMmJMwyP5o4uC2rr7T8keRc4R3kpump,âˆž,2024-10-29 15:39:00,5.61223665765564,5.0,0.0001083334202769,0.0006079927925273,2024-10-29 10:27:33,311.45,0-15min,5-10x,3-6hrs
7RSwX9BqJFpEh1Qz7bu97rwHE8XhwofZ3St99pH2pump,MEIZHU,2024-10-22 17:12:00,48.19851521117259,51.0,0.0001061262710584,0.0023650278345929,2024-10-22 10:20:13,411.78333333333336,45-60min,20-50x,6-12hrs
7RrLheV7dSecVka3MfjYb4Wa6Z6uegNyzhpFeERsfFZP,Retardia,2024-10-14 22:07:00,6.027585923387736,23.0,0.0001667351209004,0.0009461983884945,2024-02-17 15:16:45,346010.25,15-30min,5-10x,>12hrs
7T6vv4eyr5CvRKCXtxfEhRvaCr6J8GwtjJmPZy1Rpump,POPE,2024-10-29 16:03:00,6.484768839434845,60.0,6.986115653972704e-06,4.453266027373898e-05,2024-10-29 02:02:49,840.1833333333333,45-60min,5-10x,>12hrs
7WZzc9gh1gDW51zKT9Qso2hPUzwuporXqdbGQgtH2FqP,MOGGER,2024-10-29 18:32:00,10.002912938402464,10.0,8.964912418237048e-05,0.0008967523842002,2024-10-29 13:05:38,326.3666666666667,0-15min,10-20x,3-6hrs
7XFXYYiqrEQLLkAGvvxaoh6iYkVYQ4K7XXtKoRShpump,TERMINAL,2024-10-26 20:34:00,5.604618512136901,34.0,8.678329606557765e-05,0.0004863872676733,2024-10-26 13:46:48,407.2,30-45min,5-10x,6-12hrs
7aJjN1NYcCoUeavKcDfY8rsGZXyF1RoYg9fDqtbepump,OGDOG,2024-10-29 22:00:00,17.678619853561564,19.0,3.1555066480562326e-05,0.0001729312792324,2024-10-29 16:29:53,330.1166666666667,15-30min,10-20x,3-6hrs
7bpFPJqRpb8Wn8VX9rjNLWEsccCTjKqwmJ7wMX89VAzZ,MX,2024-10-29 23:35:00,8.635493355250523,60.0,0.0005422231068941,0.006065643659073,2024-10-29 17:32:53,362.1166666666667,45-60min,5-10x,6-12hrs
7p4CMCdETxQgSBiPqKsefFLVQgd8yHd1VQqQKEAzpump,ELF,2024-10-27 11:16:00,15.705277785859732,53.0,0.0001030946719091,0.0014112187498329,2024-10-27 03:22:48,473.2,45-60min,10-20x,6-12hrs
7wUwkXo8Qjt3cYM8BaHHHeyfDY7ZSn7qvod92pNupump,SL,2024-10-28 04:21:00,20.21155104086681,59.0,0.0002126520078184,0.0042980269099662,2024-10-27 22:20:14,360.76666666666665,45-60min,20-50x,6-12hrs
7xn2T1x7xw5quHmzy2YvFWyFUNwp75fsw5bxiXGRpump,Toad,2024-10-27 11:49:00,9.526628032468938,45.0,0.0001114073269065,0.0007771561867092,2024-10-27 05:36:58,372.03333333333336,30-45min,5-10x,6-12hrs
82zJt2MhzxHejfUDyubm8Qvhko6BGdgUcZnVZvKrpump,emily,2024-10-24 17:11:00,8.380553865709997,4.0,0.0001388407058591,0.000900278420815,2024-10-24 11:47:10,323.8333333333333,0-15min,5-10x,3-6hrs
8SgNwESovnbG1oNEaPVhg6CR9mTMSK7jPvcYRe3wpump,CHAOS,2024-10-25 16:28:00,9.86875356991763,33.0,9.789883751625043e-05,0.0014372335801026,2024-10-24 20:19:35,1208.4166666666667,30-45min,5-10x,>12hrs
8SuMAjoZeLGaaekNHP235Dv4soXsrcseFXefT3A9pump,Colossus,2024-10-28 18:20:00,10.566889458682937,20.0,0.0001890777960588,0.0019887332600796,2024-10-28 12:56:12,323.8,15-30min,10-20x,3-6hrs
8YYrkf1hvL5aCacfLXDvhVfjWZ7ce5NdVt4iLPxYsmdh,bbydev,2024-10-29 22:24:00,8.155536454097891,52.0,5.190953733915174e-05,0.0003315668990419,2024-10-29 16:06:09,377.85,45-60min,5-10x,6-12hrs
8aZuUoqr9rBLjikz7kvpajm1JRqhoWiLMnrNtnRNpump,UP,2024-10-29 18:24:00,6.691126229428246,52.0,3.3063487324615345e-05,0.0007334732364753,2024-10-29 07:23:21,660.65,45-60min,5-10x,6-12hrs
8bLEmTwK8YVW9u6ruvWe8AK9cJBWF5otRik6SPTfpump,elefant,2024-10-29 15:12:00,8.18329526798615,16.0,3.374463775779738e-05,0.0002761423344832,2024-10-29 09:16:04,355.93333333333334,15-30min,5-10x,3-6hrs
8fgDWpQvDQJABP6fN7fDLte9hH4bAppPtxpNG2i3pump,roon,2024-10-15 09:01:00,13.207562582975756,59.0,2.397952125531001e-05,0.0001341156656707,2024-10-15 02:50:54,370.1,45-60min,10-20x,6-12hrs
8iWsK2WH3AGviQwAnt43zvc8yLy6QMUSuv8PK2A7pump,ðŸ§²,2024-10-11 22:24:00,121.44526129421122,60.0,3.783002199367364e-05,0.006069530217749,2024-10-11 16:19:59,364.01666666666665,45-60min,>100x,6-12hrs
8r8xXP3eHgn19HYRX9Qe2AzSaSXrWCj6URAmFpvUpump,HOL,2024-10-27 20:44:00,18.37541934237076,49.0,6.811564743056101e-05,0.0010824803553611,2024-10-27 14:25:18,378.7,45-60min,10-20x,6-12hrs
8sj6CvKd8tZttApYFpDKfTrA2osx1eemhemK1YMbpump,DINGUS,2024-10-16 11:42:00,48.721843468977646,58.0,4.896192577847146e-05,0.0008960270125037,2024-10-16 05:33:25,368.5833333333333,45-60min,20-50x,6-12hrs
8wZvGcGePvWEa8tKQUYctMXFSkqS39scozVU9xBVrUjY,Remilia,2024-10-16 21:13:00,20.79899377275945,52.0,0.0001062980528931,0.0020500000337396,2024-03-28 17:16:21,291116.65,45-60min,20-50x,>12hrs
8x5VqbHA8D7NkD52uNuS5nnt3PwA8pLD34ymskeSo2Wn,ZEREBRO,2024-10-28 20:07:00,41.65972913079939,59.0,6.964775828306048e-05,0.0025767205686471,2024-10-25 00:55:11,5471.816666666667,45-60min,20-50x,>12hrs
8ypJK8k7mYR14sfmiQzuF68mvamu84KtMn1tvcrjpump,fleshbag,2024-10-16 10:54:00,7.765345321889846,29.0,0.0001036346247211,0.0008047586482639,2024-10-16 05:18:17,335.71666666666664,15-30min,5-10x,3-6hrs
93RxvMPjnk7Sjg7U9h5iH7zcXGcNTZ9SPA6KVVqhMG95,SORA,2024-10-29 00:52:00,15.879664690734934,56.0,0.0001310092742448,0.0007967566907198,2024-02-15 21:36:59,368835.01666666666,45-60min,10-20x,>12hrs
95Cm7gDac2tg9f9ou4M5QkqgpeEFBqoqeqBWNy7ByaE2,TORO,2024-10-25 23:31:00,177.26239774346325,59.0,3.321256391443521e-06,0.0006129421345741,2024-10-25 17:26:22,364.6333333333333,45-60min,>100x,6-12hrs
99wXkCkxKPbFdPAr8WSzYWyjRRYYbr2c3xos6Cfvpump,AITANA,2024-10-29 12:25:00,5.466757712162112,45.0,2.2613619706250103e-05,0.0001158992583884,2024-10-29 03:22:40,542.3333333333334,30-45min,5-10x,6-12hrs
9AFJZo69ATfqf6qms3kd2hyDg7wKt1MHhr6dg8Tspump,Rippus,2024-10-29 15:01:00,5.395224541951061,15.0,7.373113306017731e-05,0.0003977960185921,2024-10-28 16:27:20,1353.6666666666667,0-15min,5-10x,>12hrs
9BB6NFEcjBCtnNLFko2FqVQBq8HHM13kCyYcdQbgpump,Fartcoin,2024-10-18 07:08:00,55.544619452141816,57.0,1.43647149405183e-05,0.0010999102252522,2024-10-18 01:05:05,362.9166666666667,45-60min,50-100x,6-12hrs
9FyvApf4t4BXhtT35LqHCeX2oewR1tcP2cNBbqkhpump,TAY,2024-10-29 03:01:00,7.299642212136757,6.0,8.711362464073351e-05,0.0006358982916797,2024-10-28 20:55:32,365.46666666666664,0-15min,5-10x,6-12hrs
9Gsw9iw1ZVa3vbaUiGinKWnFT3SV6VW4giKrzXNQpump,Chopin,2024-10-29 08:56:00,11.617019735440325,12.0,4.318100822450329e-05,0.0005016346247402,2024-10-29 03:30:35,325.4166666666667,0-15min,10-20x,3-6hrs
9HjsPutyGGPpxnRn4ibH1hTfPvitAY5EPvtAwGFkpump,GTA,2024-10-29 15:05:00,14.837776600880373,45.0,6.962880172718408e-05,0.0010331366050149,2024-10-28 22:00:35,1024.4166666666667,30-45min,10-20x,>12hrs
9JhFqCA21MoAXs2PTaeqNQp2XngPn1PgYr2rsEVCpump,OPUS,2024-10-13 12:08:00,24.862643646258885,60.0,0.0001175525763509,0.0023109106390888,2024-10-13 05:55:46,372.23333333333335,45-60min,20-50x,6-12hrs
9KhBNo1FoYyWbU8WdrPVzA1z1MVSEZ9VCVBEqWzrpump,CELL,2024-10-29 23:47:00,7.031486389041312,17.0,0.0001300634062291,0.0009145390706128,2024-10-29 18:09:25,337.5833333333333,15-30min,5-10x,3-6hrs
9MnKTgwFyXJgnZumHGT9NdHuzm98ACjkNwpLniLhpump,fun,2024-10-22 02:18:00,91.49984067956018,49.0,0.0001346316212185,0.014906853364965,2024-10-21 20:22:29,355.51666666666665,45-60min,50-100x,3-6hrs
9PR7nCP9DpcUotnDPVLUBUZKu5WAYkwrCUx9wDnSpump,Ban,2024-10-25 15:50:00,260.04267804542025,51.0,6.854984751333569e-05,0.0072944154249859,2024-10-25 09:04:17,405.71666666666664,45-60min,>100x,6-12hrs
9Q3no5oBzJW37TgcBP22F6SVZCtsc3G3RHELSbbgpump,Shitcoin,2024-10-30 02:22:00,6.813297296894367,60.0,6.259147610302553e-06,4.198450870409056e-05,2024-10-29 16:30:54,591.1,45-60min,5-10x,6-12hrs
9TY6DUg1VSssYH5tFE95qoq5hnAGFak4w3cn72sJNCoV,DOGE,2024-10-29 14:01:00,5.729068099642944,48.0,0.0241227962763793,0.1382011426211907,2024-10-29 04:49:07,551.8833333333333,45-60min,5-10x,6-12hrs
9WXNvkvub2Fvg88n8mLD3iywpLmfhRZHZmdf8CGhpump,praiseAI,2024-10-25 23:45:00,5.9493251779324,10.0,0.0001714130703549,0.0013195579011535,2024-10-24 13:11:59,2073.016666666667,0-15min,5-10x,>12hrs
9Z3LF3ymEVwCPLd9uBda9ieySYKVK7MzukPRGHDPpump,Gacha,2024-10-29 11:55:00,17.555228446808663,33.0,0.0001706240735471,0.0027574737921899,2024-10-29 05:43:58,371.03333333333336,30-45min,10-20x,6-12hrs
9d9nFy1S4YRijRT2LH8GvV6KYk52ktbFcXtmsyc3pump,ARI,2024-10-27 23:12:00,10.026545904836308,56.0,5.011575655862789e-05,0.0004395361152313,2024-10-27 16:55:01,376.98333333333335,45-60min,10-20x,6-12hrs
9ej363VCux3fGh9P3nZon5v6FVBWHP5BJUweBraxpump,PRIYA,2024-10-29 14:12:00,5.17459672285124,2.0,3.001908248384744e-05,0.0001553366458439,2024-10-29 09:05:10,306.8333333333333,0-15min,5-10x,3-6hrs
9jZgvgS2bWtQiYzv48GcWzY4tnkeRSANbTm8Kp1LmSyS,SHAR,2024-10-23 15:15:00,6.267065790480038,54.0,0.0094479875790253,0.0592111597453902,2024-10-23 09:14:24,360.6,45-60min,5-10x,6-12hrs
9oswXoLd3iWNM3ncyqNaLtDTSyEaj8mZR1Qu3SoGpump,YGG,2024-10-22 23:39:00,65.44570489975965,45.0,2.5232331320206857e-05,0.0010238061291023,2024-10-22 17:29:57,369.05,30-45min,50-100x,6-12hrs
9pWPUXoZKWNPWyaegPQeR3Kn8aFz9nrGtm5jeAFzpump,WMM,2024-10-21 20:37:00,22.628645608814,56.0,4.564467068490411e-05,0.0024845079702516,2024-10-21 14:10:13,386.78333333333336,45-60min,20-50x,6-12hrs
9q7dTw5oHvwC6frzaphxYhRNTRivp3BJGGxaXFqTZgUV,FUCKGOAT,2024-10-28 20:57:00,7.512779086790656,58.0,8.883010496339067e-05,0.0006673609548463,2024-10-28 14:24:42,392.3,45-60min,5-10x,6-12hrs
9tfvk9yCRV2sjFmWJPsGWrKLh2kAxX4jka2oAnvGpump,GAMBOL,2024-10-28 23:07:00,5.414750479553872,43.0,3.047263443177727e-05,0.0001650017119027,2024-10-28 17:08:45,358.25,30-45min,5-10x,3-6hrs
A6zsgi4fQXXFsqDGfoPTUduiDTRnttegF9Xsj7Jif7UF,GRA$$,2024-10-08 10:04:00,18.32479806661998,60.0,1.0003321961857372,18.330885494642114,2024-10-07 23:57:04,606.9333333333333,45-60min,10-20x,6-12hrs
A7uv3n1By5UNEa8UJqeCjGyLqHkMnkS1NP6K67VZBqd3,MEN,2024-10-17 13:50:00,6.904372176592024,7.0,9.339882949604178e-05,0.0006448602796987,2024-10-17 08:41:15,308.75,0-15min,5-10x,3-6hrs
A9e6JzPQstmz94pMnzxgyV14QUqoULSXuf5FPsq8UiRa,FIJI,2024-10-22 05:27:00,52.80775695393845,51.0,2.314006474117408e-05,0.0071112751662455,2024-10-21 23:27:50,359.1666666666667,45-60min,50-100x,3-6hrs
ABHQGzXNoRbJ1sjUsCJ2TmTAo1uMx4EUpV1qYiSVpump,ruby,2024-10-21 22:30:00,6.584925788775549,4.0,3.010337846748381e-05,0.0001982285131998,2024-10-18 02:22:40,5527.333333333333,0-15min,5-10x,>12hrs
AXva21icgQyqMfGhCH9YTdHRQNRNzZs3jWKgg5EwxyGq,SKK,2024-10-29 21:14:00,8.024028763538203,13.0,5.9540063599519134e-05,0.0004777511829054,2024-10-29 15:47:58,326.03333333333336,0-15min,5-10x,3-6hrs
AjqNDnWMb7W1dnMsmPdMWaPjTn2hidAT5GVERCdApump,GLIM,2024-10-29 10:28:00,5.269720945489134,60.0,9.728604733925283e-06,4.943920637751842e-05,2024-10-28 23:09:09,678.85,45-60min,5-10x,6-12hrs
AqpJ2uRYEFdmsL1gZuQoMkWof8YRuuBVMm8dkNK7pump,tokidoki,2024-10-28 20:50:00,6.332641608181831,60.0,3.0906441540232794e-05,0.0004252934882155,2024-10-28 12:13:25,516.5833333333334,45-60min,5-10x,6-12hrs
AtppVwA15CUsymGtCtZdFmpNqNrkWqmW3hSbC4uWBQa2,BLESS,2024-10-29 20:52:00,6.27896934333099,44.0,1.174608140081041e-05,7.353708874454422e-05,2024-10-29 13:07:58,464.03333333333336,30-45min,5-10x,6-12hrs
AwptL2WRgSKXYpgg7vkKKw5GmRr8SjW8vDYFoYoUpump,AIGOD,2024-10-17 10:20:00,9.886661314218916,24.0,6.988919338178152e-05,0.0005515217297399,2024-10-17 04:26:37,353.3833333333333,15-30min,5-10x,3-6hrs
BAmHS42JqR51sZ6oqPhj4pcqi6dFFYDka77P4Q22pump,Malakai,2024-10-25 22:33:00,26.32436772876746,35.0,6.521974269479066e-05,0.0017168684898732,2024-10-25 15:57:10,395.8333333333333,30-45min,20-50x,6-12hrs
BGaumRqjesfv7jHecTG4cZJNJKt4eJGpTPeFqt3rpump,Gapeape,2024-10-16 21:55:00,5.988842188751474,33.0,1.3056518193576683e-05,0.0001279292302624,2024-10-16 14:46:51,428.15,30-45min,5-10x,6-12hrs
BKjCZPiN5CgB97sndGNFH3rPiGWP1i6WmUN6uDcbpump,HNYAN,2024-10-29 05:10:00,7.435692056158288,36.0,1.5424253413762515e-05,9.099993790825142e-05,2024-10-28 21:53:14,436.76666666666665,30-45min,5-10x,6-12hrs
BTdGTUjHz5FUSf91Ufo9L9r4LFMTRhE1qDtvUUfypump,ProjectSid,2024-10-28 02:12:00,43.750576841766765,17.0,9.342158151913813e-06,0.0049807941139834,2024-10-27 20:52:36,319.4,15-30min,20-50x,3-6hrs
BWxRRwx2WwsJqihxoK8GVNRKKWD2Pp1DsmWXQ2NuuY3V,BITCHBOT,2024-10-28 07:23:00,16.919488873005466,46.0,1.0715332559211268e-05,0.0002374062474426,2024-10-28 01:33:48,349.2,45-60min,10-20x,3-6hrs
Bb7ZnqoTaLBubW3Pqmyp45FGmQ1iGrBs3AfL5zWQpump,HIMARI,2024-10-29 09:19:00,7.290348543440457,60.0,4.032957301921893e-05,0.0003890195149633,2024-10-29 02:26:26,412.56666666666666,45-60min,5-10x,6-12hrs
BcnQmjHhapKwGCeWTZD8R9gHHFLqPwx8EdxmXmJCpump,THRONE,2024-10-29 15:40:00,5.419144589993654,23.0,4.880911673050696e-05,0.0002615088448087,2024-10-29 10:13:12,326.8,15-30min,5-10x,3-6hrs
BfdVHnbt9LSNAFCZU9kvTjbrH3jX78sv2siLKGQ7pump,koto,2024-10-22 15:57:00,60.39526081147327,48.0,0.000199943509541,0.0038052973646376,2024-10-20 01:06:46,3770.233333333333,45-60min,50-100x,>12hrs
BmnUU9r1F9PJm4N5z9Pv4Ev7Exp8DxYiL2NVQoKSrsS7,Kromem,2024-10-21 14:40:00,7.534262771571069,26.0,3.8190047264599934e-05,0.0024770417210061,2024-10-21 08:53:33,346.45,15-30min,5-10x,3-6hrs
BnCdcooM2rBFj5PqouWsqZ8ke2QpbRW8adfoejuYpump,RNA,2024-10-29 06:54:00,37.2745009730018,25.0,5.07188692477248e-05,0.0002650080224572,2024-10-29 01:23:08,330.8666666666667,15-30min,20-50x,3-6hrs
BoAQaykj3LtkM2Brevc7cQcRAzpqcsP47nJ2rkyopump,FOREST,2024-10-15 22:15:00,12.955635217367645,47.0,4.164364126918908e-05,0.0009173608791442,2024-10-15 16:20:28,354.53333333333336,45-60min,10-20x,3-6hrs
BoBj68cWnCvzMNUKzJyR7Jq7tLM3v76D1pYL1E8rpump,TateAI,2024-10-24 07:58:00,41.53303384243839,56.0,9.640147493977628e-05,0.0046343185410696,2024-10-24 01:53:47,364.21666666666664,45-60min,20-50x,6-12hrs
BoyAq9YacyJQn96e3SM4GQrxKQEHuLXs8sA3V4aspump,Eve,2024-10-29 14:34:00,5.037346305926952,4.0,7.023165845629395e-05,0.0003537811852839,2024-10-29 09:25:08,308.8666666666667,0-15min,5-10x,3-6hrs
BvKs9ojkYftYCRrsMFZrQmQ68WxbWqP2qa1y9ep271A2,HC,2024-10-29 23:18:00,8.727766210063685,57.0,8.873117259805767e-06,7.744249299806564e-05,2024-10-29 17:05:39,372.35,45-60min,5-10x,6-12hrs
BvSyXBvy76mUgzLSbvvT4NQw5rSM4P5zAsdnvqUJpump,SDOGE,2024-10-08 00:55:00,65.15029067896666,60.0,5.588433412081861e-05,0.0027926615613071,2024-10-07 17:48:31,426.48333333333335,45-60min,50-100x,6-12hrs
Bw5oXrdwFH8zmewejTVBa5364qFSyA7kskSg69LZpump,Xin,2024-10-28 20:52:00,8.263778844610897,60.0,6.0882439576813945e-06,5.117791432594813e-05,2024-10-28 12:20:23,511.6166666666667,45-60min,5-10x,6-12hrs
Bz4MhmVRQENiCou7ZpJ575wpjNFjBjVBSiVhuNg1pump,Project89,2024-10-24 13:24:00,55.24830884773116,23.0,1.767238148531613e-05,0.0022736155422303,2024-10-24 07:46:47,337.21666666666664,15-30min,50-100x,3-6hrs
Bz7vVzQhm2KMW1XgcrDruYega1MiwrAs1DQysrx4tFkp,WAP,2024-10-07 23:57:00,6942.9082705358,57.0,2.946954144295701e-06,0.0204604323013203,2024-10-07 17:58:31,358.48333333333335,45-60min,>100x,3-6hrs
C4j7kPx9PqDnfvxe2uycJQRTAeyGwmU4DyGf21Xgpump,MD,2024-10-17 22:39:00,7.089195552575,15.0,6.022407105920935e-05,0.0004269402167109,2024-10-17 17:19:50,319.1666666666667,0-15min,5-10x,3-6hrs
CBAZNZrZtiBB3GToBqCZ9sRiXZV1z81F6ncH9Exqpump,gs,2024-10-29 14:59:00,5.114794034872886,14.0,2.8432146941666437e-05,0.0001454245755758,2024-10-29 01:09:05,829.9166666666666,0-15min,5-10x,>12hrs
CBdCxKo9QavR9hfShgpEBG3zekorAeD7W1jfq2o3pump,LUCE,2024-10-28 17:19:00,55.82955540852137,59.0,0.0001226948984527,0.0078372760290543,2024-10-28 11:13:09,365.85,45-60min,50-100x,6-12hrs
CCEmLiB7qJP59q5PbqHerP3th7bUAG9kPft9ePwYpump,Mark,2024-10-22 15:02:00,63.04773069336869,59.0,0.0001439703905886,0.0051794680074346,2024-10-22 08:05:24,416.6,45-60min,50-100x,6-12hrs
CG5e8otTfszRTZRTNy4WQq5VaLsZW7tuDKMGHJVZpump,BARK,2024-10-28 19:58:00,18.615272908997053,52.0,2.3263146795576255e-05,0.0001766003187811,2024-10-28 13:52:02,365.96666666666664,45-60min,10-20x,6-12hrs
CLLNTfuCHWAfRzo7utGPcZ6qjcwkDrSVyPVywCUSpump,TV,2024-10-28 08:32:00,33.196000674522175,60.0,1.202492518529343e-05,0.0004035234308389,2024-10-28 01:41:04,410.93333333333334,45-60min,20-50x,6-12hrs
CUzSRjBvqFFq45mg6j9oyQrDxyUTHEKM2xqKzDkZpump,SYDNEY,2024-10-17 04:20:00,42.96397401266224,54.0,5.830302084644488e-05,0.0025049294725063,2024-10-16 22:19:56,360.06666666666666,45-60min,20-50x,6-12hrs
CXfErCqD2ufoZZ7791sRetSiMkeFSH6oKAjW7ERdpump,pig,2024-10-26 01:01:00,18.04813910049138,51.0,8.022216541138905e-05,0.0017453878688879,2024-10-25 19:06:25,354.5833333333333,45-60min,10-20x,3-6hrs
Ca8AnVoDbwv31gddMHVyNLpHWYkGRRQFoXCcfe4gpump,BILL,2024-10-29 16:10:00,6.112605350735768,35.0,8.360002454302768e-05,0.0005110139573433,2024-10-29 10:31:52,338.1333333333333,30-45min,5-10x,3-6hrs
CaPS8EpC78RsnDdjNfZGd7Wjdg9156ijvC1aFcA1pump,BUIO,2024-10-29 23:25:00,16.659718642006755,53.0,8.517933159254562e-05,0.0022735795417872,2024-10-29 17:28:30,356.5,45-60min,10-20x,3-6hrs
CcTxy8iD42BR4PGA3MV3SdMfa8snn2rRgvXJfdDypump,KAORI,2024-10-16 07:56:00,5.954169939469552,33.0,6.846027395945213e-05,0.0004076241052572,2024-10-16 02:20:36,335.4,30-45min,5-10x,3-6hrs
CefZxozhhxK88XPJoeWBczYSaBPd35tsKnziTH6Cpump,KIRA,2024-10-27 15:12:00,7.8819176611953905,47.0,0.0006028914139313,0.0047519404832485,2024-10-27 09:20:40,351.3333333333333,45-60min,5-10x,3-6hrs
CgtPwSv6w9GmP83p1ctaBMrsSwM7b4WbYvGUchw9pump,BORK,2024-10-29 00:43:00,6.040236475633424,14.0,5.230471971390335e-05,0.000309766395077,2024-10-28 19:25:10,317.8333333333333,0-15min,5-10x,3-6hrs
Ci6Y1UX8bY4jxn6YiogJmdCxFEu2jmZhCcG65PStpump,$RATi,2024-10-14 10:00:00,23.88892726830531,60.0,2.698382879567649e-05,0.0026484417869424,2024-10-14 03:09:53,410.1166666666667,45-60min,20-50x,6-12hrs
CnTFQGX95Kw6XJVHxGgyWQoLrrU4o8UaEwDzE7D2pump,BIOCHAD,2024-10-26 21:52:00,7.243292218567074,59.0,0.0001373652095757,0.0012874224469082,2024-10-25 21:49:31,1442.4833333333333,45-60min,5-10x,>12hrs
CoseJDEHxsfjjQs5CaXWGd4PH2irHam2FxeuwN2jyAL9,POPFROG,2024-10-17 01:39:00,1115.1683799607954,10.0,1.942670660056325e-06,0.0021664048927723,2024-10-16 20:14:42,324.3,0-15min,>100x,3-6hrs
CrAgb7mMQK52887zGzkDJs4HJbithMWfhcsCQBWSpump,Catholic,2024-10-29 16:09:00,7.733918693675908,10.0,7.73161040194407e-05,0.0003948063190512,2024-10-29 10:09:34,359.43333333333334,0-15min,5-10x,3-6hrs
CsT44i2W2MWp23WQ2EqjorxZVVzuN4niw1cj1Qr5pump,Trina,2024-10-29 13:26:00,6.731338746796413,6.0,3.746796858960568e-05,0.0002522095887309,2024-10-29 08:13:58,312.03333333333336,0-15min,5-10x,3-6hrs
CzLSujWBLFsSjncfkh59rUFqvafWcY5tzedWJSuypump,GOAT,2024-10-10 21:35:00,74.0650197816791,16.0,2.2640209899017424e-05,0.0039757147812053,2024-10-10 16:08:26,326.56666666666666,15-30min,50-100x,3-6hrs
D1RHzBk3rQeCgT9ZdDjEYhfQ8pUTpRj1r2daUExutXTt,TRUMPKIN,2024-10-29 21:02:00,8.000808870048772,38.0,9.56613015685278e-06,6.593316129069584e-05,2024-10-29 15:00:42,361.3,30-45min,5-10x,6-12hrs
D1hTw3FDvNFcBrZJo62Z6TBVEGsRAbPdahU5Nv8Cpump,CHIEF,2024-10-29 21:37:00,11.461816290432994,18.0,0.0001643181640415,0.0018833846094251,2024-10-29 16:03:34,333.43333333333334,15-30min,10-20x,3-6hrs
D8Uf5HeqqJDACDSdrVTq262UDHZUppEjFEGsBXxppump,DOG,2024-10-28 19:01:00,6.113799655689118,57.0,0.0001297072279822,0.0007930040057781,2024-10-28 08:18:49,642.1833333333333,45-60min,5-10x,6-12hrs
DFqZEP3MtYKqPuJx1A8tjuQDZNwdtfn9EePYopZFpump,kumamon,2024-10-29 03:58:00,5.5857395976904245,5.0,5.0605089370012185e-05,0.0002826668515387,2024-10-28 22:43:58,314.03333333333336,0-15min,5-10x,3-6hrs
DFy12AkbxKnR2s2gaYz1AvxgxqGDrMEjjzK1GG3Ypump,choccy,2024-10-24 18:04:00,6.726399592983326,3.0,0.0001865676644409,0.0010504825971742,2024-10-24 12:59:10,304.8333333333333,0-15min,5-10x,3-6hrs
DPEPsFbcwLhNQP9RWZDCaQUnDtdRjRCAom5gLWa5pump,IOLY,2024-10-15 04:48:00,8.667943549741688,29.0,5.922854057418032e-05,0.0002990762432233,2024-10-14 22:40:44,367.26666666666665,15-30min,5-10x,6-12hrs
DPfhZt2wjTYTsA3JjNEJCDyX3Rn1ef8sbje6AMGDpump,soliloquy,2024-10-14 17:25:00,22.06978415225964,20.0,0.0001528041691609,0.0013001501123514,2024-10-14 12:01:14,323.76666666666665,15-30min,20-50x,3-6hrs
DfM9er5w34UT5rKDYm3HD1WMPWYYW3NTGhCbrXufpump,CRUMBS,2024-10-29 01:32:00,7.1267242017248025,60.0,2.375024025482223e-05,0.0001692614120208,2024-10-28 10:13:19,918.6833333333333,45-60min,5-10x,>12hrs
DjjR9m7hRi8FckyaLQMxFNxftSdefme9SzA7zS5ED6F9,AGRY,2024-09-30 18:29:00,6.832773239202901,60.0,0.0823267304398314,0.5625198806203512,2024-09-27 03:02:50,5246.166666666667,45-60min,5-10x,>12hrs
Dogg6xWSgkF8KbsHkTWD3Et4J9a8VBLZjrASURXGiLe1,DOGAI,2024-10-15 21:12:00,5.421893058845131,60.0,3.4180944361510515e-05,0.0001853254249784,2024-10-15 14:21:17,410.71666666666664,45-60min,5-10x,6-12hrs
DqWbfzoFmZPrrQP7MdqYvwZbCkBNu2fSSaJqUrqEVYyX,$FF,2024-10-29 18:53:00,21.742786519079356,26.0,0.0005846912198274,0.004845724883353,2024-10-29 13:23:54,329.1,15-30min,20-50x,3-6hrs
DqwYJXj2oDY545oAQgfh6x6cMKqEM97BoErdF3hSpump,BEWARE,2024-10-29 20:00:00,21.526787010788617,22.0,6.819332833388005e-05,0.0019494670209322,2024-10-29 13:09:57,410.05,15-30min,20-50x,6-12hrs
Drd6JuPM9h6vSbk6jpbVoMbPYiBZonsEsHFSmhigMEgQ,imagine,2024-10-29 09:19:00,5.371349225740786,58.0,0.000222135482539,0.0011931672521458,2024-10-29 00:30:38,528.3666666666667,45-60min,5-10x,6-12hrs
Ds4tykSf8vESCZPDLznadsfPXNgPzU5mVwc3oXXFwX5t,AIMAGA,2024-10-25 23:04:00,50.03359241166664,48.0,4.2228916320277056e-06,0.0002235712482804,2024-10-25 17:08:14,355.76666666666665,45-60min,50-100x,3-6hrs
DwDtUqBZJtbRpdjsFw3N7YKB5epocSru25BGcVhfcYtg,WORM,2024-10-24 06:44:00,72.30922911138045,59.0,0.0001168503842697,0.0056726138696571,2024-10-24 00:41:48,362.2,45-60min,50-100x,6-12hrs
DwGJNktdqxH2n6rvQ2MYbMFNzxp8zD5EEGEU59Qapump,/higher,2024-10-29 03:25:00,5.006420801949549,19.0,1.968365485715911e-05,9.854465913527664e-05,2024-10-28 19:48:19,456.68333333333334,15-30min,5-10x,6-12hrs
Dx3Tb5DXfHEaaKejcerYtpQx7h5qUiikwBhkqTWrpump,KAPWING,2024-10-29 05:50:00,10.30640397943675,29.0,0.0030962859297849,0.0215989392948441,2024-10-28 20:33:56,556.0666666666667,15-30min,10-20x,6-12hrs
Dzjy3hSeRKfCmgVcNheyHN8hi4zDCPT9mXH13GJVpump,HB,2024-10-29 17:58:00,7.965308084246999,13.0,0.0001436079157019,0.0007274289298497,2024-10-29 12:21:16,336.73333333333335,0-15min,5-10x,3-6hrs
E1vpyG4Yy7FV4Y1aGvGkRV5PH38JrEZv2QUm8PEdpump,DRZZ,2024-10-28 03:28:00,6.397928575233857,15.0,7.140931126558425e-05,0.0003633819087818,2024-10-27 19:34:20,473.6666666666667,0-15min,5-10x,6-12hrs
E6AujzX54E1ZoPDFP2CyG3HHUVKygEkp6DRqig61pump,Pochita,2024-10-02 17:10:00,22.348874063759027,60.0,0.000621727964869,0.0203290583590497,2024-10-02 11:05:19,364.68333333333334,45-60min,20-50x,6-12hrs
E83nfay8WhS9bKAQEdBbCi73XvSwmLeWGXUs5qHupump,PIXEL,2024-10-29 22:52:00,6.034883552064263,41.0,3.636745685555171e-05,0.0002194733672079,2024-10-29 17:01:45,350.25,30-45min,5-10x,3-6hrs
E8F25YPZv8128TheGJxfa2XMAZZyTQRYBfSaVfszpump,ðŸ†™,2024-10-29 21:48:00,5.444001940709512,28.0,6.247995137230053e-05,0.0003401409765262,2024-10-29 15:30:40,377.3333333333333,15-30min,5-10x,6-12hrs
E8XbEd58s12PzTyCWmFpWTTrmr46AhT8beVhdps3pump,CA,2024-10-28 20:01:00,7.797017766289806,20.0,0.0001099972221937,0.0008576502956869,2024-09-04 03:54:11,78726.81666666667,15-30min,5-10x,>12hrs
E9D6L8hM9ZDZPdMo9vAjtWAGEasXdEfaK45bsBsApump,DrDev,2024-10-29 15:58:00,8.29833413221541,60.0,7.147984296885472e-06,0.0001344203671914,2024-10-29 07:44:21,493.65,45-60min,5-10x,6-12hrs
EB8uJb7PfZhEGgLxzTURemxoXMHAEvAnbNi48JQhpump,$KID,2024-10-20 03:49:00,6.381680534421128,60.0,2.78586913662067e-05,0.000154691525492,2024-10-19 10:48:48,1020.2,45-60min,5-10x,>12hrs
EJdD2Tx4MWzbhjMRAHpTPt7xHTr9wKyDqQtnXH2wpump,ddog,2024-10-29 16:39:00,11.004968700966478,10.0,4.613698145124357e-05,0.000448944497505,2024-10-29 11:19:44,319.26666666666665,0-15min,10-20x,3-6hrs
EYrci5wDqErWHXjKPLxeWtbXq36JcFKzCC7JoMi1pump,Child AI,2024-10-15 02:26:00,16.03590415520521,13.0,3.249829636076041e-05,0.0007887873257322,2024-10-14 21:04:57,321.05,0-15min,10-20x,3-6hrs
EegQmCFNWdhZsh75XUdW2TaM8S13LAGf6JzNgHpxpump,pixy,2024-10-29 13:03:00,6.487619809213414,14.0,4.34507830313652e-05,0.0002818921607201,2024-10-29 07:44:01,318.98333333333335,0-15min,5-10x,3-6hrs
EijUb7SgZgoyCe2KF8BzTsyrPH7DrAaZYNVD67SGpump,HELGA,2024-10-24 15:37:00,7.951270367788783,60.0,5.1433331523464246e-05,0.0004125407855362,2024-10-24 05:52:47,584.2166666666667,45-60min,5-10x,6-12hrs
EswvJvhPy8A8rWPdLJ5ATYW6cY5x483oS4QWWroZpump,FRIDGE,2024-10-29 05:36:00,7.765680683225976,37.0,0.0002214681538468,0.0017198509642784,2024-10-28 22:19:56,436.06666666666666,30-45min,5-10x,6-12hrs
EtKQEWWWGJz6AuCnfovQJ1wFB8Hxs2P3Zqz7cM1rpump,FE,2024-10-29 14:52:00,9.211504460307289,27.0,6.305429518085739e-06,5.8082492130000025e-05,2024-10-29 08:03:58,408.03333333333336,15-30min,5-10x,6-12hrs
ExffBfDNutj92PvrVLswsxx9JM6mjZ21dv3t9VWFkW5r,DOGUE,2024-10-29 19:37:00,6.202521131265177,17.0,2.0985714189338907e-06,1.3016433571406603e-05,2024-10-29 14:02:48,334.2,15-30min,5-10x,3-6hrs
EyDSYZM8RYQUc7ux41dNmR7BRk7tMzYnWmYeiKzCpump,ANDY,2024-10-29 09:34:00,11.139402413769712,60.0,1.097957349291454e-05,6.689208824242736e-05,2024-10-29 02:35:01,418.98333333333335,45-60min,10-20x,6-12hrs
F4aLcMxQy6CPcXAuER3J5QgB89n4fqBMs2bcrqQBpump,BABYGOAT,2024-10-25 12:22:00,6.309709965065155,59.0,7.37266442762403e-05,0.000370795112667,2024-10-25 05:14:03,427.95,45-60min,5-10x,6-12hrs
F4tSZWLqbDB5DFWAjDx5BhQD4KZ5UwscjyVD77Wtgwn7,sphere,2024-10-30 08:45:00,7.982444779552074,60.0,3.7315006734476937e-06,2.978649807065759e-05,2024-10-29 17:51:14,893.7666666666667,45-60min,5-10x,>12hrs
F5hqdbykXuksp8P78CAZenSvpPShAYKrP2U2MiZMdgFN,bop,2024-10-24 17:04:00,6.404377700789074,45.0,2.9192990103807163e-05,0.0001733441329823,2024-04-02 00:42:22,296181.63333333336,30-45min,5-10x,>12hrs
F8btFvgEKbsBvgornHg7Yb4QUgtceiyFeEaMZVQopump,Patchouli,2024-10-29 15:32:00,8.239822375926945,13.0,3.100877715393366e-05,0.0001724673813064,2024-10-29 10:13:10,318.8333333333333,0-15min,5-10x,3-6hrs
FAJW358HjJ2mHXSHbHyxghfVGzX5SBoupdjRr2y9pump,sonny,2024-10-07 16:46:00,6.862164861909764,60.0,4.085200504760809e-05,0.0002077823812669,2024-10-04 17:13:15,4292.75,45-60min,5-10x,>12hrs
FAS87Vmmejcf5RBtpfGZ8vPAjR2VuUZJ6Sojf8Jgpump,MOLANG,2024-10-29 14:36:00,5.486998186715257,8.0,3.447505759815248e-05,0.0001891645785279,2024-10-29 09:17:57,318.05,0-15min,5-10x,3-6hrs
FJWNxkJ9PRQSzF7b8Mfgp72Xra3rdiRuBmL4udQGpump,BACON,2024-10-28 21:20:00,8.450431640175252,49.0,4.692544049612201e-05,0.0002988119596716,2024-10-28 14:28:14,411.76666666666665,45-60min,5-10x,6-12hrs
FKhgikDbGfqFmYxrywtjz28zCHpJaAEyQAZS9X43pump,$duck,2024-10-29 16:22:00,5.225261772816606,9.0,0.0001834736323952,0.0009586977576749,2024-10-29 07:48:22,513.6333333333333,0-15min,5-10x,6-12hrs
FQ1tyso61AH1tzodyJfSwmzsD3GToybbRNoZxUBz21p8,vvaifu,2024-10-18 17:45:00,20.81289826607444,47.0,0.000215208379079,0.0021516894929134,2024-10-18 11:52:44,352.26666666666665,45-60min,20-50x,3-6hrs
FS3GYZEzE3zS1NdtCRfzrtc2fY7SWxk91b8Z843vpump,MORDUK,2024-10-28 17:59:00,7.855203979175432,60.0,4.063463519676047e-05,0.0004624882811364,2024-10-28 11:42:50,376.1666666666667,45-60min,5-10x,6-12hrs
FTSKFUft1b6p5AtivKfmPdyq7PvEm487PNYS93mjLKze,CUTE,2024-10-28 23:30:00,13.877823309446391,60.0,2.366581141346924e-05,0.0007011293364455,2024-10-28 16:45:28,404.53333333333336,45-60min,10-20x,6-12hrs
FTgzfmjd8apaVRgVnXqZSD4xTC99SzobfQBBDXL6E8yb,Fiveish,2024-10-29 18:22:00,7.670170336766192,7.0,6.259444984895078e-05,0.000352061024862,2024-10-29 12:11:41,370.31666666666666,0-15min,5-10x,6-12hrs
FaGU9cdfdRpy3LREbwMzES2pGCNJGKfMYMeDWx8Jpump,ANDYCHAOS,2024-10-29 12:06:00,5.512490071460343,4.0,2.387751694857053e-05,0.0001316245751101,2024-10-29 06:59:10,306.8333333333333,0-15min,5-10x,3-6hrs
FfgtU4bMte3JRZGX7kcNVywxiGoSqUTga8eZxTSFpump,Alpaca,2024-10-28 22:30:00,11.969693094442505,32.0,5.9131382125330944e-05,0.0007077844962904,2024-10-28 16:24:17,365.71666666666664,30-45min,10-20x,6-12hrs
FknQRrLBxWMPh7ep5PTSnGxAZh21btbMzgYgyGXopump,SKK,2024-10-29 21:18:00,10.024252340085413,6.0,6.070920711251346e-05,0.0006085644114623,2024-10-29 16:05:21,312.65,0-15min,10-20x,3-6hrs
Fof1DyVSYiQGCnT3uTbmq8kQMPdwL35x1bD82NaTs9mM,Santino,2024-10-28 20:26:00,5.217726297605631,48.0,0.0001541628975565,0.0008043798046959,2024-10-28 12:02:51,503.15,45-60min,5-10x,6-12hrs
Fosp9yoXQBdx8YqyURZePYzgpCnxp9XsfnQq69DRvvU4,MEDUSA,2024-10-14 13:47:00,31.282387212017312,51.0,9.428962758222076e-05,0.0020370572413652,2024-10-14 06:53:28,413.53333333333336,45-60min,20-50x,6-12hrs
FqvtZ2UFR9we82Ni4LeacC1zyTiQ77usDo31DUokpump,$slop,2024-10-21 00:08:00,29.43086661838357,60.0,0.0001026201990605,0.0261960816215275,2024-10-18 14:17:57,3470.05,45-60min,20-50x,>12hrs
FskzSqy7Pi1f3nWorr4WhhQboxzyv8fv6Q2e8xyDpump,morud,2024-10-06 23:39:00,6.90881011213328,24.0,4.3939483426670365e-05,0.0005746647751469,2024-10-06 18:07:24,331.6,15-30min,5-10x,3-6hrs
G1vp8ujZUVTpikqmzEjzBWYkn66WnErvT1eqXP36pump,DOGE,2024-10-29 03:26:00,9.0571454979307,9.0,2.871273634158037e-05,0.0002600554306894,2024-10-28 22:11:57,314.05,0-15min,5-10x,3-6hrs
G3yaz4QgV5CeyDXgWUbjDA3StSSuPLnfgu12sWnEGWsS,BLOOP,2024-10-20 22:18:00,7.956386034895758,60.0,2.725862311478573e-05,0.0001908447261662,2024-10-20 15:39:59,398.01666666666665,45-60min,5-10x,6-12hrs
G5YeXa56Bnd5aVpKSUcD92yVsigQY92mNCcLG7QUKGkG,TORO,2024-10-29 02:05:00,5.073462905143547,60.0,5.457800992779565e-05,0.0002768995088052,2024-10-28 19:42:02,382.96666666666664,45-60min,5-10x,6-12hrs
GFGSBt8NUqXa6w33dScPXoJQsq7iNpjLXaB7FNj5pump,01,2024-10-19 23:33:00,8.930150737543348,28.0,5.969555571599221e-05,0.0005330903109052,2024-10-19 17:28:15,364.75,15-30min,5-10x,6-12hrs
GGHga4iRCxEvq9Ky4MNwk9amTbLLg53bBHcSjpJLpump,GREEN,2024-10-19 00:19:00,20.35440224284629,60.0,1.96846235184231e-05,0.0006336773823003,2024-10-18 17:31:38,407.3666666666667,45-60min,20-50x,6-12hrs
GJAFwWjJ3vnTsrQVabjBVK2TYB1YtRCQXRDfDgUnpump,ACT,2024-10-19 12:24:00,43.815253341410525,48.0,0.0001486539913047,0.0358547322005565,2024-10-19 06:27:09,356.85,45-60min,20-50x,3-6hrs
GJRgAWJ56BxvYcaeCQJJhxgxzxfNYBRhPRuY4rY3pump,Sonny,2024-10-04 06:59:00,6.191299593199929,7.0,4.0574015514975245e-05,0.0002512058857523,2024-10-04 01:48:08,310.8666666666667,0-15min,5-10x,3-6hrs
GPF3b1vrWJfpaNNAXqTDLLnSRHTMG6auWonK3LAWpump,D.O.G.E,2024-10-29 04:18:00,53.78391443034641,60.0,6.157794513858449e-05,0.0014044760504176,2024-10-28 22:12:33,365.45,45-60min,50-100x,6-12hrs
GRWYUdAuWNzAWUCjCVCgaWwQYg5CD6w7eJEEELjApump,Maia,2024-10-29 10:02:00,7.869014461412997,30.0,2.614363258286873e-05,0.0001308440924079,2024-10-29 04:26:31,335.48333333333335,15-30min,5-10x,3-6hrs
GT7ksoBf5XpceDEitBNbay7U13zqwbh6HtDiMpU9pump,PIXEL,2024-10-01 18:10:00,5.031816243995309,48.0,2.440599586304237e-05,0.0001228064864345,2024-10-01 10:08:41,481.31666666666666,45-60min,5-10x,6-12hrs
GVwpWU5PtJFHS1mH35sHmsRN1XWUwRV3Qo94h5Lepump,CATGF,2024-10-18 20:22:00,67.35304877497258,20.0,4.244687658661648e-05,0.0005013002621635,2024-10-18 14:39:17,342.71666666666664,15-30min,50-100x,3-6hrs
GYCvL5ikdJbTq6b2DDq8DffYwFNbs4hWySMUiqfHpump,miluce,2024-10-29 10:31:00,6.490392628943627,52.0,2.3068608866497476e-05,0.0001157809511712,2024-10-29 01:32:32,538.4666666666667,45-60min,5-10x,6-12hrs
GZv3qcCmBXtdcwCe4j5ZrsRexxMbRLJdtv1dWXKZpump,FISHDICK,2024-10-28 16:07:00,9.302945414354843,60.0,4.8939685603377605e-05,0.0007774537670961,2024-10-27 20:38:24,1168.6,45-60min,5-10x,>12hrs
Gb7o2qokguCM2Hx6CHoARm3VxYBfU1DzBWf54rDLqzp,$TEST,2024-10-29 18:40:00,6.520436669765295,6.0,4.591998165612125e-05,0.0002994183322655,2024-10-29 08:44:42,595.3,0-15min,5-10x,6-12hrs
GegBq6qGirNSVPbDcHNbG89xUcFTqNDwfSKt85T8pump,megs,2024-10-15 00:19:00,93.72963137622868,59.0,4.464427125926679e-05,0.0033479774763157,2024-10-14 18:16:55,362.0833333333333,45-60min,50-100x,6-12hrs
GiSC3EA7C2kZwESb53cJybcmeRRExM4gqzV5UTz9pump,BTCWIZ,2024-10-28 23:36:00,8.682716917891867,60.0,3.396398039386945e-05,0.0009997593166236,2024-10-28 15:30:38,485.3666666666667,45-60min,5-10x,6-12hrs
GjXpowEmJecAxHaMgYrxrTsWfuPR7DyLxwe8z2v4YvKW,Sky,2024-10-28 20:50:00,6.416515858737457,60.0,6.029497003458981e-06,4.858494085917689e-05,2024-10-28 12:24:38,505.3666666666667,45-60min,5-10x,6-12hrs
GmbC2HgWpHpq9SHnmEXZNT5e1zgcU9oASDqbAkGTpump,CATANA,2024-10-17 04:15:00,74.89053755104149,44.0,6.059862078333046e-05,0.0015214131271652,2024-10-16 20:15:58,479.03333333333336,30-45min,50-100x,6-12hrs
GqfGQEhQXpKEnsc33fJo8RLjeQBkYvFzgLPDdBwZpump,SHIBU,2024-10-29 00:20:00,10.435591338902666,11.0,0.0002930603941745,0.0017092912184882,2024-10-28 18:52:33,327.45,0-15min,10-20x,3-6hrs
GqmEdRD3zGUZdYPeuDeXxCc8Cj1DBmGSYK97TCwSpump,e/acc,2024-10-15 11:09:00,9.50175600924105,1.0,0.0001042452703545,0.0009905131240263,2024-10-15 05:40:46,328.23333333333335,0-15min,5-10x,3-6hrs
GsthSaaJHAeCGq5bzCwxUDFP42oagtt6Y6ZC6Exnpump,Italia,2024-10-29 15:18:00,13.723842145707389,60.0,1.1620479793456203e-05,0.0001890309501767,2024-10-28 22:27:47,1010.2166666666667,45-60min,10-20x,>12hrs
Gu3LDkn7Vx3bmCzLafYNKcDxv2mH7YN44NJZFXnypump,degenai,2024-10-21 19:02:00,11.298263416979564,60.0,3.346024565963221e-05,0.0006729756745031,2024-10-20 21:35:12,1286.8,45-60min,10-20x,>12hrs
Gwq8i3c1CMYdQibo4u48nX5B3jDyYnKmLNWEKFq7pump,hi,2024-10-29 17:14:00,51.65644366567391,50.0,5.856245303045672e-05,0.0018343932488124,2024-10-29 11:21:11,352.81666666666666,45-60min,50-100x,3-6hrs
GxQoXUBMwPbJm46vcWV59in6QAzGDufYug6D56Jopump,SAKUNA,2024-10-29 22:08:00,20.40437538076726,52.0,9.594935537808784e-05,0.000963449532016,2024-10-29 14:32:05,455.9166666666667,45-60min,20-50x,6-12hrs
H2c31USxu35MDkBrGph8pUDUnmzo2e4Rf4hnvL2Upump,Shoggoth,2024-10-19 09:26:00,28.43893851241373,60.0,8.752667789965479e-05,0.0040174484456533,2024-10-16 09:08:28,4337.533333333334,45-60min,20-50x,>12hrs
HEYEkK75ZTh5CBbozwWbxJBsjUVygtzuetCxXUjmpump,RURIK,2024-10-29 10:09:00,24.45047396114696,40.0,6.032435920855232e-05,0.0004327541059915,2024-10-28 14:26:18,1182.7,30-45min,20-50x,>12hrs
HLCBD6kkezRpGaZo2nj4oy72trdpzNMAzt4itQpkUqmV,GRUK,2024-10-29 17:08:00,9.289112251697206,14.0,0.0001198027561091,0.0008227139488398,2024-10-29 11:43:22,324.6333333333333,0-15min,5-10x,3-6hrs
HXghgxNunAo1LdzG3edWDY1QdiXAr7Szhr8JN91jpump,RND,2024-10-29 12:15:00,16.21472437905261,20.0,1.1521023327299302e-05,7.083820077287847e-05,2024-10-29 06:44:19,330.68333333333334,15-30min,10-20x,3-6hrs
HeJUFDxfJSzYFUuHLxkMqCgytU31G6mjP4wKviwqpump,GNON,2024-10-17 22:58:00,5.704346055690597,46.0,0.0002653898678802,0.0014848419299037,2024-10-15 02:08:54,4129.1,45-60min,5-10x,>12hrs
HeLp6NuQkmYB4pYWo2zYs22mESHXPQYzXbB8n4V98jwC,ai16z,2024-10-25 17:36:00,80.5648000040247,28.0,0.0206632007547921,0.1390798376963833,2024-10-24 20:44:39,1251.35,15-30min,50-100x,>12hrs
Hm4dVV7PtackAn2ePAv4kPNVxfhFahxndCJHCYqdpump,Rex,2024-10-29 22:48:00,29.636591804193877,48.0,8.941518213493536e-05,0.0018925276879269,2024-10-29 14:34:44,493.26666666666665,45-60min,20-50x,6-12hrs
HnVFB1Ezy3Pz6zBgkSqLBLQBTgPhkjBynpCRD18Xpump,TBAG,2024-10-29 21:36:00,7.106399692995294,22.0,5.098864467347564e-05,0.0003059160872923,2024-10-29 15:24:41,371.31666666666666,15-30min,5-10x,6-12hrs
HootvhN1jGXQk8APL2fD1StHqu9eWZJbMmfdutf9hnLV,HOOT,2024-10-28 16:51:00,14792.99521567458,19.0,2.886307977695924e-06,0.0426971401050191,2024-10-28 11:19:16,331.73333333333335,15-30min,>100x,3-6hrs
HtCqD3o5aF1RXcyGi6AW11PoB3bZmFdA8kvVyhJrpump,GMika,2024-10-15 15:05:00,5.94883933732409,44.0,0.0003351609924867,0.0019938188964415,2024-10-15 08:28:21,396.65,30-45min,5-10x,6-12hrs
HuiVprCHCucHUb5bX6EXFJd7wuwvdASFzzge4ahXpump,Tilly,2024-10-16 01:20:00,61.87613860409677,35.0,6.343728698174452e-05,0.0034795430519464,2024-10-15 19:38:06,341.9,30-45min,50-100x,3-6hrs
HzkBrfPPkqk6mwNNSYhjkw1AkfNZA6zwvKzQMacapump,XVI,2024-10-23 20:20:00,54.66167189840709,56.0,0.0001369272981173,0.0074846750436286,2024-10-23 14:22:26,357.56666666666666,45-60min,50-100x,3-6hrs
J9SXKctbZVws65vjBHL91mqStzq5an1xZxdi6a4h853o,HODL,2024-10-02 23:09:00,9.09774035078684,39.0,4.029085414663147e-05,0.0002179813008771,2024-10-02 16:28:11,400.81666666666666,30-45min,5-10x,6-12hrs
JB2wezZLdzWfnaCfHxLg193RS3Rh51ThiXxEDWQDpump,LABUBU,2024-10-03 08:14:00,13.946805220692056,56.0,5.394929338765769e-05,0.0049095448086511,2024-10-03 02:05:20,368.6666666666667,45-60min,10-20x,6-12hrs
LBkz8mkiyhNeJspzs6rtFYrSc62j369kahEGuuNtYo5,TTT,2024-10-19 15:12:00,9.651129524993149,7.0,8.829752242854023e-05,0.0004806156622136,2024-10-19 09:54:40,317.3333333333333,0-15min,5-10x,3-6hrs
LX2mJPsutHkUc6iXNFgumSC6LVKyc66xpy2zDTZpump,Tate,2024-10-24 15:09:00,179.60284648211967,49.0,6.76212817946637e-05,0.0203297662857705,2024-10-24 09:14:07,354.8833333333333,45-60min,>100x,3-6hrs
PD11M8MB8qQUAiWzyEK4JwfS8rt7Set6av6a5JYpump,AICRYNODE,2024-10-17 09:53:00,6.481252849596099,60.0,0.0004228952519203,0.003594063635423,2024-10-17 02:29:11,443.81666666666666,45-60min,5-10x,6-12hrs
QUTxGxutjrossRKS2DwfYimEUhrfvvNtj7z7cr1GnXZ,SNX,2024-10-29 23:44:00,8.559391042153013,22.0,0.0026138215351307,0.0223727206335848,2024-10-29 16:04:24,459.6,15-30min,5-10x,6-12hrs
SEnk23dkjiRCkGLSPFQAN8ANGsxAhh78vdfcYpNpump,PLANE,2024-10-29 10:31:00,6.999390920167426,15.0,3.404568794505331e-05,0.0002139012142731,2024-10-29 04:33:27,357.55,0-15min,5-10x,3-6hrs
WgbcPyZLr79NNwg9KrPSRoCx6Qyf533uTFyqc8eKgaH,BABYLUCE,2024-10-29 13:46:00,8.781482789879233,59.0,6.96599339278754e-06,4.938137251692028e-05,2024-10-29 06:33:29,432.51666666666665,45-60min,5-10x,6-12hrs
WziqSdg6EGYooGBmoxeUWLe2Czwk7AsEH2J42cepump,ANDRO,2024-10-29 22:25:00,5.028742046634332,13.0,0.0001713591042088,0.0008617207324086,2024-10-29 17:05:28,319.53333333333336,0-15min,5-10x,3-6hrs
YmmJAazPFQzoodwCfwphWQ2449gqncDTqvC5TtJpump,ANDY,2024-10-29 09:34:00,5.792037156274676,56.0,2.7952608028694264e-05,0.0001619025443169,2024-10-29 02:56:26,397.56666666666666,45-60min,5-10x,6-12hrs
aembnJ3BuUHV1Wd2et6q8ZD9BqbsVgr9qct7C8cpump,pump,2024-10-29 20:25:00,5.803308310512112,2.0,0.0001107469584107,0.0006426987441091,2024-10-29 15:19:14,305.76666666666665,0-15min,5-10x,3-6hrs
dFVMDELpHeSL4CfCmNiuGS6XRyxSAgP7AwW266Lpump,cog/acc,2024-10-19 14:07:00,81.25066272833945,60.0,9.018482960665932e-05,0.0020081619542653,2024-10-19 08:03:23,363.6166666666667,45-60min,50-100x,6-12hrs
iByRAnwB6oHjphgaixPkKqno41ida9yqKwwmrsKpump,AIMC,2024-10-29 03:30:00,8.277745747749506,19.0,4.3296751262000655e-05,0.0002947148904144,2024-10-28 22:03:55,326.0833333333333,15-30min,5-10x,3-6hrs
id8Ce1auzNrDrftvZLzBEd3WvSAj7P7LvpkS2WPpump,DRUG,2024-10-16 11:37:00,5.00130743444252,19.0,6.400863337920953e-05,0.0003201268539879,2024-10-15 16:04:58,1172.0333333333333,15-30min,5-10x,>12hrs
mkvXiNBpa8uiSApe5BrhWVJaT87pJFTZxRy7zFapump,Nailong,2024-10-02 09:04:00,11.39199858986408,58.0,7.949686120370556e-05,0.0014463374783183,2024-10-02 02:51:53,372.1166666666667,45-60min,10-20x,6-12hrs
p2niQeJVj2vnevYnheBWujVyfzzGURpBTjap3gipump,AIOS,2024-10-28 04:36:00,25.760113380202466,53.0,0.0002409867274817,0.0045500314900441,2024-10-27 22:39:46,356.23333333333335,45-60min,20-50x,3-6hrs
qiaupfns561LJPudU2YL48S2mx1nbekrn8V4RrpyJG6,Zazu,2024-10-04 12:40:00,7.577941879981161,60.0,6.523816514018863e-05,0.0006513192396311,2024-05-02 03:59:00,223721.0,45-60min,5-10x,>12hrs
ryanJ7cJmGni8RTWwBJeMm5Jx2HL3FzQvTtzYiuQbUY,RYAN,2024-10-29 15:42:00,18.170774884615103,19.0,5.38559184810758e-05,0.0003066584690213,2024-10-29 10:09:22,332.6333333333333,15-30min,10-20x,3-6hrs
uQpp5Beupw8xBev8WSxgyeUdgPT6hDBCEHjMjWspump,NetCoin,2024-10-29 21:45:00,21.5967664381904,57.0,1.86677503280894e-05,0.0002761962149582,2024-10-29 15:36:47,368.21666666666664,45-60min,20-50x,6-12hrs
umgcPr2uQHzmCerCu6kSPBiaUdMWZewRRQmQ54Apump,Taylor,2024-10-16 07:50:00,45.02668672347305,37.0,0.000114729327829,0.0025492180401124,2024-10-16 00:10:22,459.6333333333333,30-45min,20-50x,6-12hrs
yG6bXPEFaUnGAEHHqH9H7t1VSfaK7YrggCqHy35pump,SHIBU,2024-10-28 23:20:00,40.19955451159107,49.0,0.0001316048793159,0.0092453109615852,2024-10-28 17:27:59,352.01666666666665,45-60min,20-50x,3-6hrs
yJcC48AWnaFQxb4CfZY6U19aQr3Pw6RKVhuGCLVpump,WoTF,2024-10-19 08:17:00,42.10188110176349,60.0,7.187451545509352e-05,0.0036124466092551,2024-10-19 01:56:53,380.1166666666667,45-60min,20-50x,6-12hrs
zGh48JtNHVBb5evgoZLXwgPD2Qu4MhkWdJLGDAupump,retire,2024-10-14 01:06:00,8.18921622819453,60.0,5.042160646394028e-05,0.0004791387728092,2024-10-13 18:53:56,372.06666666666666,45-60min,5-10x,6-12hrs
