token_address,symbol,spike_time,increase,price_open,price_high,price_low,price_close,volume,liquidity,supply,marketcap,circulating_supply,circulating_marketcap
12HXYh3MHmyuraHtd82fGEKSwuhdsbPo1utXQKvXpump,REPUBLICAN,2024-10-29 10:43:00,7.554329331394753,0.0004783460225652717,0.00048413174974374365,0.0003442440385394171,0.0004674572028687477,99291998.874027,11679.942756144961,948805415.965625,8292.75361397422,948805415.965625,8292.75361397422
136em8joZqS2CWgCiHNUuK3cJf2fbWBrAV2jXtBsS3zg,TRUMP,2024-10-29 05:05:00,5.370170101773529,0.00488741322437037,0.0075866740723988324,0.00488741322437037,0.006532806436156222,3811011.968583002,11915.163593349449,99991822.26385082,6264.359772353265,99991822.26385082,6264.359772353265
265sKc6C7wRcEkuLqzPCWUziHCqsp2Q1gXJo2H9Bpump,HONEY,2024-10-03 19:37:00,7.530397356076676,7.23632284987978e-05,0.00014591650559195787,5.2106905458699086e-05,6.134618662636493e-05,1137634037.689638,17478.858863184654,998222432.43588,16518.551638937864,998222432.43588,16518.551638937864
27EnpSWPXANqnYQqTD9Pe1QPJgQzgawNzj7DATcipump,AURA,2024-10-29 16:01:00,5.2677409902956365,6.226232308186476e-05,8.812124259760935e-05,3.935274984075243e-05,4.4125536341347794e-05,575935252.3521527,10086.409375860214,998569513.855365,7841.162228278321,998569513.855365,7841.162228278321
28WdSGcReQCRW7WBWKsfo2AdVE5TTTyg6Z5Mi8jBFXmN,AURA,2024-10-29 17:00:00,8.780678353237967,2.5201497969712437e-05,5.097803595269701e-05,2.0772049378760785e-05,4.484618726773241e-05,1340474809.6705143,2059.68860005262,999423689.7189635,1717.072425151417,999423689.7189635,1717.072425151417
2E3qS1oSVbeLxQEhdSrVDMn5ruhCg5JQCqPXKpwWpump,$FUTURE,2024-10-25 08:01:00,9.122735316844675,0.0002426884558062342,0.0003989173660821764,0.0002426884558062342,0.00038921035223758916,39664953.87772102,36680.044020768204,999919704.029969,85039.0265860873,999919704.029969,85039.0265860873
2GMEDWxPhdBicySMjUky49UHgXutxQ8SJjWyrcKPpump,PONK,2024-10-02 18:34:00,41.66877733522322,0.0023724655448221373,0.004104367814164659,0.0019296024821318476,0.003085978090093561,1464651740.189077,73566.14780085703,999919541.296567,131991.27191666898,999919541.296567,131991.27191666898
2KgAN8nLAU74wjiyKi85m4ZT6Z9MtqrUTGfse8Xapump,SHEGEN,2024-10-14 08:22:00,9.603513577856392,0.0006541196836455464,0.001397662996787732,0.0006541196836455464,0.0007500330446913803,867190966.4836063,622965.6153936851,999961282.585417,2729494.523605129,999961282.585417,2729494.523605129
2TobzM4NNpEvyVAEpFC8AkxJGBHz8fFgMksK1gBy5dub,Wiz,2024-10-26 22:35:00,7.968008300457602,0.0005621835312062266,0.0009258752927618708,0.0004705007737354498,0.0005510957338712652,665826456.2818867,33168.913756690614,999670561.675223,29625.165383533098,999670561.675223,29625.165383533098
2aVCSF8R74m5Nh18nXUSx1YDNS3Zxj2kQCa3mrdgpump,mofa,2024-10-29 06:10:00,9.602809480217566,0.00017678686923133335,0.0003526290551700689,0.00010333006795482616,0.0001604494752788873,1969098414.6567116,17027.203802278913,999156330.032847,15746.637415425344,999156330.032847,15746.637415425344
2ban8tt99mhYf9hCXygvSUWDTxNAq54YQGGP3iNFpump,DVG,2024-10-29 19:44:00,24.10620254943045,0.0226756875108057,0.026299881459183622,4.411891317954161e-06,4.411891317954161e-06,2212116089.0461,8678.75576223641,999979159.316706,4668.409645990792,999979159.316706,4668.409645990792
2hpRcNUThuP4211CarNRhDUAm1Ty1h3iexCuiwfTpump,MASON,2024-10-29 20:15:00,6.469383455041526,0.0003057591279162896,0.0005860755624861995,9.930902828905137e-06,9.930902828905137e-06,4671433885.830247,7729.854169199836,997575278.114857,3989.4011712272345,997575278.114857,3989.4011712272345
2kaRSuDcz1V1kqq1sDmP23Wy98jutHQQgr5fGDWRpump,ETH,2024-10-26 01:55:00,17.036424848895116,0.0005654516409713601,0.0007813716562900391,0.0001547154929189532,0.00017544770193840518,887125006.6403949,129438.67802220823,999961756.460729,495522.2216801868,999961756.460729,495522.2216801868
2m2zsQkktkiC96iMtc8X5nXinscXrgLUvAowXvU3pump,Cybele,2024-10-26 22:32:00,9.502289511304548,4.095130413211165e-05,8.438490422316424e-05,3.157257582245694e-05,3.234073865655897e-05,680995857.3596433,20163.000441120486,999999787.235747,23604.008428722576,999999787.235747,23604.008428722576
2odHeumkiJx46YyNHeZvDjMwsoNhpAgFQuipT96npump,NOGAMBLING,2024-10-29 16:11:00,11.838052748380075,0.0007410304974950648,0.0015041025425172726,0.0006641610568789727,0.000863272353690992,355793571.3827474,25274.33264187481,999893603.289456,33722.468128065004,999893603.289456,33722.468128065004
2xtF1kZQQ14dvVjTsAASPM5Jxax9Gpat8tMETegqpump,Henlo,2024-10-27 06:46:00,17.30220232606928,0.0009325039139089553,0.0014187632779616272,0.0009088255339827897,0.0011830563148200635,81378747.53976806,50179.98831969044,999838283.336158,91892.50507738287,999838283.336158,91892.50507738287
2yPfaQuvHtM7ztvjKnfRB6vPhtwwFF1AqzKVNaJoNiM1,PHROG,2024-10-29 17:58:00,5.457058711907788,0.0003185213245817574,0.0007029397296432863,7.816868605601583e-05,0.0001927779577120639,2070717056.0340538,8465.997586615118,999472222.344904,4788.995674294304,999472222.344904,4788.995674294304
32i3VKoMrkY1sszZSsYF3o6zejiiTs1xh5jgqMHDpump,$OAKMONT,2024-10-19 21:28:00,6.055958176280527,0.00024297013600824922,0.00028124643834441363,0.00016290123163563674,0.00021351154019627795,181579061.59423816,124748.62618094473,964979185.806718,674595.1075240368,964979185.806718,674595.1075240368
33MD3pqkgJzD4uvtYqfxZ5V8j7fPpZeToikiXhtkpump,Holy Mary,2024-10-29 04:07:00,5.564998774023223,5.767534908867429e-05,0.0003657798397831256,5.1244457370251155e-05,0.00017704415835973446,3082297241.6076593,15143.65028492268,999826987.908915,15395.484379122832,999826987.908915,15395.484379122832
33aY2XDYFfbANyBKGiAGUb7kYb4sY9SqPcUZPrwRpump,Animal,2024-10-29 17:58:00,58.93023315438798,0.00303299253027287,0.005432714981714678,0.0022138314746539046,0.0030358048078876847,657290493.9403368,27802.509333478956,999267876.11087,28442.002095929005,999267876.11087,28442.002095929005
33rVymHHPxfMvg4EHKBRF3h8a37cG7Et3eQWZzAkpump,bro,2024-10-06 18:52:00,15.669965184975169,0.0002666214469024034,0.0005335680015356737,0.00024748079084228533,0.0003438724872369583,624229304.403868,169044.8016224903,999973046.414132,487375.4128315939,999973046.414132,487375.4128315939
39mp4M95uDVfRjzmiKxfjvcyviGsEUbBxqpUTPUupump,VOF,2024-10-26 10:21:00,5.153663747814134,0.0002935540865651674,0.0005661576636488137,0.00017427354520281612,0.0003842940493099669,820908026.864343,14723.855268279225,969127082.061346,9900.195132936675,969127082.061346,9900.195132936675
39qibQxVzemuZTEvjSB7NePhw9WyyHdQCqP8xmBMpump,MemesAI,2024-10-14 00:13:00,164.84913297803175,5.069964000377054e-05,0.000632589806690569,5.069964000377054e-05,0.0005231819458506066,2045621737.6007636,3175588.0523428624,999967078.157597,43555354.72663651,999967078.157597,43555354.72663651
3BeJ9zCgQhaqKMu2HgKJ79yQBChD1Pf3hPwRX44fpump,CB,2024-10-02 21:06:00,29.746854950535337,0.0002735233792151008,0.0006340272141557126,0.00026143171479597427,0.0005191272023704331,494356775.50794464,186876.3919251279,999970308.538641,455216.07478083315,999970308.538641,455216.07478083315
3BpRk7eDSg1GPsY5qkLATeMc9sYiKRS1V6p4RPNFpump,HOLY6900,2024-10-29 08:49:00,7.15800548663273,6.236896445156582e-05,8.371327445319506e-05,5.0469648468315836e-05,5.1859667430316174e-05,371384082.80872846,6899.840726331811,999648828.400346,4260.104621158971,999648828.400346,4260.104621158971
3DkVGaNSMTcxFkgGDAm299FaVxgnCw2411vxZTmRpump,OMEGA,2024-10-16 23:57:00,20.888956617758915,8.58042935652894e-05,0.0001024264969391909,4.783046706837342e-05,8.177389972495843e-05,324792942.0375979,515820.6963579234,999997559.064041,5414258.096792903,999997559.064041,5414258.096792903
3Ei8SaoL4JWZv1XsWePqiAjVtb7QtpJbV2TSuURmpump,Kiri,2024-10-19 03:54:00,7.095442155953603,0.00035589756047886106,0.00035589756047886106,0.00013663608920521972,0.00013810122166679322,914466390.5381775,103690.02841093738,999928287.374831,176536.5028727836,999928287.374831,176536.5028727836
3HYx6a9whu5a4dnzE62WNXg46MrEmu9LFxutR2YBpump,flavia,2024-10-22 16:36:00,38.1715882873759,0.00039962683757234724,0.03314478612082495,0.00039432216681938823,0.0013895163072557696,942659011.6638681,192164.97079620018,999949795.996992,415873.70991726563,999949795.996992,415873.70991726563
3JgFwoYV74f6LwWjQWnr3YDPFnmBdwQfNyubv99jqUoq,wPOND,2024-10-09 18:36:00,12180.139808466209,1.911934683015912e-07,0.002923963357021984,1.911934683015912e-07,6.418334579623118e-07,11154411.137999998,88550.17083188047,25691375329348.035,3142471.6994943246,25691375329348.035,3142471.6994943246
3R49ZACNKMPdzwtRb5eXfqNRmcHp9R4NppNhKtRhpump,BREAD,2024-10-29 20:09:00,7.213763628324898,9.900382143651087e-05,0.00010546716223422372,3.280475308082741e-05,3.280475308082741e-05,732036622.3193057,8035.416342737237,999226564.776499,4683.46805673252,999226564.776499,4683.46805673252
3XFiHA2gexzBjqtM5Z7FjJhP6f28D2m79UihBCfkpump,BTCAT,2024-10-06 00:02:00,18.015118423649074,2.301474361575838e-05,0.00011817877663635426,2.2539769465445888e-05,8.962145255287945e-05,815339593.2262417,99536.48224917027,955332359.279186,351815.5473309052,955332359.279186,351815.5473309052
3qq54YqAKG3TcrwNHXFSpMCWoL8gmMuPceJ4FG9npump,CLANKER,2024-10-16 17:21:00,10.5136296847644,0.0005770526590739136,0.001938186808679201,0.0003960609250758294,0.001071728657547536,2341371879.49669,80713.45607189469,999971164.048232,180166.67458846924,999971164.048232,180166.67458846924
3rRKJyH9EFSKSS7uJSVteCUHLXq9kAKxFotQxTuhn2kQ,AIO,2024-10-29 16:17:00,5.428746832316434,0.14888967315101526,0.1502710093244822,0.1139906346539337,0.11990276599638754,3215674.0292020636,11.616439660516955,987638231.2895616,2309.8721275469043,987638231.2895616,2309.8721275469043
3xv6pWP1oVENMkZAASxoiAF4dFH9PGVtDnVw8xrbpump,fwogmi,2024-10-23 06:36:00,13.014944433722937,0.0003335541847596009,0.001800453927571346,0.0002611958399147488,0.0002809494297427225,1030030362.1278393,18115.20978818016,999887438.172666,13188.290432041733,999887438.172666,13188.290432041733
41EaZbiAtiBM2TEbbDFyp4rLY8q78Xiegiw2KMqRpump,$QuantAi,2024-10-28 23:49:00,5.7649008138084765,1.964319080722678e-05,8.606034186823875e-05,1.9044861320011187e-05,2.9616314820411242e-05,1500324750.286951,6831.159158855668,998383078.555599,3683.9365900416947,998383078.555599,3683.9365900416947
41revsxLUZnoiUQoMT9eBVCzi4cs8Xbs48rp53gcpump,ROKO,2024-10-17 20:07:00,44.18766653644699,0.0003217933943324653,0.003879065326193608,0.00031552809308708104,0.001404552930169419,992368074.2768166,56001.04481336561,999857379.28944,94416.59695323753,999857379.28944,94416.59695323753
46RN3PxRWtoPhu4jeA7WxWR5MAaLh6cm3S1kYmu8pump,yum,2024-10-20 10:30:00,7.562773867506148,3.8793195885727e-05,6.485727510498342e-05,3.8793195885727e-05,5.501266836170168e-05,260744743.63888302,35248.22913591859,999983036.545232,62688.712461713665,999983036.545232,62688.712461713665
47uYAPNpAMJrLLxQZ7QQ9F1T6XBHqfPHLTfLsCCapump,FEET,2024-10-28 14:54:00,12.98903113825031,0.0007966073804048134,0.002147071805636646,0.0007093106354898514,0.0018457512453170482,114895633.9837622,15848.808438037058,999968163.272509,15448.417368000175,999968163.272509,15448.417368000175
4AyViLduWHAiR6MhS8upSTx6A9C4dvMUa1F9Krzgpump,FE,2024-10-28 20:38:00,11.290370149034048,3.066391878241425e-05,4.451062349018389e-05,3.066391878241425e-05,4.2299060179739395e-05,97636273.95147301,18569.2429221181,999322316.814211,22414.039471494994,999322316.814211,22414.039471494994
4B3NXEKgsT9hsadpCKNEwSXj6aDqwR7iqe5GzvgKpump,GPT2,2024-10-24 19:10:00,17.182477452803244,0.001759298844601032,0.0026506226700330877,0.00034154436483021887,0.0012139425370320976,2241485604.455359,115953.09238511698,999743921.082427,143194.39087641423,999743921.082427,143194.39087641423
4EAbchR1spQ3UGq4AD2z6uScmQFenWYuGB15wPAapump,CT,2024-10-29 19:40:00,14.178022396376132,4.992186973482595e-05,7.631562035785451e-05,1.1380210781235927e-05,1.7141374747194167e-05,1786089103.1189194,8374.93301027983,999428325.347782,4727.064521474039,999428325.347782,4727.064521474039
4J5HoZWoKcbo2JQxEEVCKRBfUQtEroY1QdRrKtZFpump,IB,2024-10-29 01:56:00,52.36652194367323,0.0054698334364432725,0.006868916233005989,0.0011800680528925352,0.0026638450251424716,2218394335.8906913,249177.39771008948,998945760.204148,879853.9365281662,998945760.204148,879853.9365281662
4L4FU9jwtMdCzbQ7VLY8xetqVsJa8TBu5LgBwp9dpump,ETERNAL,2024-10-29 07:55:00,5.868578063093405,0.00010151914704385001,0.0001472223356321683,2.068885671764881e-05,3.0009501175908347e-05,2351991668.884972,8049.301934537341,969200789.934804,4916.694167829475,969200789.934804,4916.694167829475
4LzqcMvVM56wSDVpnRfK6VwLKyxJkcDCJuQMaEDkpump,BID,2024-10-29 13:54:00,5.814267111786154,0.0004011070630017324,0.00045369337278524285,0.000258242489624068,0.000274667592352816,674913981.3270067,25364.219554740463,999429150.959499,28628.29802371813,999429150.959499,28628.29802371813
4QeK5x94xw6PrqJE6jjsVhswXN8qvsgCeqVyfokgpump,BABEL-AI,2024-10-28 14:47:00,13.855793353192,0.0005939379354943552,0.001703509376184529,0.00041481987676431244,0.0006303900596312678,3569553508.085003,26257.299824102276,999717536.981994,31175.06819856108,999717536.981994,31175.06819856108
4TcqMXdZBjxirf2vtYikWt1ix3YoHJoFAZwrqe39pump,SCOOP,2024-10-23 23:52:00,120.26301374273488,0.009730742640592442,0.024042181596997815,0.006791834015263594,0.016321507735136492,303404634.27596414,185392.0453006608,999885790.928211,1094867.6570423776,999885790.928211,1094867.6570423776
4Y47LEufvcSSSbTFojcvW4Y6x2KZXrqG2urNBSvHpump,Me,2024-10-30 01:16:00,6.092184122375991,5.732175157816548e-05,0.00011668639355288265,5.732175157816548e-05,0.00011565597211175461,209044476.68429908,53037.875608878705,999935534.711476,95830.0064732599,999935534.711476,95830.0064732599
4e4pi2xRnNqVvNfLUcLCbXNiFfgNQuBCedUeJgE4pump,TONG,2024-10-02 06:00:00,19.556119906674063,0.00014441438364936324,0.00029778926484448485,0.00014092259529749644,0.00020273420748439326,881052392.3921993,30445.11399496769,999716210.816188,35540.31572187567,999716210.816188,35540.31572187567
4kHu4VktgzpZW9i8LEsHZrNLJcTV98nGhyZE5JSEpump,GOVAI,2024-10-16 01:31:00,16.814007456880542,0.00022143592962498102,0.002087355475698943,0.00014988868465526297,0.00015771150242442218,6918989771.624011,239996.94232221812,999838402.633069,1357729.894302175,999838402.633069,1357729.894302175
4qNX615pV1oufdodNoiBzUsrUE3ww57DYg6LsUtupump,CLAUDIUS,2024-10-19 19:05:00,21.82495617089872,0.010779426772025561,0.018872846879391836,0.006266193688552682,0.0076264467158220495,674906142.7870568,91588.29003573068,999868509.092725,143863.45442009557,999868509.092725,143863.45442009557
4qe5LzsmEJwr2rusq2Q4tvtEB1wdtpH6CokuCmAKpump,eliza,2024-10-27 01:23:00,5.714635526243503,0.0005674199136690995,0.0009483184833562391,0.00038022074748483614,0.000638874007994227,1608198700.948833,35996.2525318068,999603880.86547,38931.030475871004,999603880.86547,38931.030475871004
4qrZ4UR7GghR7o522gbbfWYemP7yquHE8T7r6XQmVwNm,SEEKER,2024-10-29 15:39:00,5.774370681082447,0.00047372659200358607,0.00047372659200358607,0.00028239928207335514,0.0003017762388825185,33080012.897932,6838.549201628411,999834873.874971,4452.526365670631,999834873.874971,4452.526365670631
4yyB8a6vmTZ5RL6UkPx4eSy57cLqWk2f8LuKnED5pump,SKULL,2024-10-28 22:48:00,8.560288791012125,0.0005670809040079093,0.0013343737729191044,0.0004852597020946728,0.0011997009058681335,506978375.2727393,9939.12390041475,998995651.33555,5819.630404687479,998995651.33555,5819.630404687479
54rRHktmCL8jKyMJxnBSSZ4zR8mxasR1CUx5qJuCHPze,noob,2024-10-28 00:40:00,8.403035913040018,0.0006310974666242466,0.0007581825335387925,0.000344547365371341,0.0005393324096369936,732091336.1086247,26223.661836077823,999839994.614383,24319.692661263703,999839994.614383,24319.692661263703
55mboDZnLzV5uFsH8egLcW2Q6Yh5UUeM86DndJcbpump,Tier,2024-10-29 18:28:00,11.655409274769022,0.00012497400645468707,0.00016051956169435482,2.0161088338381154e-05,2.126541071314724e-05,2884292359.8536973,8375.651827094396,999506419.890368,4835.574548072879,999506419.890368,4835.574548072879
59LjgLwuWGnvW2rBZqCyt1JZETj3U2Yajb2uqUbmpump,XIN,2024-10-29 02:46:00,11.252027047313302,0.00018563703609252605,0.0004844078076215202,0.0001350090790910203,0.0001881235314995292,1282107914.692197,24894.58221674095,932400887.730064,32316.358294458558,932400887.730064,32316.358294458558
5DyyR2TRuBnc6tZHAVGWjXbkAbJ6vDeP9fJXgaZppump,OSCURO,2024-10-29 17:28:00,7.341154353414995,0.00034937255324150423,0.0004071775682786939,0.0001144781393131239,0.0002332200653219849,1558885733.5025961,8226.585112649973,996849426.765213,4842.357403167715,996849426.765213,4842.357403167715
5GgvJq8DZ236iiCbp1ZbZLGhZG3Exj3vL93qoMoupump,Misha,2024-10-29 06:39:00,8.138757809138221,0.0002177051267644345,0.00027636497835360047,0.00011754035777987836,0.00013542984900619565,165071165.56957197,8370.957250217094,899831599.994914,4758.729677358387,899831599.994914,4758.729677358387
5Gh2xhEvScCmRxazhcpZiCGoKTT3YfgbDD5dtbXWpump,BFT,2024-10-29 22:11:00,6.6928982204205765,5.064188332146865e-05,0.00013472342024255343,1.8441841538002225e-05,2.5152387515094018e-05,1454817826.1801672,6971.69285751901,999385041.711671,3765.1275105546733,999385041.711671,3765.1275105546733
5JPg32uSr81BTNVtnK8AmrRZABtR8vZ3Wb7cdabiGtWF,Mudpug,2024-10-05 01:05:00,6.192477917281472,0.0002635869163679554,0.00030697257678854816,0.00017375757177379752,0.00018451914428815097,41699824.94171476,26449.207595328153,996924629.2846953,47520.6576513212,996924629.2846953,47520.6576513212
5LUx8Cmu61aCa9h8AebkmpqBBbgz4sErkbkGJESJXcFP,AutoLaye,2024-10-02 10:27:00,148.77088396930634,3.4412006309645613,3.4412006309645613,3.4412006309645613,3.4412006309645613,3254797.2681604796,0.3908825959517346,175653570.99800643,18602583690.143936,175653570.99800643,18602583690.143936
5LgNLDTvjV6nKQHBEZ783VDoYN2PqGNAKDWPg8wCpump,FUBB,2024-10-21 12:44:00,14.195986608366873,0.0008579097003075314,0.0013074267023018352,0.0006268189006282081,0.0009397433649579506,1479492594.1710505,28836.931620960706,982102715.360939,24614.353720065392,982102715.360939,24614.353720065392
5T3kPqWujSu2v6Y4YoZcQ4A2UtTRQFAwE82MoRm9pump,yogi,2024-10-29 19:08:00,12.46028179634665,0.0002169518941830486,0.0005031372463206658,0.0001447754241633658,0.0003628992699563203,1983237510.6745684,10491.823469027679,996542235.696346,6073.140965486192,996542235.696346,6073.140965486192
5UjbS1bECmQo7B5f817151ctvWskB92aDqu9drsipump,TITO,2024-10-29 10:07:00,17.863962810015167,0.00013292855779580248,0.0003810956483419157,0.00013292855779580248,0.0003132869258687495,902057224.3444806,8433.582639806435,998746985.091621,4836.6958827023645,998746985.091621,4836.6958827023645
5auoDa6TKL3FsdZiRr11PDWNiDrYBgK6xWzVvVZJpump,larpAI,2024-10-23 00:37:00,8.565657413968903,0.0006179604237360257,0.0016231806756518065,0.0006115618303692988,0.0015868770345703607,55617144.101810984,11492.189283457914,999578195.789703,8318.380478370114,999578195.789703,8318.380478370114
5cdU1CWGFxcgAG3vLbrTi48AsH1ZL2oMRAGDJLrWpump,LUCIFER,2024-10-28 21:15:00,8.320247037463814,0.0001349497329275541,0.0003523465770653438,0.0001349497329275541,0.00018115805102726412,744429581.5683868,9477.704865638842,999808151.621273,5605.2466017110555,999808151.621273,5605.2466017110555
5fvnJ2bVDXBHgkmp7xBTy9TNqd69zdSHn3bLBXsFpump,PRESIDENT,2024-10-22 07:56:00,8.183918025624735,4.9004796971700474e-05,6.897093440390021e-05,4.843802797288525e-05,6.848454500508394e-05,160800467.031135,13551.943253667992,954410050.76366,9729.275475684342,954410050.76366,9729.275475684342
5hJHyZ9KtEiATroSrMMx9yjXJGHUJRzj5LZkLhE5JJnC,ECCO,2024-10-29 18:55:00,6.163908534930602,0.0004613926162115281,0.00048777090293839175,0.0001184213020471688,0.00011910213748386842,293729237.4898339,7814.336037036153,930524760.437594,4084.028202272817,930524760.437594,4084.028202272817
5iuHLrJ6cx1UHGhbiEomsqUxDNoQ5ytdbU8aC6tZvAB8,$Dream,2024-10-21 20:19:00,6.077415035843468,0.00019871750724748357,0.00033768939975012483,0.00019573038359923717,0.00032889686286668464,163493913.52956,155859.4746253089,298553406.880383,369424.98292975774,298553406.880383,369424.98292975774
5pKzD7VCY27no9cN31dYvgzZMAWRPUUHL4xK75FYpump,NOVA,2024-10-28 19:25:00,18.812357677581165,0.0007610187259882256,0.001018361698228079,0.0005073166613337009,0.0007857020113592438,810333085.718589,19045.88871972517,998492187.174792,13320.009732643564,998492187.174792,13320.009732643564
5vrNnSXf2PeF4YMdG4vHi1WzU3hf42JKzV8i7jtBmRww,x/acc,2024-10-26 20:11:00,7.641492153179297,0.0005391771960874178,0.0011353898884885446,0.00039560029266759434,0.0009137885261835247,478438064.5779385,45190.69909008516,999554056.82197,68165.51244692411,999554056.82197,68165.51244692411
5xVLT8UxUViqKf6jDE45EvoGQQgCkvjuM4MDx5mTpump,mr noodles,2024-10-29 16:01:00,9.051134488604808,4.9840412438926027e-05,0.00022527833762637259,2.3166977460458536e-05,2.4033057898173745e-05,4860295374.9935465,6785.044725679694,999463262.863489,3571.844315360347,999463262.863489,3571.844315360347
64KZ3MPUFAks5QEYGVMZfTXDcgi43ZBYVXmVBJRTU358,PARK,2024-10-16 12:53:00,11.506829180359766,7.447682993143242e-06,7.447682993143242e-06,2.142765816375947e-06,2.142765816375947e-06,417255341.02225506,1204.3640685374166,995007432.479958,1185.9455682742423,995007432.479958,1185.9455682742423
658gVRm3K3kGTwKyGhsJ2akKgE7zjDFHTDsscaWtpump,max2049,2024-10-12 23:38:00,17.70436880380473,0.00015180325574043935,0.0002453562407328333,9.074953235175944e-05,0.00022263327176530665,593260620.5439128,24482.59923636713,997041490.572965,24246.706192956626,997041490.572965,24246.706192956626
66gsTs88mXJ5L4AtJnWqFW6H2L5YQDRy4W41y6zbpump,YOUSIM,2024-10-24 16:50:00,20.11782410583942,0.0009221063723630759,0.00188932879146226,0.0008355065665789708,0.00107052924348632,440785963.2974409,434469.1920937997,999996958.011851,3011676.5003871745,999996958.011851,3011676.5003871745
69G8CpUVZAxbPMiEBrfCCCH445NwFxH6PzVL693Xpump,xavier,2024-10-28 01:18:00,14.28758764873142,0.0001991585921754218,0.001383245080451817,0.0001991585921754218,0.000345083773526897,995080840.9835219,54970.9808006719,999895678.023562,147740.50921908687,999895678.023562,147740.50921908687
6BcPF1q7MVJAKk6tNXcTitfJS31eg5MKUGSAM5fAApXq,polaris126,2024-10-29 17:44:00,5.266177519176103,0.00041728393460872283,0.0004629215651669714,1.0712812352479027e-05,1.099825987234979e-05,4090108799.373964,7770.491975569232,994828242.186492,4340.220095026448,994828242.186492,4340.220095026448
6HvcciZt5TaeRAiJbJA1nGWanmTgrmogF9gduXJhpump,MCDONALDS,2024-10-29 05:28:00,7.692505500441904,3.9609038271263274e-05,5.646843837827826e-05,7.022706039286141e-06,7.091327051789802e-06,1649213063.9028523,7984.6263310275135,999750478.140961,4165.283570264721,999750478.140961,4165.283570264721
6LJaNpynfDj5dX1dJ2sdGDqmUzkqsVGCza5WLr5Npump,America,2024-10-29 19:05:00,5.4772614278356935,0.0002953949527868299,0.0006993570518670688,0.0002504032285092892,0.00031797409651435494,1281599610.960586,21653.00776899167,999550407.874637,16870.749268259424,999550407.874637,16870.749268259424
6Lq5UGAs3sDgcTrRRqKZ2hc7JfwWDYV2gP2VwNd2pump,MMM,2024-10-26 23:20:00,7.176956659459471,0.00016350139220194332,0.0003460070187967584,0.00016350139220194332,0.0003266406330473135,284004008.947941,10916.872236314122,998932920.580803,8163.900070307522,998932920.580803,8163.900070307522
6MAWnfagDCzqmHQh88FVt9F1zzLqXpwGJpaL7zUTpump,EYE,2024-10-27 11:17:00,21.85753047507272,0.005675454410906832,0.013043875672570754,0.0054363260686817695,0.008082250444085906,528335407.19218403,157084.03454716463,955326031.722617,358766.02775491116,955326031.722617,358766.02775491116
6MQ8D4XgoLTPGgkz7sbJdFzA6F6iuepFXE2BtV9npump,Tate,2024-10-24 11:57:00,14.213645303107516,0.002197159551895751,0.00685405313880937,0.0017955910443892185,0.004015241579095773,205586146.66658488,37804.638030732815,999668401.076328,66244.90748946936,999668401.076328,66244.90748946936
6QaZjD1aRmfyCWS31r4GTMq5ULKNLHDkPudUd3oYpump,TOAD,2024-10-28 20:32:00,106.24350472981236,0.00010723015348526805,0.007187228124085678,0.00010723015348526805,0.0010739475838590243,1515145889.7858915,17809.87138153991,983057978.574262,15481.047035371896,983057978.574262,15481.047035371896
6Rx89EvU1fNGv5htXGTUs3HPoQjcYSLh8KDd5RPwpump,Yes,2024-10-27 06:40:00,15.47013848805711,0.0008675622555649845,0.0011613018989683505,0.0006282944411998032,0.0010376642518138866,526229825.5145834,23817.631082714885,999637882.212636,23756.819492437204,999637882.212636,23756.819492437204
6TvpcaTfD4KdSuT2hTQGdoeznq5rq77dNKXieWYapump,B4TS4K,2024-10-29 21:05:00,5.28483317992881,1.6546267667055574e-05,5.1430364044803716e-05,1.6316453102048544e-05,2.555500457156172e-05,639765868.5669122,8477.234801554296,998132420.279101,4484.740456480658,998132420.279101,4484.740456480658
6UmGJtWHW13YLJCrdk9jEAnHeSgARTJEfCVV1sX4pump,IUBI,2024-10-28 23:42:00,5.376999328625947,0.00016885635755810714,0.0002041552253549365,8.634133120659511e-05,9.381472039259622e-05,249651297.70264187,18524.0947525818,999757720.188838,19833.417007149375,999757720.188838,19833.417007149375
6WSppYPevaDEZxdmW2WoHLoSnJMeVyqz8Rqkm8MCpump,LAMDUAN,2024-10-21 07:13:00,16.541848731142718,0.002492689082819949,0.003670086923607886,0.0012118020363578303,0.0020352347233062802,998454980.3110825,25841.793747903543,999204073.413413,24035.48807477252,999204073.413413,24035.48807477252
6Xx8p2WmY1Uk2GD35uxhEyuniNrVEeSu3CUThb8Upump,Aletheia,2024-10-24 19:50:00,6.079778317580744,0.0001612849628962933,0.0007310454339496255,0.0001612849628962933,0.0002801006148103425,1801443216.844466,197724.28538372795,999985806.43332,1003518.417494271,999985806.43332,1003518.417494271
6YHvVQ5B7tBbwmG4tU4ESbRKQKeiVBoE3q6u6sCWpump,HC,2024-10-29 17:03:00,10.42490714002333,0.0005461236447347427,0.0007130861918499863,5.8379893161417694e-05,7.844039703135712e-05,3249679330.153258,9009.918845028085,997814830.185041,5593.01862752878,997814830.185041,5593.01862752878
6d5zHW5B8RkGKd51Lpb9RqFQSqDudr9GJgZ1SgQZpump,AVB,2024-10-27 18:54:00,45.43371281390605,0.0009629108439203552,0.002722403386611708,0.0005717966007070663,0.0023030684544220136,1205350920.5044518,1005407.2888253154,999947541.373054,7857514.8845666675,999947541.373054,7857514.8845666675
6dC8y49qqogktNvnYecEszwuDAgkVsj19UP7dziZpump,vapor,2024-10-25 23:36:00,5.3407806943400455,8.204632001656337e-05,0.00013952707736376678,7.995219271735033e-05,0.00010701046360851996,178341633.6069361,10183.937922757581,957605094.441017,5940.95215349288,957605094.441017,5940.95215349288
6fkt7bidv8dwqYG1EBUzESSqknC5xfRnzymffWekTdYo,NDX,2024-10-08 00:25:00,62.15527782364731,6.178646957032243e-05,7.26894490376158e-05,5.513656104447123e-05,5.961755274092181e-05,211484850.07176197,118569.01333177394,6899997534.772448,984080.0365031596,6899997534.772448,984080.0365031596
6kJhG826LGowg7zG6PLd6tg7mqvVSdq2WzHhsfc7pump,popo,2024-10-11 01:16:00,6.921851694680101,7.601329940445386e-05,0.00013376647797466268,7.3519172373805e-05,0.00011656345558124294,262324044.559041,87094.53059233852,999951710.029391,228110.3775408166,999951710.029391,228110.3775408166
6qocE7eQhug7pE7CggAvdNJJMtkHjKaVYRSND7Bwpump,WOAT,2024-10-29 05:21:00,8.640071266325275,7.377510918985771e-05,0.000860704233475372,6.845725435917238e-05,0.00036515991386441404,4717721871.305184,11000.466063196302,999592369.689629,7642.804531230454,999592369.689629,7642.804531230454
6tK5UeNKsCbXTu2avUrV4tRpjX86tFpWPYRk6AWodYF5,udoge,2024-10-29 17:49:00,7.019941608880512,0.0004218703236117811,0.0006676454380071966,0.0002700251836131345,0.0003366393967302083,273523109.3370903,7922.699730433131,974466858.76213,4647.335874504532,974466858.76213,4647.335874504532
6vQasJ3rdPBzEHXyQthe4tYxNtjedMHskHHx3W5kpump,shibu,2024-10-29 00:44:00,19.30201507876308,0.0004824220056815912,0.0004824220056815912,0.0001116783848442602,0.0001278167615335019,399666835.16142017,7799.180480963709,998673518.609286,4561.36482431715,998673518.609286,4561.36482431715
6veaegp72hcw2HpBDsgj87rc8GZboHX8QiaMxVACpump,GOAT2,2024-10-29 14:51:00,8.410134610528171,0.000397131791261126,0.000992676712704846,0.0002716577611060088,0.00027364531279459766,472317540.82491565,14077.56146825921,999838681.685986,11451.94363020271,999838681.685986,11451.94363020271
71FqyeLTgw6xushf7nWRkRwkm3pqqAsD8CCjcjaapump,ONYX,2024-10-26 10:10:00,29.025806788015657,0.0004126685045297049,0.0009456344483823285,0.000359575333774105,0.0006649061064861199,1310940461.858746,23043.389117495663,999108978.9453,18692.997170652445,999108978.9453,18692.997170652445
71gSnDo5vqite4mVpbKnaqoa6FsuXpamn8jCYZsApump,GCRAI,2024-10-28 03:15:00,11.477185563498669,0.0008492262765593012,0.0010754952601495608,0.00010283825020062233,0.0001469973730503812,3403136979.670301,20667.469006432966,999755951.036072,18635.003342697742,999755951.036072,18635.003342697742
73y2d48ndV9fwGgL99iYagD27a2UMxCxLcNaDKzpump,WRM,2024-10-29 18:27:00,44.946825030212544,0.0001866731247592831,0.00021149346031855927,8.377217585272443e-05,0.00010159133879242698,902013220.5718294,11314.703323806982,997333182.898624,7578.188670835029,997333182.898624,7578.188670835029
75gTkoZ1gEJXcA2Qqpqm8bes6QZVTEwnzQ3Xvz5tpump,GWOT,2024-10-29 21:39:00,5.007606985546295,0.0002174923310892541,0.0002651284600811638,0.00018239484461781138,0.00020702511349055653,502901755.79705906,9579.976413293225,878807760.304775,5348.961158498724,878807760.304775,5348.961158498724
7FS4iUbG1KpTA7xzG4Er7H6Nj22PZgonY8N9ERZbpump,DARTMOUTH,2024-10-25 03:17:00,11.561676180323294,0.0001543742280943405,0.00046785347506316714,6.549520785222712e-05,7.243410464537565e-05,2640722189.0846386,12927.759904379995,999015652.752567,8672.350532269698,999015652.752567,8672.350532269698
7Gry9KMXfcaRv67GdNjTgqWSD6VhNDYdcaLm6pr7pump,FREEANDY,2024-10-29 07:38:00,7.190198419155012,1.3228002988990296e-05,1.6866138395888243e-05,8.068671160765544e-06,1.6866138395888243e-05,888621823.2003572,7047.519360730176,998487772.867051,4643.999864264468,998487772.867051,4643.999864264468
7L15Afew6rL2ujRgvfYgPTpLKqBPjrQkh7nNzyrhpump,Hana,2024-10-29 17:29:00,7.4287730424420415,0.0001637848364149483,0.00020659133407263859,3.71533958273619e-05,3.9374102598444544e-05,1056071891.6011863,8026.796448391456,999207375.721608,4547.61158855525,999207375.721608,4547.61158855525
7LzF7BgpmXapBUMmJMwyP5o4uC2rr7T8keRc4R3kpump,âˆž,2024-10-29 15:39:00,5.61223665765564,0.00043952364953543644,0.0006016295966841381,0.00014997897665039602,0.0003098411171986536,2101407625.2202208,10637.743216949304,998960422.295274,7557.057804194475,998960422.295274,7557.057804194475
7RSwX9BqJFpEh1Qz7bu97rwHE8XhwofZ3St99pH2pump,MEIZHU,2024-10-22 17:12:00,48.19851521117259,0.0008003076888273588,0.0011168771453725543,0.000310929874546179,0.00090218266032171,1416757614.3365877,22392.8710980069,999361820.724114,19116.815102382872,999361820.724114,19116.815102382872
7RrLheV7dSecVka3MfjYb4Wa6Z6uegNyzhpFeERsfFZP,Retardia,2024-10-14 22:07:00,6.027585923387736,0.00042326003575722044,0.0011024441968235322,0.00036021800273359827,0.00048711735732127973,1581666304.1028557,123382.58443457968,998547873.679801,265510.7713156653,998547873.679801,265510.7713156653
7T6vv4eyr5CvRKCXtxfEhRvaCr6J8GwtjJmPZy1Rpump,POPE,2024-10-29 16:03:00,6.484768839434845,2.9986384014630432e-05,4.481845702609202e-05,2.2433040734319763e-05,2.4041049745235836e-05,616074016.6688402,10607.080332466969,999727356.905519,8404.259250431985,999727356.905519,8404.259250431985
7WZzc9gh1gDW51zKT9Qso2hPUzwuporXqdbGQgtH2FqP,MOGGER,2024-10-29 18:32:00,10.002912938402464,0.0007096459064128993,0.001048269060510224,0.00010083291634158112,0.00019834962083944857,3332824204.287778,9222.314690750798,996219293.948084,5537.445978701488,996219293.948084,5537.445978701488
7XFXYYiqrEQLLkAGvvxaoh6iYkVYQ4K7XXtKoRShpump,TERMINAL,2024-10-26 20:34:00,5.604618512136901,0.00020709391890584268,0.0005240199378876639,0.00010902231363385122,0.00011457797363930969,652524022.2824694,14745.85742948125,999506873.96287,12308.628263521014,999506873.96287,12308.628263521014
7aJjN1NYcCoUeavKcDfY8rsGZXyF1RoYg9fDqtbepump,OGDOG,2024-10-29 22:00:00,17.678619853561564,0.00014228185362255317,0.0002462788929399336,5.500033336437944e-05,0.00013492178699276615,1357501785.171336,7888.165907248909,999659972.335258,4501.794643866047,999659972.335258,4501.794643866047
7bpFPJqRpb8Wn8VX9rjNLWEsccCTjKqwmJ7wMX89VAzZ,MX,2024-10-29 23:35:00,8.635493355250523,0.0029528216674637774,0.007956249500857285,0.0029528216674637774,0.006081045600061296,22954366.415457968,9232.554182254536,69278903.735543,9032.611779147477,69278903.735543,9032.611779147477
7p4CMCdETxQgSBiPqKsefFLVQgd8yHd1VQqQKEAzpump,ELF,2024-10-27 11:16:00,15.705277785859732,0.00043131325213146784,0.0007312855469837356,0.0002603621266406621,0.0003090761987434508,416130372.5608752,100286.27590536891,999906672.896628,323008.22690101,999906672.896628,323008.22690101
7wUwkXo8Qjt3cYM8BaHHHeyfDY7ZSn7qvod92pNupump,SL,2024-10-28 04:21:00,20.21155104086681,0.0028025385956733265,0.005665554002876592,0.0022306244325859086,0.003667444501587542,482963412.6540667,328515.8414335773,999985321.282993,4336668.116191458,999985321.282993,4336668.116191458
7xn2T1x7xw5quHmzy2YvFWyFUNwp75fsw5bxiXGRpump,Toad,2024-10-27 11:49:00,9.526628032468938,0.00016161449795262767,0.0006602868570044231,0.00013336516510007986,0.00024318104895460123,1357691949.1414835,49974.189996213754,966019597.979343,81891.88725441694,966019597.979343,81891.88725441694
82zJt2MhzxHejfUDyubm8Qvhko6BGdgUcZnVZvKrpump,emily,2024-10-24 17:11:00,8.380553865709997,0.0006688020810245984,0.0007183656991318036,0.00015753105626708182,0.0002694621039660288,1508537089.7061985,50541.14013546503,999962122.724382,111528.67851960762,999962122.724382,111528.67851960762
8SgNwESovnbG1oNEaPVhg6CR9mTMSK7jPvcYRe3wpump,CHAOS,2024-10-25 16:28:00,9.86875356991763,0.0005286058138913891,0.0005946152644194517,0.00020391602351976914,0.00027382017340275714,759298531.5158973,730312.6599849033,999981576.669099,6885441.334111116,999981576.669099,6885441.334111116
8SuMAjoZeLGaaekNHP235Dv4soXsrcseFXefT3A9pump,Colossus,2024-10-28 18:20:00,10.566889458682937,0.0006507398160339932,0.002358997767077517,0.0006507398160339932,0.0015063807954944165,3252616277.790786,33558.52687200703,999483441.679861,40925.42458816203,999483441.679861,40925.42458816203
8YYrkf1hvL5aCacfLXDvhVfjWZ7ce5NdVt4iLPxYsmdh,bbydev,2024-10-29 22:24:00,8.155536454097891,0.0002447963812416979,0.00034686620521558127,0.00022099952838596385,0.00026929199072168574,416199489.3326281,21338.658969372093,963082402.745002,20364.973539524417,963082402.745002,20364.973539524417
8aZuUoqr9rBLjikz7kvpajm1JRqhoWiLMnrNtnRNpump,UP,2024-10-29 18:24:00,6.691126229428246,0.00014194777547098556,0.00018859043383566057,8.381023868777454e-05,8.967392936420488e-05,449549365.28621304,35918.85030565688,999767200.181308,47512.74746849502,999767200.181308,47512.74746849502
8bLEmTwK8YVW9u6ruvWe8AK9cJBWF5otRik6SPTfpump,elefant,2024-10-29 15:12:00,8.18329526798615,0.00020736522502590193,0.000209732844583927,6.166101800553011e-05,9.047970362567e-05,1696890973.3088913,7509.762466586713,999205367.474865,4344.923664632515,999205367.474865,4344.923664632515
8fgDWpQvDQJABP6fN7fDLte9hH4bAppPtxpNG2i3pump,roon,2024-10-15 09:01:00,13.207562582975756,7.822120341455546e-05,0.000139637770980054,7.317048368150043e-05,9.668143215509089e-05,440736741.97883874,68324.21653274838,999977992.678247,175217.9820369392,999977992.678247,175217.9820369392
8iWsK2WH3AGviQwAnt43zvc8yLy6QMUSuv8PK2A7pump,ðŸ§²,2024-10-11 22:24:00,121.44526129421122,0.005316350845696103,0.00780397718202574,0.003489892823198479,0.006069530217749057,711856596.0451455,192922.59925376083,999923181.747114,383283.0354187401,999923181.747114,383283.0354187401
8r8xXP3eHgn19HYRX9Qe2AzSaSXrWCj6URAmFpvUpump,HOL,2024-10-27 20:44:00,18.37541934237076,0.0008522099365964396,0.0010814970865191784,0.0003787529109574554,0.0005076308818448123,645195025.5451095,12132.883441755263,999312913.178736,8873.246043551033,999312913.178736,8873.246043551033
8sj6CvKd8tZttApYFpDKfTrA2osx1eemhemK1YMbpump,DINGUS,2024-10-16 11:42:00,48.721843468977646,0.0002262848945026504,0.0006745222423157611,0.00012189538966841121,0.0005328673082976602,2999884019.1166487,9936.905138406903,998403674.029594,5650.357774791371,998403674.029594,5650.357774791371
8wZvGcGePvWEa8tKQUYctMXFSkqS39scozVU9xBVrUjY,Remilia,2024-10-16 21:13:00,20.79899377275945,0.0009459686801427144,0.0011019461082797926,0.0002727537769188833,0.0003195891968492098,1305792466.9949489,113167.57090321611,999594631.349911,248631.52527216135,999594631.349911,248631.52527216135
8x5VqbHA8D7NkD52uNuS5nnt3PwA8pLD34ymskeSo2Wn,ZEREBRO,2024-10-28 20:07:00,41.65972913079939,0.0006656094370398203,0.002085885577616094,0.0004479136041098122,0.001646417762241833,462344311.4221937,12801522.575355291,999972132.829758,333253806.5623486,999972132.829758,333253806.5623486
8ypJK8k7mYR14sfmiQzuF68mvamu84KtMn1tvcrjpump,fleshbag,2024-10-16 10:54:00,7.765345321889846,0.00060692826381933,0.0007243821580235477,0.00026769162991769084,0.0003077369165295531,838856908.8374927,13771.684418014309,998665204.391626,10348.852226855643,998665204.391626,10348.852226855643
93RxvMPjnk7Sjg7U9h5iH7zcXGcNTZ9SPA6KVVqhMG95,SORA,2024-10-29 00:52:00,15.879664690734934,0.0003399478968313097,0.0008806138125435579,0.00031463067658603615,0.0006750879674035121,667628124.9195096,23785.662692471058,999679238.009595,22756.527488828295,999679238.009595,22756.527488828295
95Cm7gDac2tg9f9ou4M5QkqgpeEFBqoqeqBWNy7ByaE2,TORO,2024-10-25 23:31:00,177.26239774346325,0.0005845716543672838,0.0006502109661875641,0.0005570615759086503,0.00064542000295612,37874555.558747634,176331.0307265435,999999039.3067653,1617930.6803514743,999999039.3067653,1617930.6803514743
99wXkCkxKPbFdPAr8WSzYWyjRRYYbr2c3xos6Cfvpump,AITANA,2024-10-29 12:25:00,5.466757712162112,9.078047957369328e-05,9.078047957369328e-05,5.151088522554865e-05,5.151088522554865e-05,222685285.98879194,7114.411666470414,998432989.893943,3962.2602304240263,998432989.893943,3962.2602304240263
9AFJZo69ATfqf6qms3kd2hyDg7wKt1MHhr6dg8Tspump,Rippus,2024-10-29 15:01:00,5.395224541951061,0.00022661937623418842,0.0004650390243755491,0.00017930426765591328,0.00020813957333932944,942245767.0976702,8369.665412974598,998811839.834769,5514.974757189611,998811839.834769,5514.974757189611
9BB6NFEcjBCtnNLFko2FqVQBq8HHM13kCyYcdQbgpump,Fartcoin,2024-10-18 07:08:00,55.544619452141816,8.65492973341949e-05,0.0005799053958362704,8.65492973341949e-05,0.0005060498310078295,799968133.4258965,32957280.73136354,999995793.702304,952175161.7632004,999995793.702304,952175161.7632004
9FyvApf4t4BXhtT35LqHCeX2oewR1tcP2cNBbqkhpump,TAY,2024-10-29 03:01:00,7.299642212136757,0.000332759394667349,0.0027893423155541776,0.00010347459218311855,0.00010693697504345774,2876426646.4804316,8979.251745265534,999486341.845657,5659.152295358317,999486341.845657,5659.152295358317
9Gsw9iw1ZVa3vbaUiGinKWnFT3SV6VW4giKrzXNQpump,Chopin,2024-10-29 08:56:00,11.617019735440325,0.00035839158894289944,0.00046060613041738155,0.00016689730933404796,0.0001908657266059654,1625714785.044529,8523.590250729456,998464981.11965,4854.60746314932,998464981.11965,4854.60746314932
9HjsPutyGGPpxnRn4ibH1hTfPvitAY5EPvtAwGFkpump,GTA,2024-10-29 15:05:00,14.837776600880373,0.0007551876002410405,0.001223894969854746,0.0006122875333706072,0.0007207044927613716,620209056.4191569,36050.080608805045,999873922.9887,65959.79800794116,999873922.9887,65959.79800794116
9JhFqCA21MoAXs2PTaeqNQp2XngPn1PgYr2rsEVCpump,OPUS,2024-10-13 12:08:00,24.862643646258885,0.0013180329015391908,0.002005105843912723,0.0010801816699825338,0.0012661968356133548,688083964.3956349,1275419.584068761,999937696.471522,10630642.397397267,999937696.471522,10630642.397397267
9KhBNo1FoYyWbU8WdrPVzA1z1MVSEZ9VCVBEqWzrpump,CELL,2024-10-29 23:47:00,7.031486389041312,0.0006845520215753647,0.001127863469121012,4.654081480625167e-05,0.00012217847198526142,5075205991.426972,10205.380879520337,998208693.163238,6316.443729533586,998208693.163238,6316.443729533586
9MnKTgwFyXJgnZumHGT9NdHuzm98ACjkNwpLniLhpump,fun,2024-10-22 02:18:00,91.49984067956018,0.004276440734384876,0.037808296346105656,0.0018720085414958556,0.005047090036465631,3230789601.2031493,127739.72814566523,964861440.689743,208981.7503718231,964861440.689743,208981.7503718231
9PR7nCP9DpcUotnDPVLUBUZKu5WAYkwrCUx9wDnSpump,Ban,2024-10-25 15:50:00,260.04267804542025,0.0043519909737113095,0.009489543351843738,0.0030281998937920426,0.004599553870139975,1036066263.1813428,2351146.147701344,999862669.771219,49285074.39168992,999862669.771219,49285074.39168992
9Q3no5oBzJW37TgcBP22F6SVZCtsc3G3RHELSbbgpump,Shitcoin,2024-10-30 02:22:00,6.813297296894367,2.3391245440530008e-05,4.003013270334612e-05,1.653521819264397e-05,3.4092420571349466e-05,678296539.9666193,7164.28116688335,999302839.884027,4229.844493292292,999302839.884027,4229.844493292292
9TY6DUg1VSssYH5tFE95qoq5hnAGFak4w3cn72sJNCoV,DOGE,2024-10-29 14:01:00,5.729068099642944,0.11926484473333733,0.1432349723315028,0.07698118693166227,0.097268589080936,4103987.1311023803,683357.1519247481,9899494.999494128,3906191.9919125824,9899494.999494128,3906191.9919125824
9WXNvkvub2Fvg88n8mLD3iywpLmfhRZHZmdf8CGhpump,praiseAI,2024-10-25 23:45:00,5.9493251779324,0.0008214130186557473,0.003763003083672422,0.0003264520682150349,0.0004809672704394383,2866538834.8054066,27378.014809080894,999753664.484768,25205.697926676297,999753664.484768,25205.697926676297
9Z3LF3ymEVwCPLd9uBda9ieySYKVK7MzukPRGHDPpump,Gacha,2024-10-29 11:55:00,17.555228446808663,0.000949524826311158,0.0012133879537709624,0.00031879452751616704,0.00041762084029824684,2995456522.853856,29248.08625029098,993488337.725353,25483.042493115474,993488337.725353,25483.042493115474
9d9nFy1S4YRijRT2LH8GvV6KYk52ktbFcXtmsyc3pump,ARI,2024-10-27 23:12:00,10.026545904836308,0.00034776611768893006,0.0004422042256764099,0.0002639355528135138,0.000290615615494211,333410378.2281828,10610.026138785415,932323435.550554,6528.721407095024,932323435.550554,6528.721407095024
9ej363VCux3fGh9P3nZon5v6FVBWHP5BJUweBraxpump,PRIYA,2024-10-29 14:12:00,5.17459672285124,0.00012024434982012875,0.00014213803684845594,1.294376186208605e-05,1.7546934041747072e-05,4958565556.498613,7921.263044035215,997588737.339032,4358.62962396374,997588737.339032,4358.62962396374
9jZgvgS2bWtQiYzv48GcWzY4tnkeRSANbTm8Kp1LmSyS,SHAR,2024-10-23 15:15:00,6.267065790480038,0.053681543062092246,0.05983269281566043,0.03459343461890818,0.04220490412582185,318801707.4785005,1333350.5056009148,899946550.457615,687949.7977940266,899946550.457615,687949.7977940266
9oswXoLd3iWNM3ncyqNaLtDTSyEaj8mZR1Qu3SoGpump,YGG,2024-10-22 23:39:00,65.44570489975965,6.401240162005787e-05,7.417990224385432e-05,3.427722688401872e-05,3.438537429252505e-05,366370547.5093679,35455.338587163635,999841802.117339,35551.36005846859,999841802.117339,35551.36005846859
9pWPUXoZKWNPWyaegPQeR3Kn8aFz9nrGtm5jeAFzpump,WMM,2024-10-21 20:37:00,22.628645608814,0.0001893952740946237,0.000660408301903671,0.00017777736691211173,0.0005979987428580056,657183835.2498597,510517.14992074686,999931985.506128,2863908.786101169,999931985.506128,2863908.786101169
9q7dTw5oHvwC6frzaphxYhRNTRivp3BJGGxaXFqTZgUV,FUCKGOAT,2024-10-28 20:57:00,7.512779086790656,0.0006620241933961212,0.0008619752863885364,0.0006213697766691364,0.0006360458713200442,33700275.73158229,8716.84232081812,996141239.9599218,5161.20227154657,996141239.9599218,5161.20227154657
9tfvk9yCRV2sjFmWJPsGWrKLh2kAxX4jka2oAnvGpump,GAMBOL,2024-10-28 23:07:00,5.414750479553872,7.80758816809885e-05,0.00017848711870566803,7.80758816809885e-05,0.00013004252167786296,554343672.4244329,7809.30016258075,998917191.862341,4483.000822772533,998917191.862341,4483.000822772533
A6zsgi4fQXXFsqDGfoPTUduiDTRnttegF9Xsj7Jif7UF,GRA$$,2024-10-08 10:04:00,18.32479806661998,1.0671018600717357,18.330885494642114,1.0671018600717357,11.959987348755103,10691984.227437008,0.00343998108,2798604.349541,1194159438.3523378,2798604.349541,1194159438.3523378
A7uv3n1By5UNEa8UJqeCjGyLqHkMnkS1NP6K67VZBqd3,MEN,2024-10-17 13:50:00,6.904372176592024,9.80974309944251e-05,0.0007750041361170045,9.503198000564774e-05,0.00038267915766043725,999938879.4500155,10710.464625958957,9997281152.055553,8737.785822901504,9997281152.055553,8737.785822901504
A9e6JzPQstmz94pMnzxgyV14QUqoULSXuf5FPsq8UiRa,FIJI,2024-10-22 05:27:00,52.80775695393845,0.0002255621474714647,0.00033668242394522494,5.5437396951769094e-05,0.00014706668322752407,1593894640.4195735,102588.47941245403,946215876.739017,184866.54094734514,946215876.739017,184866.54094734514
ABHQGzXNoRbJ1sjUsCJ2TmTAo1uMx4EUpV1qYiSVpump,ruby,2024-10-21 22:30:00,6.584925788775549,0.0001840013696806156,0.00037663289709779607,4.194647309187178e-05,7.861260765913591e-05,1390952372.582661,47552.66601324536,999731986.967388,106803.04580124833,999731986.967388,106803.04580124833
AXva21icgQyqMfGhCH9YTdHRQNRNzZs3jWKgg5EwxyGq,SKK,2024-10-29 21:14:00,8.024028763538203,0.0004777511829054355,0.0004877070455850246,4.553962367129501e-05,0.00010321907531886833,1692821681.9978724,10749.89435739793,999485015.613889,8536.162365815331,999485015.613889,8536.162365815331
AjqNDnWMb7W1dnMsmPdMWaPjTn2hidAT5GVERCdApump,GLIM,2024-10-29 10:28:00,5.269720945489134,4.8730385898168715e-05,4.8730385898168715e-05,1.8964656731211056e-05,3.0570779773661745e-05,895241566.4273286,6728.175539991644,999802858.596219,3594.7399759731206,999802858.596219,3594.7399759731206
AqpJ2uRYEFdmsL1gZuQoMkWof8YRuuBVMm8dkNK7pump,tokidoki,2024-10-28 20:50:00,6.332641608181831,0.0001272330403169403,0.0002448442209768598,0.00010557194490699894,0.00014176775788913394,793742119.7339076,16389.91256958005,999560746.855579,13556.35477973103,999560746.855579,13556.35477973103
AtppVwA15CUsymGtCtZdFmpNqNrkWqmW3hSbC4uWBQa2,BLESS,2024-10-29 20:52:00,6.27896934333099,3.7143898684878806e-05,0.0010832367602664876,2.4098013859235766e-05,6.322645212153858e-05,1834102270.7027287,7009.567309058143,999481134.934761,3657.751621649605,999481134.934761,3657.751621649605
AwptL2WRgSKXYpgg7vkKKw5GmRr8SjW8vDYFoYoUpump,AIGOD,2024-10-17 10:20:00,9.886661314218916,0.0002799003350629817,0.0006241885056272126,0.00018112326320380014,0.00019145484118593086,2042337334.0118468,74250.50650170373,999617859.987805,160955.14603964932,999617859.987805,160955.14603964932
BAmHS42JqR51sZ6oqPhj4pcqi6dFFYDka77P4Q22pump,Malakai,2024-10-25 22:33:00,26.32436772876746,0.0014315628916322617,0.00273011088567954,0.0009703422124400826,0.0011415460053705178,1322172464.1702785,54088.593519373004,999961169.870442,77850.13494797771,999961169.870442,77850.13494797771
BGaumRqjesfv7jHecTG4cZJNJKt4eJGpTPeFqt3rpump,Gapeape,2024-10-16 21:55:00,5.988842188751474,4.982126553999878e-05,5.220104351939939e-05,2.7275498835438355e-05,2.7857071299425725e-05,151416001.28119203,60466.381897619765,999858641.860571,119557.84662447665,999858641.860571,119557.84662447665
BKjCZPiN5CgB97sndGNFH3rPiGWP1i6WmUN6uDcbpump,HNYAN,2024-10-29 05:10:00,7.435692056158288,7.578498930620203e-05,7.595422525926774e-05,4.007585508272752e-05,4.812289225430715e-05,400059990.3541418,7107.235556373506,998577917.728068,3945.7791641206327,998577917.728068,3945.7791641206327
BTdGTUjHz5FUSf91Ufo9L9r4LFMTRhE1qDtvUUfypump,ProjectSid,2024-10-28 02:12:00,43.750576841766765,0.00030463862557700733,0.0005117575400146164,0.00024137012071283036,0.00030295067561015096,1035068173.6487018,64583.866057601736,999899913.221049,124091.71294309672,999899913.221049,124091.71294309672
BWxRRwx2WwsJqihxoK8GVNRKKWD2Pp1DsmWXQ2NuuY3V,BITCHBOT,2024-10-28 07:23:00,16.919488873005466,0.0001459219182130046,0.0002648574637529302,0.00010033447934245342,0.0002059232385832915,1491382563.4396536,6557.289529536678,999237236.2997174,5096.633388685834,999237236.2997174,5096.633388685834
Bb7ZnqoTaLBubW3Pqmyp45FGmQ1iGrBs3AfL5zWQpump,HIMARI,2024-10-29 09:19:00,7.290348543440457,0.00010131659091657787,0.0003204627387094568,0.0001009961431633257,0.0002932619921083338,4002187727.643584,8804.280556378728,998848434.753556,4731.618025430625,998848434.753556,4731.618025430625
BcnQmjHhapKwGCeWTZD8R9gHHFLqPwx8EdxmXmJCpump,THRONE,2024-10-29 15:40:00,5.419144589993654,0.00016817309232503846,0.00020417207728506054,6.225928094283532e-05,6.270257823612224e-05,1106765058.564669,7404.347227900557,999094517.594014,4152.661095902659,999094517.594014,4152.661095902659
BfdVHnbt9LSNAFCZU9kvTjbrH3jX78sv2siLKGQ7pump,koto,2024-10-22 15:57:00,60.39526081147327,0.001147834626447775,0.0016400207922226515,0.00050267630649184,0.0011243675612844209,1296012852.2174153,823650.3012702476,974991702.777164,3997363.348455008,974991702.777164,3997363.348455008
BmnUU9r1F9PJm4N5z9Pv4Ev7Exp8DxYiL2NVQoKSrsS7,Kromem,2024-10-21 14:40:00,7.534262771571069,0.00018460805447900893,0.00022666549694833713,8.752670429541485e-05,0.0001053115878654251,907348269.7815639,28154.030731424424,999873661.617476,28716.73453538257,999873661.617476,28716.73453538257
BnCdcooM2rBFj5PqouWsqZ8ke2QpbRW8adfoejuYpump,RNA,2024-10-29 06:54:00,37.2745009730018,6.257918610033883e-05,0.00011224554096170784,1.814094275877818e-05,3.142057505057844e-05,2416629676.772249,7909.715501477049,999141185.926398,4269.28343785431,999141185.926398,4269.28343785431
BoAQaykj3LtkM2Brevc7cQcRAzpqcsP47nJ2rkyopump,FOREST,2024-10-15 22:15:00,12.955635217367645,0.0005322452481141001,0.0005783961023048638,4.5464336668302344e-05,0.00011591759808223368,2786009382.377754,1130328.4891381096,999987032.42831,7405921.209626825,999987032.42831,7405921.209626825
BoBj68cWnCvzMNUKzJyR7Jq7tLM3v76D1pYL1E8rpump,TateAI,2024-10-24 07:58:00,41.53303384243839,0.0007965503838936401,0.0011943607074603913,0.00033387037720071397,0.00038801456871050014,861013286.0089144,61678.45616166089,999909272.138836,101947.47942346382,999909272.138836,101947.47942346382
BoyAq9YacyJQn96e3SM4GQrxKQEHuLXs8sA3V4aspump,Eve,2024-10-29 14:34:00,5.037346305926952,8.437317918222129e-05,0.0004807394305824951,5.384678157020063e-05,0.0001609376267083725,5252216126.888962,10105.639450749732,997497284.248812,6065.487632725396,997497284.248812,6065.487632725396
BvKs9ojkYftYCRrsMFZrQmQ68WxbWqP2qa1y9ep271A2,HC,2024-10-29 23:18:00,8.727766210063685,5.453450975002361e-05,0.00010540049252688775,5.453450975002361e-05,5.605059539191058e-05,221846795.11513606,4121.543960197085,999766210.4075118,3265.2117235366477,999766210.4075118,3265.2117235366477
BvSyXBvy76mUgzLSbvvT4NQw5rSM4P5zAsdnvqUJpump,SDOGE,2024-10-08 00:55:00,65.15029067896666,0.0020163716690257574,0.003145890531046623,0.000937424665644578,0.0013885783101497198,902927026.722689,704613.0593771643,999941934.068975,840841.6222593816,999941934.068975,840841.6222593816
Bw5oXrdwFH8zmewejTVBa5364qFSyA7kskSg69LZpump,Xin,2024-10-28 20:52:00,8.263778844610897,1.7106789144536073e-05,3.310584648158813e-05,1.7106789144536073e-05,3.247556688791863e-05,143061598.456134,9640.869142174306,999961399.33357,6633.283713564379,999961399.33357,6633.283713564379
Bz4MhmVRQENiCou7ZpJ575wpjNFjBjVBSiVhuNg1pump,Project89,2024-10-24 13:24:00,55.24830884773116,5.25488433054041e-05,5.25488433054041e-05,1.6097088431464312e-05,1.973317828133523e-05,1194951467.3972635,2086164.7280228208,999995372.456554,22005023.43607385,999995372.456554,22005023.43607385
Bz7vVzQhm2KMW1XgcrDruYega1MiwrAs1DQysrx4tFkp,WAP,2024-10-07 23:57:00,6942.9082705358,0.01883245153885666,0.024871292750200925,0.016600922485126592,0.019656822950464586,14092506.210835207,77121.0448093911,999942868.8749391,103952.96499391577,999942868.8749391,103952.96499391577
C4j7kPx9PqDnfvxe2uycJQRTAeyGwmU4DyGf21Xgpump,MD,2024-10-17 22:39:00,7.089195552575,0.0001800799821950653,0.00038997648484580066,0.00014558380269937931,0.0003173502956914318,478979458.89709294,115956.72973005562,549772455.437762,410450.41283767996,549772455.437762,410450.41283767996
CBAZNZrZtiBB3GToBqCZ9sRiXZV1z81F6ncH9Exqpump,gs,2024-10-29 14:59:00,5.114794034872886,0.00014542457557586484,0.00018408733489031311,1.8596949835211605e-05,2.270003291984544e-05,2123758877.972013,7165.713991801747,999210628.862511,3898.2173865646005,999210628.862511,3898.2173865646005
CBdCxKo9QavR9hfShgpEBG3zekorAeD7W1jfq2o3pump,LUCE,2024-10-28 17:19:00,55.82955540852137,0.00516131304650765,0.009051650100566341,0.005029402797134948,0.006950529610372276,434159793.150801,4307042.98468232,999995662.330529,60103943.10606463,999995662.330529,60103943.10606463
CCEmLiB7qJP59q5PbqHerP3th7bUAG9kPft9ePwYpump,Mark,2024-10-22 15:02:00,63.04773069336869,0.0009360246165366786,0.0023184297642136953,0.0009353071740886795,0.001607548070941044,374969933.0157699,27428.806307407776,999877827.7981,27302.501152034314,999877827.7981,27302.501152034314
CG5e8otTfszRTZRTNy4WQq5VaLsZW7tuDKMGHJVZpump,BARK,2024-10-28 19:58:00,18.615272908997053,0.00017377584372195562,0.00017377584372195562,0.00010225555803051256,0.00010225555803051256,85022918.10333999,23677.473837430025,999438153.522763,18181.926135011323,999438153.522763,18181.926135011323
CLLNTfuCHWAfRzo7utGPcZ6qjcwkDrSVyPVywCUSpump,TV,2024-10-28 08:32:00,33.196000674522175,3.833375154718672e-05,0.0002024842852717759,3.6666094253750174e-05,0.0001646317419873937,1656448059.3405523,9632.635957803212,999467206.295709,5962.8170755175925,999467206.295709,5962.8170755175925
CUzSRjBvqFFq45mg6j9oyQrDxyUTHEKM2xqKzDkZpump,SYDNEY,2024-10-17 04:20:00,42.96397401266224,0.001745639814793874,0.003204497573755268,0.0013802680308021924,0.0017028895256824426,696585129.9247489,144568.57499715377,999614183.281516,272825.6282579273,999614183.281516,272825.6282579273
CXfErCqD2ufoZZ7791sRetSiMkeFSH6oKAjW7ERdpump,pig,2024-10-26 01:01:00,18.04813910049138,0.0007281407190727595,0.0014219646575778118,0.0005641861151762362,0.0011414857721786392,898828835.0182058,82537.2441529228,956951320.426059,133152.99925109756,956951320.426059,133152.99925109756
Ca8AnVoDbwv31gddMHVyNLpHWYkGRRQFoXCcfe4gpump,BILL,2024-10-29 16:10:00,6.112605350735768,0.00035161815737906507,0.00042283437984036296,0.00017005672320867646,0.00023276553812281054,624515457.5036031,9307.829415982196,997762523.789587,5700.790878205466,997762523.789587,5700.790878205466
CaPS8EpC78RsnDdjNfZGd7Wjdg9156ijvC1aFcA1pump,BUIO,2024-10-29 23:25:00,16.659718642006755,0.0008371434223324521,0.0010230398712664224,0.0006083224694034736,0.0008259435070075694,173841668.97790888,24049.284196654582,999380577.865198,24585.97631927676,999380577.865198,24585.97631927676
CcTxy8iD42BR4PGA3MV3SdMfa8snn2rRgvXJfdDypump,KAORI,2024-10-16 07:56:00,5.954169939469552,0.0003829154836794053,0.0003829154836794053,0.00010568490726017909,0.00024027998316451883,2874386085.8028893,15547.300224833763,999180281.898665,11042.147060592968,999180281.898665,11042.147060592968
CefZxozhhxK88XPJoeWBczYSaBPd35tsKnziTH6Cpump,KIRA,2024-10-27 15:12:00,7.8819176611953905,0.004323237832598286,0.004940125098684484,0.0023934587960731243,0.0034618124057412348,326225142.58186036,335979.44847293635,999925998.174942,1546638.843407661,999925998.174942,1546638.843407661
CgtPwSv6w9GmP83p1ctaBMrsSwM7b4WbYvGUchw9pump,BORK,2024-10-29 00:43:00,6.040236475633424,0.00027707626046497203,0.0003282074114587048,5.494666000824999e-05,6.947450018156622e-05,3541370781.0716953,7588.300396969039,998983420.715698,3817.948267122591,998983420.715698,3817.948267122591
Ci6Y1UX8bY4jxn6YiogJmdCxFEu2jmZhCcG65PStpump,$RATi,2024-10-14 10:00:00,23.88892726830531,0.00015315812928670997,0.00029938717244988084,0.00014880721998265044,0.00021155233944515273,472382937.1535594,74495.3423479222,999893046.629789,201908.35107897132,999893046.629789,201908.35107897132
CnTFQGX95Kw6XJVHxGgyWQoLrrU4o8UaEwDzE7D2pump,BIOCHAD,2024-10-26 21:52:00,7.243292218567074,0.0003803037134106593,0.0007689536929883741,0.00034989448358066955,0.0005709016777733745,133903147.99141803,26859.35821131921,999962841.545158,45890.15827109458,999962841.545158,45890.15827109458
CoseJDEHxsfjjQs5CaXWGd4PH2irHam2FxeuwN2jyAL9,POPFROG,2024-10-17 01:39:00,1115.1683799607954,0.001462259043885155,0.0020891796846899987,0.001462259043885155,0.0018048927887887175,22312784.10781601,14039.30116194412,999638857.4269136,15045.421171576647,999638857.4269136,15045.421171576647
CrAgb7mMQK52887zGzkDJs4HJbithMWfhcsCQBWSpump,Catholic,2024-10-29 16:09:00,7.733918693675908,0.00022110205616843908,0.0002748207875459208,3.597905354734609e-05,4.231503861982405e-05,1926907070.2827775,9526.242558573289,922069902.246085,5549.007973127373,922069902.246085,5549.007973127373
CsT44i2W2MWp23WQ2EqjorxZVVzuN4niw1cj1Qr5pump,Trina,2024-10-29 13:26:00,6.731338746796413,0.00010543674021401989,0.00010645258725617704,1.9920000790470556e-05,2.2976219262441098e-05,3078584841.211203,8834.686091375585,998126325.289927,4942.1455234574705,998126325.289927,4942.1455234574705
CzLSujWBLFsSjncfkh59rUFqvafWcY5tzedWJSuypump,GOAT,2024-10-10 21:35:00,74.0650197816791,0.0002554216149063834,0.0003755780970200718,0.00015454779338454285,0.00018291240460420615,1186741273.9100008,13456972.924035806,999996426.641239,449092737.9207163,999996426.641239,449092737.9207163
D1RHzBk3rQeCgT9ZdDjEYhfQ8pUTpRj1r2daUExutXTt,TRUMPKIN,2024-10-29 21:02:00,8.000808870048772,4.812437904898854e-05,6.174062686602193e-05,3.3883561294149906e-05,3.913701013264172e-05,1043204686.6733443,4075.4206982326373,997147615.972389,2306.9598221957563,997147615.972389,2306.9598221957563
D1hTw3FDvNFcBrZJo62Z6TBVEGsRAbPdahU5Nv8Cpump,CHIEF,2024-10-29 21:37:00,11.461816290432994,0.0008879588620003843,0.0020134642277289385,0.0007793022249592974,0.001315156568546586,124703110.79939908,7671.0217135437915,959893208.383014,4430.604919881761,959893208.383014,4430.604919881761
D8Uf5HeqqJDACDSdrVTq262UDHZUppEjFEGsBXxppump,DOG,2024-10-28 19:01:00,6.113799655689118,0.0006236605283077045,0.0009154169985142462,0.00047322746945482674,0.0005679342403611627,588444659.106547,10010.108138410653,996505048.064771,6123.835776224413,996505048.064771,6123.835776224413
DFqZEP3MtYKqPuJx1A8tjuQDZNwdtfn9EePYopZFpump,kumamon,2024-10-29 03:58:00,5.5857395976904245,0.00020029207856379395,0.0002478163026569206,1.2534747825720298e-05,2.1595051904589265e-05,3959591374.151723,7791.811675418805,997279805.402113,4681.269105820714,997279805.402113,4681.269105820714
DFy12AkbxKnR2s2gaYz1AvxgxqGDrMEjjzK1GG3Ypump,choccy,2024-10-24 18:04:00,6.726399592983326,0.00012978969183449906,0.053034966653026525,0.00011150100022471321,0.00028392518015226065,3460671019.229022,77294.6607642154,999841985.550669,187959.96831249283,999841985.550669,187959.96831249283
DPEPsFbcwLhNQP9RWZDCaQUnDtdRjRCAom5gLWa5pump,IOLY,2024-10-15 04:48:00,8.667943549741688,0.0002525977691395241,0.0004300238226397146,0.00011278359224480275,0.0001825300159748138,1081680624.2098355,31561.054186339188,999920987.421916,36252.64694618481,999920987.421916,36252.64694618481
DPfhZt2wjTYTsA3JjNEJCDyX3Rn1ef8sbje6AMGDpump,soliloquy,2024-10-14 17:25:00,22.06978415225964,0.0005144936003635104,0.0007848068923241573,0.000186608242262516,0.00033383836442988176,2006925332.0314138,144742.06358915725,999882515.719254,488840.829430629,999882515.719254,488840.829430629
DfM9er5w34UT5rKDYm3HD1WMPWYYW3NTGhCbrXufpump,CRUMBS,2024-10-29 01:32:00,7.1267242017248025,0.00013368638189672162,0.00021796967121708253,0.0001332951068273759,0.0001592710502989132,476641577.9782678,8916.400706121933,999312842.319827,5683.905824427751,999312842.319827,5683.905824427751
DjjR9m7hRi8FckyaLQMxFNxftSdefme9SzA7zS5ED6F9,AGRY,2024-09-30 18:29:00,6.832773239202901,0.5625198806203512,0.5625198806203512,0.5625198806203512,0.5625198806203512,0.0,9.519729641199,8148460.73411474,1193007532.1163344,8148460.73411474,1193007532.1163344
Dogg6xWSgkF8KbsHkTWD3Et4J9a8VBLZjrASURXGiLe1,DOGAI,2024-10-15 21:12:00,5.421893058845131,0.0001770369145995083,0.00020051262486499714,0.00011897842670327075,0.0001668388116962864,526097319.58982354,110771.41046747382,999800277.523679,559443.1982392971,999800277.523679,559443.1982392971
DqWbfzoFmZPrrQP7MdqYvwZbCkBNu2fSSaJqUrqEVYyX,$FF,2024-10-29 18:53:00,21.742786519079356,0.0031019653489814934,0.004102713143309687,0.0008883588394113023,0.0013125940545918556,1946587043.2245145,28981.32258263942,964971455.251018,25735.385818283237,964971455.251018,25735.385818283237
DqwYJXj2oDY545oAQgfh6x6cMKqEM97BoErdF3hSpump,BEWARE,2024-10-29 20:00:00,21.526787010788617,0.0003459823414451161,0.0006789046643098771,4.486513830358085e-05,0.00011270299252386464,1841220358.2707906,12978.930024292094,981432043.862675,9220.680189034036,981432043.862675,9220.680189034036
Drd6JuPM9h6vSbk6jpbVoMbPYiBZonsEsHFSmhigMEgQ,imagine,2024-10-29 09:19:00,5.371349225740786,0.0010476833854282587,0.0016398571939040508,0.0007874192629982398,0.0008843365340871893,421295892.484745,11795.16285652996,999280166.974237,7662.648731863876,999280166.974237,7662.648731863876
Ds4tykSf8vESCZPDLznadsfPXNgPzU5mVwc3oXXFwX5t,AIMAGA,2024-10-25 23:04:00,50.03359241166664,0.0001623269103530811,0.0002248817852245457,0.00015242306937132674,0.00020826844721971998,239591101.12917006,15548.200503860056,9699986413.426342,29374.265813581904,9699986413.426342,29374.265813581904
DwDtUqBZJtbRpdjsFw3N7YKB5epocSru25BGcVhfcYtg,WORM,2024-10-24 06:44:00,72.30922911138045,0.004053376428747185,0.004304756667037528,0.0020383265419198445,0.0033067706154365443,1015566891.2417583,1460400.6848895587,999997223.550893,17786602.04499166,999997223.550893,17786602.04499166
DwGJNktdqxH2n6rvQ2MYbMFNzxp8zD5EEGEU59Qapump,/higher,2024-10-29 03:25:00,5.006420801949549,6.916012769507509e-05,8.700183104523868e-05,3.3091937239535756e-05,3.3091937239535756e-05,521116425.8653701,7314.36962022039,999460355.957645,3951.740169156629,999460355.957645,3951.740169156629
Dx3Tb5DXfHEaaKejcerYtpQx7h5qUiikwBhkqTWrpump,KAPWING,2024-10-29 05:50:00,10.30640397943675,0.019938443253466203,0.025922656169682503,3.013787639176551e-05,3.013787639176551e-05,736862407.7213384,6815.6382893175405,999979770.992412,3429.3048683761817,999979770.992412,3429.3048683761817
Dzjy3hSeRKfCmgVcNheyHN8hi4zDCPT9mXH13GJVpump,HB,2024-10-29 17:58:00,7.965308084246999,0.0007240880667822905,0.0007804787164657722,3.379301989649933e-06,3.696181190288218e-06,1830112063.295966,8133.203405232121,997527791.290967,4149.849555781064,997527791.290967,4149.849555781064
E1vpyG4Yy7FV4Y1aGvGkRV5PH38JrEZv2QUm8PEdpump,DRZZ,2024-10-28 03:28:00,6.397928575233857,0.00033327474106083357,0.00034261238404356323,0.0001858393421397007,0.00022665974963669084,254023891.12385508,44032.64985963868,954915129.375623,91062.5393327693,954915129.375623,91062.5393327693
E6AujzX54E1ZoPDFP2CyG3HHUVKygEkp6DRqig61pump,Pochita,2024-10-02 17:10:00,22.348874063759027,0.01330345527575854,0.015744520322168783,0.009536101137442169,0.012428837962398782,608422042.410683,494549.4097388618,999971059.859978,2010377.1776519169,999971059.859978,2010377.1776519169
E83nfay8WhS9bKAQEdBbCi73XvSwmLeWGXUs5qHupump,PIXEL,2024-10-29 22:52:00,6.034883552064263,0.00011277571017465307,0.0004210420250249858,0.00011277571017465307,0.0001976203925172629,550479005.3843311,8592.518285816677,895307243.526447,4546.022523106917,895307243.526447,4546.022523106917
E8F25YPZv8128TheGJxfa2XMAZZyTQRYBfSaVfszpump,ðŸ†™,2024-10-29 21:48:00,5.444001940709512,0.00021448317295985001,0.00039324799646938503,0.00021448317295985001,0.00025787867039303775,352232890.7946442,11020.965797623408,777421838.147104,6398.213410009384,777421838.147104,6398.213410009384
E8XbEd58s12PzTyCWmFpWTTrmr46AhT8beVhdps3pump,CA,2024-10-28 20:01:00,7.797017766289806,0.0006767521538853426,0.001105790182779636,0.0004441039583793005,0.0005276441187261091,546045768.0174187,13232.340683976123,999911930.137893,11403.943083120581,999911930.137893,11403.943083120581
E9D6L8hM9ZDZPdMo9vAjtWAGEasXdEfaK45bsBsApump,DrDev,2024-10-29 15:58:00,8.29833413221541,5.9733043037335345e-05,9.19439068277869e-05,4.537235031767746e-05,4.537235031767746e-05,377761601.2772288,9192.628604834445,998371519.312402,5174.594045063108,998371519.312402,5174.594045063108
EB8uJb7PfZhEGgLxzTURemxoXMHAEvAnbNi48JQhpump,$KID,2024-10-20 03:49:00,6.381680534421128,9.428581404422632e-05,0.00014366726847463078,9.336315995136312e-05,0.00010930665909900113,215063132.67839226,62908.5603970233,999992794.388246,143547.6625441634,999992794.388246,143547.6625441634
EJdD2Tx4MWzbhjMRAHpTPt7xHTr9wKyDqQtnXH2wpump,ddog,2024-10-29 16:39:00,11.004968700966478,0.00031149945174896687,0.0004318479437614008,8.57005179048071e-05,8.57005179048071e-05,1712497809.0997787,8331.4040924299,998791259.080907,5378.029109423518,998791259.080907,5378.029109423518
EYrci5wDqErWHXjKPLxeWtbXq36JcFKzCC7JoMi1pump,Child AI,2024-10-15 02:26:00,16.03590415520521,0.0003511485475546098,0.0004541924609783291,6.699969364876302e-05,8.097065004470264e-05,2570850750.5368905,79169.69685553346,999930464.057633,153792.49836028507,999930464.057633,153792.49836028507
EegQmCFNWdhZsh75XUdW2TaM8S13LAGf6JzNgHpxpump,pixy,2024-10-29 13:03:00,6.487619809213414,0.00012170513231164542,0.00035307293306285014,2.4436378413031814e-05,2.5377974029177126e-05,2474591549.8162327,7946.239472291527,998317718.442764,4390.804837062987,998317718.442764,4390.804837062987
EijUb7SgZgoyCe2KF8BzTsyrPH7DrAaZYNVD67SGpump,HELGA,2024-10-24 15:37:00,7.951270367788783,5.1883631980052117e-05,0.00039329119467082486,5.1883631980052117e-05,0.00035964979308039793,297660419.70259297,7566.303824698991,999995647.534041,5474.811311991689,999995647.534041,5474.811311991689
EswvJvhPy8A8rWPdLJ5ATYW6cY5x483oS4QWWroZpump,FRIDGE,2024-10-29 05:36:00,7.765680683225976,0.0014955913680246252,0.0024701587730094243,0.0007677723538148588,0.0009737869557838617,722553982.7324106,133816.58286263782,999965979.425751,439196.2925671679,999965979.425751,439196.2925671679
EtKQEWWWGJz6AuCnfovQJ1wFB8Hxs2P3Zqz7cM1rpump,FE,2024-10-29 14:52:00,9.211504460307289,1.855492729837373e-05,6.258694964889446e-05,1.855492729837373e-05,3.7864188233746036e-05,814312495.1271901,14425.103085675977,999781670.553462,13324.78828975868,999781670.553462,13324.78828975868
ExffBfDNutj92PvrVLswsxx9JM6mjZ21dv3t9VWFkW5r,DOGUE,2024-10-29 19:37:00,6.202521131265177,6.423107434450412e-06,1.6448669791330383e-05,4.1315159399009e-06,1.273047151238229e-05,1895215890.8961465,2553.1326729238144,998260248.5373799,1038.0696965412296,998260248.5373799,1038.0696965412296
EyDSYZM8RYQUc7ux41dNmR7BRk7tMzYnWmYeiKzCpump,ANDY,2024-10-29 09:34:00,11.139402413769712,7.081973210761249e-06,9.630922937832474e-05,6.859084741897628e-06,4.536544170663792e-05,2444880858.426082,7757.785786056122,999646372.8179,4416.745719083587,999646372.8179,4416.745719083587
F4aLcMxQy6CPcXAuER3J5QgB89n4fqBMs2bcrqQBpump,BABYGOAT,2024-10-25 12:22:00,6.309709965065155,0.00031055868516104607,0.00039743540505329366,0.00024694197224341374,0.00027997468521909436,550073002.9770137,78598.47857845637,999809879.8192,142145.04875357097,999809879.8192,142145.04875357097
F4tSZWLqbDB5DFWAjDx5BhQD4KZ5UwscjyVD77Wtgwn7,sphere,2024-10-30 08:45:00,7.982444779552074,1.269392502571652e-05,3.19334063928426e-05,1.269392502571652e-05,1.6749160000040925e-05,830091218.3380144,7169.9823082815055,998850689.681419,3889.780380545293,998850689.681419,3889.780380545293
F5hqdbykXuksp8P78CAZenSvpPShAYKrP2U2MiZMdgFN,bop,2024-10-24 17:04:00,6.404377700789074,0.00011338126392275692,0.0001954272983135697,9.48899702398762e-05,0.0001333059005645167,851778255.0804545,297503.8075649587,998758591.487501,1699777.2944234181,998758591.487501,1699777.2944234181
F8btFvgEKbsBvgornHg7Yb4QUgtceiyFeEaMZVQopump,Patchouli,2024-10-29 15:32:00,8.239822375926945,0.00013152773303484676,0.0002506830650437077,1.4676580497064065e-05,2.833708723020288e-05,4136296206.887371,15561.082357315727,948481892.336529,13006.706920820654,948481892.336529,13006.706920820654
FAJW358HjJ2mHXSHbHyxghfVGzX5SBoupdjRr2y9pump,sonny,2024-10-07 16:46:00,6.862164861909764,0.00017746969473843852,0.00021945909804194625,0.0001001247327398962,0.00015602199156221493,714081522.3024982,98241.70406407975,999682821.775482,191973.9364415504,999682821.775482,191973.9364415504
FAS87Vmmejcf5RBtpfGZ8vPAjR2VuUZJ6Sojf8Jgpump,MOLANG,2024-10-29 14:36:00,5.486998186715257,4.7027411177970994e-05,0.00023676293768679467,1.2134143206951917e-05,1.2134143206951917e-05,2777621607.3907733,8742.527247909267,899253216.705082,5361.838711113569,899253216.705082,5361.838711113569
FJWNxkJ9PRQSzF7b8Mfgp72Xra3rdiRuBmL4udQGpump,BACON,2024-10-28 21:20:00,8.450431640175252,0.0001525377486507018,0.00033804407916260195,0.00013303675313514486,0.00023459743269490537,191084845.1551869,9107.855008188317,948866171.077236,7067.731428606141,948866171.077236,7067.731428606141
FKhgikDbGfqFmYxrywtjz28zCHpJaAEyQAZS9X43pump,$duck,2024-10-29 16:22:00,5.225261772816606,0.00029453298514984453,0.0019859357273236343,0.0001920514041556229,0.000635787846577498,2429956524.183156,8890.997921183098,999095410.19038,5394.865574616179,999095410.19038,5394.865574616179
FQ1tyso61AH1tzodyJfSwmzsD3GToybbRNoZxUBz21p8,vvaifu,2024-10-18 17:45:00,20.81289826607444,0.0017174416009875365,0.0024451638554486466,0.001060772574628239,0.0014557344570471343,1242360002.1604521,3310433.245623577,994111514.019346,51151091.69016538,994111514.019346,51151091.69016538
FS3GYZEzE3zS1NdtCRfzrtc2fY7SWxk91b8Z843vpump,MORDUK,2024-10-28 17:59:00,7.855203979175432,0.0002469750608438765,0.0005159643303674016,0.00020640406061052266,0.00039185818969791566,299791569.6213848,9575.908529518572,967350942.354666,6356.6900026214225,967350942.354666,6356.6900026214225
FTSKFUft1b6p5AtivKfmPdyq7PvEm487PNYS93mjLKze,CUTE,2024-10-28 23:30:00,13.877823309446391,0.00023790278475018382,0.0004175211956374676,0.00023790278475018382,0.0003182437050005205,650872440.5313766,6565.94259723772,998856381.796957,4422.995367657381,998856381.796957,4422.995367657381
FTgzfmjd8apaVRgVnXqZSD4xTC99SzobfQBBDXL6E8yb,Fiveish,2024-10-29 18:22:00,7.670170336766192,0.00011294769708744434,0.00046076274998385657,3.136570097128612e-05,6.176645073945529e-05,3001450438.0538306,7301.52491751792,999720361.270932,4067.98390547741,999720361.270932,4067.98390547741
FaGU9cdfdRpy3LREbwMzES2pGCNJGKfMYMeDWx8Jpump,ANDYCHAOS,2024-10-29 12:06:00,5.512490071460343,2.0007589011019554e-05,0.00017992829931564404,1.2579765403747133e-05,6.459501323707546e-05,5594165586.13768,23170.35895120252,999832991.25905,33624.276896196534,999832991.25905,33624.276896196534
FfgtU4bMte3JRZGX7kcNVywxiGoSqUTga8eZxTSFpump,Alpaca,2024-10-28 22:30:00,11.969693094442505,0.0005126612677436755,0.0007369302354759355,0.00019985182892160594,0.00033957050123160925,492153109.08435,94581.5170351197,963290359.48542,270850.0571341562,963290359.48542,270850.0571341562
FknQRrLBxWMPh7ep5PTSnGxAZh21btbMzgYgyGXopump,SKK,2024-10-29 21:18:00,10.024252340085413,0.00011984579982432643,0.000896166964644632,4.802675156017901e-05,6.428525001976279e-05,1782401618.6394098,15444.360162042258,999755626.829094,18694.228718829807,999755626.829094,18694.228718829807
Fof1DyVSYiQGCnT3uTbmq8kQMPdwL35x1bD82NaTs9mM,Santino,2024-10-28 20:26:00,5.217726297605631,0.0006513649879694537,0.0009213254585694845,0.00045181914082616383,0.0006010402641112643,196080160.5878891,90601.97222789003,999963248.97397,235797.4069819749,999963248.97397,235797.4069819749
Fosp9yoXQBdx8YqyURZePYzgpCnxp9XsfnQq69DRvvU4,MEDUSA,2024-10-14 13:47:00,31.282387212017312,0.0018252242564892546,0.0024835598691672536,0.0011123497687885837,0.0013876884402388573,982109128.6271108,156475.4687729978,999904211.711793,356307.74867893895,999904211.711793,356307.74867893895
FqvtZ2UFR9we82Ni4LeacC1zyTiQ77usDo31DUokpump,$slop,2024-10-21 00:08:00,29.43086661838357,0.00238455067813062,0.0030224874979223174,0.0016078920139199061,0.0016813006989698578,439115389.77626646,316853.5339114904,999969446.974107,949934.0522126787,999969446.974107,949934.0522126787
FskzSqy7Pi1f3nWorr4WhhQboxzyv8fv6Q2e8xyDpump,morud,2024-10-06 23:39:00,6.90881011213328,0.00023055664297600185,0.0002727233206183645,6.210289050304759e-05,0.0001061564402624376,1441311791.4364536,149461.13342118319,999955315.851329,441363.91748479515,999955315.851329,441363.91748479515
G1vp8ujZUVTpikqmzEjzBWYkn66WnErvT1eqXP36pump,DOGE,2024-10-29 03:26:00,9.0571454979307,8.226887130621356e-05,0.00010492394683693143,2.7329326383236883e-05,3.35442935918396e-05,1675198676.3020568,8885.66795669325,999104741.442673,5533.441119125183,999104741.442673,5533.441119125183
G3yaz4QgV5CeyDXgWUbjDA3StSSuPLnfgu12sWnEGWsS,BLOOP,2024-10-20 22:18:00,7.956386034895758,7.712723530908478e-05,0.00017878031265872608,7.712723530908478e-05,0.00017878031265872608,76063505.55242136,13311.046818179591,779238233.6183887,10534.895912345795,779238233.6183887,10534.895912345795
G5YeXa56Bnd5aVpKSUcD92yVsigQY92mNCcLG7QUKGkG,TORO,2024-10-29 02:05:00,5.073462905143547,0.00013457141041330354,0.00033152172689569125,0.00013457141041330354,0.0002930282637423585,39776177.0,0.0,99999793.35154475,14159.340684306399,99999793.35154475,14159.340684306399
GFGSBt8NUqXa6w33dScPXoJQsq7iNpjLXaB7FNj5pump,01,2024-10-19 23:33:00,8.930150737543348,0.0003797256313207372,0.0006816727317125779,0.00011347259959277929,0.0001621736559743125,1360560642.6406868,28394.616598401914,999851614.531303,31834.197740018673,999851614.531303,31834.197740018673
GGHga4iRCxEvq9Ky4MNwk9amTbLLg53bBHcSjpJLpump,GREEN,2024-10-19 00:19:00,20.35440224284629,6.5557523131657e-05,0.0002580086316550965,6.540116866731878e-05,0.00024330244504051872,456426270.2510815,33821.81067079822,905245007.622224,41659.34694498372,905245007.622224,41659.34694498372
GJAFwWjJ3vnTsrQVabjBVK2TYB1YtRCQXRDfDgUnpump,ACT,2024-10-19 12:24:00,43.815253341410525,0.004631629711653717,0.007947455061838705,0.0036948391849507684,0.004880627563371096,530130125.1303158,7999557.473845001,948246411.169132,269890925.88046813,948246411.169132,269890925.88046813
GJRgAWJ56BxvYcaeCQJJhxgxzxfNYBRhPRuY4rY3pump,Sonny,2024-10-04 06:59:00,6.191299593199929,0.00025120588575235385,0.00028108874137278253,4.725414079467838e-05,5.6443421738930476e-05,2348512423.8034844,21135.843297364492,999670966.029579,20713.113126009503,999670966.029579,20713.113126009503
GPF3b1vrWJfpaNNAXqTDLLnSRHTMG6auWonK3LAWpump,D.O.G.E,2024-10-29 04:18:00,53.78391443034641,0.0002590734224489056,0.0008777805328998093,0.00022763319254634864,0.0008086307112470376,680460072.0590361,20075.45283809423,998949094.367165,20513.252954947206,998949094.367165,20513.252954947206
GRWYUdAuWNzAWUCjCVCgaWwQYg5CD6w7eJEEELjApump,Maia,2024-10-29 10:02:00,7.869014461412997,9.36389387665822e-05,0.00017887573903230516,5.6506127885600334e-05,8.059497653427482e-05,1686155660.988772,7203.055669770734,999220634.113074,4596.989036708992,999220634.113074,4596.989036708992
GT7ksoBf5XpceDEitBNbay7U13zqwbh6HtDiMpU9pump,PIXEL,2024-10-01 18:10:00,5.031816243995309,0.00011123413931297584,0.00011171032456322528,6.478303535018703e-05,7.977688420177769e-05,166733261.783009,11308.585202297683,998309448.077836,7279.222954984904,998309448.077836,7279.222954984904
GVwpWU5PtJFHS1mH35sHmsRN1XWUwRV3Qo94h5Lepump,CATGF,2024-10-18 20:22:00,67.35304877497258,0.0001593943238121647,0.000867361210920863,0.00014407597117864582,0.00033412251292415265,1932045856.4864566,183680.6597993864,999836034.144002,446316.9955385672,999836034.144002,446316.9955385672
GYCvL5ikdJbTq6b2DDq8DffYwFNbs4hWySMUiqfHpump,miluce,2024-10-29 10:31:00,6.490392628943627,0.00010689289819201343,0.00011840785121546581,6.920245108786887e-05,7.894695250026135e-05,308009310.8628789,9477.704828645703,953964561.112168,5850.52835753987,953964561.112168,5850.52835753987
GZv3qcCmBXtdcwCe4j5ZrsRexxMbRLJdtv1dWXKZpump,FISHDICK,2024-10-28 16:07:00,9.302945414354843,9.809760526390683e-05,0.00031398098625817983,9.809760526390683e-05,0.0002947043382499675,382106587.3897046,15676.679648809317,999088511.384736,11558.769538648135,999088511.384736,11558.769538648135
Gb7o2qokguCM2Hx6CHoARm3VxYBfU1DzBWf54rDLqzp,$TEST,2024-10-29 18:40:00,6.520436669765295,0.00010084801856816448,0.00031862553587757827,3.878888436971005e-05,6.436562669305529e-05,3261092320.6271343,8214.440792098349,996698338.455269,4707.115219328628,996698338.455269,4707.115219328628
GegBq6qGirNSVPbDcHNbG89xUcFTqNDwfSKt85T8pump,megs,2024-10-15 00:19:00,93.72963137622868,0.001174575629954689,0.002966650154141736,0.0010673603957024182,0.0019424662239518997,1275024893.598192,60782.182199344505,999897701.972445,72745.95630919293,999897701.972445,72745.95630919293
GiSC3EA7C2kZwESb53cJybcmeRRExM4gqzV5UTz9pump,BTCWIZ,2024-10-28 23:36:00,8.682716917891867,0.00010737366726257922,0.00019644597602479943,0.00010029704817064822,0.00015163335413251937,513979897.0584059,57187.6070272926,999683110.247062,94977.88543379674,999683110.247062,94977.88543379674
GjXpowEmJecAxHaMgYrxrTsWfuPR7DyLxwe8z2v4YvKW,Sky,2024-10-28 20:50:00,6.416515858737457,2.066061344730796e-05,3.2242237539746425e-05,2.0354582950218593e-05,2.0354582950218593e-05,380800059.29549295,8719.488442354046,999666524.445752,5900.708346332122,999666524.445752,5900.708346332122
GmbC2HgWpHpq9SHnmEXZNT5e1zgcU9oASDqbAkGTpump,CATANA,2024-10-17 04:15:00,74.89053755104149,0.00012060509529189365,0.0005041404010174288,0.00012060509529189365,0.00023078369304657188,1199386738.2699904,830872.2965068091,999979889.943589,10183240.855922833,999979889.943589,10183240.855922833
GqfGQEhQXpKEnsc33fJo8RLjeQBkYvFzgLPDdBwZpump,SHIBU,2024-10-29 00:20:00,10.435591338902666,0.0002234213821861135,0.001998347293014334,0.00011732764173576767,0.0003450430879659842,2574510733.0887117,22116.67309985305,999638759.439698,25211.731094700484,999638759.439698,25211.731094700484
GqmEdRD3zGUZdYPeuDeXxCc8Cj1DBmGSYK97TCwSpump,e/acc,2024-10-15 11:09:00,9.50175600924105,0.00015217831552223862,0.0004773252568224889,0.00013454194845223812,0.0002527307157556278,2308837803.055631,599781.7903607959,999972397.489063,4114042.93846131,999972397.489063,4114042.93846131
GsthSaaJHAeCGq5bzCwxUDFP42oagtt6Y6ZC6Exnpump,Italia,2024-10-29 15:18:00,13.723842145707389,3.940481037277912e-05,0.00012126393707792053,3.940481037277912e-05,0.00010690166188004183,939637870.8052326,19129.770160724358,999568150.507192,22254.209872217714,999568150.507192,22254.209872217714
Gu3LDkn7Vx3bmCzLafYNKcDxv2mH7YN44NJZFXnypump,degenai,2024-10-21 19:02:00,11.298263416979564,0.00013283251399696277,0.00041684528334286366,0.00013283251399696277,0.0003462486631539119,358275993.080599,2777041.5754398573,999950000.834249,44650815.45496841,999950000.834249,44650815.45496841
Gwq8i3c1CMYdQibo4u48nX5B3jDyYnKmLNWEKFq7pump,hi,2024-10-29 17:14:00,51.65644366567391,0.0018343932488124562,0.0019517532820899708,0.0009486568390845753,0.0011040792122191116,1006315502.3634366,18551.824147757354,998923421.39803,14067.73090700754,998923421.39803,14067.73090700754
GxQoXUBMwPbJm46vcWV59in6QAzGDufYug6D56Jopump,SAKUNA,2024-10-29 22:08:00,20.40437538076726,0.00045483769627508716,0.00048787814241140745,0.00018324668085748001,0.00020438518300078547,822080185.2903249,16268.300479115862,960685038.204718,12904.565585014238,960685038.204718,12904.565585014238
H2c31USxu35MDkBrGph8pUDUnmzo2e4Rf4hnvL2Upump,Shoggoth,2024-10-19 09:26:00,28.43893851241373,0.002681780690398391,0.0046786657783158435,0.002390703303001301,0.003256613213360286,251799483.93775427,3210347.595230089,999997765.503322,51356073.931175105,999997765.503322,51356073.931175105
HEYEkK75ZTh5CBbozwWbxJBsjUVygtzuetCxXUjmpump,RURIK,2024-10-29 10:09:00,24.45047396114696,0.00041921556770221045,0.0004456531770699291,0.00010732049459352198,0.0001389513909051202,1534639579.6498132,8144.176690361957,996530848.019902,4521.3200057956965,996530848.019902,4521.3200057956965
HLCBD6kkezRpGaZo2nj4oy72trdpzNMAzt4itQpkUqmV,GRUK,2024-10-29 17:08:00,9.289112251697206,0.00017103135208367508,0.00031181441192617253,0.00015186981228707222,0.00031181441192617253,92500797.37114702,12686.91583087331,999999759.207637,12378.754467418621,999999759.207637,12378.754467418621
HXghgxNunAo1LdzG3edWDY1QdiXAr7Szhr8JN91jpump,RND,2024-10-29 12:15:00,16.21472437905261,6.974936759681112e-06,0.00013707327792668032,6.974936759681112e-06,8.526712924469166e-06,2759189788.66359,8787.762162647488,999897828.575716,5210.352651887722,999897828.575716,5210.352651887722
HeJUFDxfJSzYFUuHLxkMqCgytU31G6mjP4wKviwqpump,GNON,2024-10-17 22:58:00,5.704346055690597,0.0013145195880678905,0.001649400050580771,0.0007277725556151338,0.0009235495149204924,223527874.8898949,4103309.6264741328,998496438.175471,29507666.025569282,998496438.175471,29507666.025569282
HeLp6NuQkmYB4pYWo2zYs22mESHXPQYzXbB8n4V98jwC,ai16z,2024-10-25 17:36:00,80.5648000040247,0.004936773051086703,5.771931653743447,0.00038935559184823196,0.00444490783681252,1408546.7809849102,15592822.820675388,1099999356.0059118,867289892.5515857,1099999356.0059118,867289892.5515857
Hm4dVV7PtackAn2ePAv4kPNVxfhFahxndCJHCYqdpump,Rex,2024-10-29 22:48:00,29.636591804193877,0.0014140117875926252,0.002382311104630862,0.0008496716462127965,0.00126398930307431,1393406890.253919,20880.058688832174,999064198.116434,18718.118622609847,999064198.116434,18718.118622609847
HnVFB1Ezy3Pz6zBgkSqLBLQBTgPhkjBynpCRD18Xpump,TBAG,2024-10-29 21:36:00,7.106399692995294,0.00018495057828043588,0.00037973014593325723,0.00014980803305735587,0.00022308504100666658,928394175.7356395,9130.326891314653,998552527.243254,5783.998834930476,998552527.243254,5783.998834930476
HootvhN1jGXQk8APL2fD1StHqu9eWZJbMmfdutf9hnLV,HOOT,2024-10-28 16:51:00,14792.99521567458,0.001712579600519372,0.05687463651268987,0.001712579600519372,0.02207113328066403,101666842.86108011,28759.59832466607,999845768.0135959,35378.71218257495,999845768.0135959,35378.71218257495
HtCqD3o5aF1RXcyGi6AW11PoB3bZmFdA8kvVyhJrpump,GMika,2024-10-15 15:05:00,5.94883933732409,0.0010409659333694905,0.0021557733523998443,0.0009941108312133398,0.0014784031389783409,1167138656.7906544,371551.3270763952,999990012.31723,2319134.583067708,999990012.31723,2319134.583067708
HuiVprCHCucHUb5bX6EXFJd7wuwvdASFzzge4ahXpump,Tilly,2024-10-16 01:20:00,61.87613860409677,0.0007744021590049356,0.0020084318419330473,0.0005810560546247654,0.001323077136713229,2081774131.50707,88658.79048595185,999683333.250615,166011.8450495104,999683333.250615,166011.8450495104
HzkBrfPPkqk6mwNNSYhjkw1AkfNZA6zwvKzQMacapump,XVI,2024-10-23 20:20:00,54.66167189840709,0.005804383309501967,0.01077567410954879,0.004383873378314951,0.006310807391188927,1352564917.1222098,58271.399169942524,999750126.273795,67439.2086922758,999750126.273795,67439.2086922758
J9SXKctbZVws65vjBHL91mqStzq5an1xZxdi6a4h853o,HODL,2024-10-02 23:09:00,9.09774035078684,0.00016960714041144644,0.00021542122166360187,2.8678264976656836e-05,5.678712672510187e-05,1986253299.848929,94696.63572414553,999867912.333854,270780.9423584535,999867912.333854,270780.9423584535
JB2wezZLdzWfnaCfHxLg193RS3Rh51ThiXxEDWQDpump,LABUBU,2024-10-03 08:14:00,13.946805220692056,0.0002703275604255688,0.00032411753384001046,0.00011534002077577935,0.00018452860653744258,531127954.874942,256245.5567351213,999778479.709008,840862.4177471921,999778479.709008,840862.4177471921
LBkz8mkiyhNeJspzs6rtFYrSc62j369kahEGuuNtYo5,TTT,2024-10-19 15:12:00,9.651129524993149,0.00024014330746596418,0.00028930239743483793,5.0460940268758905e-05,0.0002102711861401068,2569109601.0597863,63545.36475651633,999564255.999884,149364.7857184077,999564255.999884,149364.7857184077
LX2mJPsutHkUc6iXNFgumSC6LVKyc66xpy2zDTZpump,Tate,2024-10-24 15:09:00,179.60284648211967,0.0004966156656610689,0.003434438426814837,0.0003122757337141545,0.0034015157142809733,133100338.29058494,183176.60410388038,999985123.794626,1294600.270092451,999985123.794626,1294600.270092451
PD11M8MB8qQUAiWzyEK4JwfS8rt7Set6av6a5JYpump,AICRYNODE,2024-10-17 09:53:00,6.481252849596099,0.003285222837883984,0.004225123645934791,0.002256564800268229,0.0029187146085091864,443117902.6172721,53815.174870851624,998968173.883962,65253.51841244528,998968173.883962,65253.51841244528
QUTxGxutjrossRKS2DwfYimEUhrfvvNtj7z7cr1GnXZ,SNX,2024-10-29 23:44:00,8.559391042153013,0.02237272063358489,0.02255699252693621,0.0014278153886682161,0.005330565441995197,19238144.837268006,0.0,99603492.108764,92.37538143881434,99603492.108764,92.37538143881434
SEnk23dkjiRCkGLSPFQAN8ANGsxAhh78vdfcYpNpump,PLANE,2024-10-29 10:31:00,6.999390920167426,0.00011722161594702187,0.0002664769310447331,6.724748588832749e-05,7.405811865288491e-05,2887040270.49843,7551.141730606016,997414382.80187,4170.421148559323,997414382.80187,4170.421148559323
WgbcPyZLr79NNwg9KrPSRoCx6Qyf533uTFyqc8eKgaH,BABYLUCE,2024-10-29 13:46:00,8.781482789879233,2.1419450384682466e-05,3.8506385703480284e-05,1.4269974119010825e-05,1.6072152437383793e-05,936229053.8908236,5008.103221730069,975967921.6816305,8232.500484395267,975967921.6816305,8232.500484395267
WziqSdg6EGYooGBmoxeUWLe2Czwk7AsEH2J42cepump,ANDRO,2024-10-29 22:25:00,5.028742046634332,0.0007348343182961018,0.0007410562081197916,0.00022800184569519438,0.0002496913527100032,820947612.2919443,8104.683395255321,998846461.759322,4479.112483298341,998846461.759322,4479.112483298341
YmmJAazPFQzoodwCfwphWQ2449gqncDTqvC5TtJpump,ANDY,2024-10-29 09:34:00,5.792037156274676,3.052444062491519e-05,0.00016235303649649288,3.052444062491519e-05,5.426492631706912e-05,1233790640.1322997,8599.174526093306,999798255.284713,5145.485892395614,999798255.284713,5145.485892395614
aembnJ3BuUHV1Wd2et6q8ZD9BqbsVgr9qct7C8cpump,pump,2024-10-29 20:25:00,5.803308310512112,5.5549415178908336e-05,0.0001077252461636921,1.2894793197457632e-05,1.4857507114355747e-05,4966317631.577251,8020.349797884069,996742440.234229,4452.271485076457,996742440.234229,4452.271485076457
dFVMDELpHeSL4CfCmNiuGS6XRyxSAgP7AwW266Lpump,cog/acc,2024-10-19 14:07:00,81.25066272833945,0.0005943948724785753,0.002614996330234679,0.0005469401203573076,0.0011521992917772335,1009808346.7609181,168144.64211551292,999931890.087374,796126.7046429046,999931890.087374,796126.7046429046
iByRAnwB6oHjphgaixPkKqno41ida9yqKwwmrsKpump,AIMC,2024-10-29 03:30:00,8.277745747749506,0.000294394111430522,0.00034339125525720753,2.7032683710757967e-05,6.379688217917235e-05,2783447954.481778,7845.566367232759,998747234.298554,4247.040792184276,998747234.298554,4247.040792184276
id8Ce1auzNrDrftvZLzBEd3WvSAj7P7LvpkS2WPpump,DRUG,2024-10-16 11:37:00,5.00130743444252,0.00012242716123163057,0.0004113465983640887,0.00011391833177164055,0.00022416134268383076,1903855689.4153283,10585.88176749356,999310906.360005,7762.631220893716,999310906.360005,7762.631220893716
mkvXiNBpa8uiSApe5BrhWVJaT87pJFTZxRy7zFapump,Nailong,2024-10-02 09:04:00,11.39199858986408,0.0006996131940278482,0.0013625082915637446,0.0006370403852981626,0.001125421882032032,409700567.21106863,588228.329107754,999963551.753906,5574032.560713389,999963551.753906,5574032.560713389
p2niQeJVj2vnevYnheBWujVyfzzGURpBTjap3gipump,AIOS,2024-10-28 04:36:00,25.760113380202466,0.0013211989078875043,0.007700908492905097,0.001232598617835184,0.0023582689888509674,1038155572.9718322,24325.94709512683,992612689.456864,20771.701614901052,992612689.456864,20771.701614901052
qiaupfns561LJPudU2YL48S2mx1nbekrn8V4RrpyJG6,Zazu,2024-10-04 12:40:00,7.577941879981161,0.0005244109512007388,0.000683925819949641,0.00040763226617961926,0.0006513192396311446,309609495.22333556,93275.16073602866,999962295.987789,217914.86717776893,999962295.987789,217914.86717776893
ryanJ7cJmGni8RTWwBJeMm5Jx2HL3FzQvTtzYiuQbUY,RYAN,2024-10-29 15:42:00,18.170774884615103,0.00021078138030470865,0.0003041289045209135,5.5759834662235126e-05,8.565736777904529e-05,1600437789.414513,8506.90924118545,999212712.202875,4901.344884930081,999212712.202875,4901.344884930081
uQpp5Beupw8xBev8WSxgyeUdgPT6hDBCEHjMjWspump,NetCoin,2024-10-29 21:45:00,21.5967664381904,0.00022364417226813276,0.0002937981046044038,0.000182725407728,0.0002491828832165743,448185331.87817925,12309.175307343314,898422246.799922,8622.092243010016,898422246.799922,8622.092243010016
umgcPr2uQHzmCerCu6kSPBiaUdMWZewRRQmQ54Apump,Taylor,2024-10-16 07:50:00,45.02668672347305,0.0006862761294548604,0.002031770311229961,0.0006152254892306923,0.0010532435257646796,987162155.4664614,39817.25661689386,999780436.960433,31680.996047703185,999780436.960433,31680.996047703185
yG6bXPEFaUnGAEHHqH9H7t1VSfaK7YrggCqHy35pump,SHIBU,2024-10-28 23:20:00,40.19955451159107,0.0006142896091400823,0.0009468879868170318,0.0003477465798861551,0.0004862446012464169,1898622759.124663,282279.3930911882,999910151.601699,1127064.0902959642,999910151.601699,1127064.0902959642
yJcC48AWnaFQxb4CfZY6U19aQr3Pw6RKVhuGCLVpump,WoTF,2024-10-19 08:17:00,42.10188110176349,0.0021063640280724106,0.004515268568854067,0.0017093121721804604,0.003407946707093196,703075259.5726708,80520.0087163586,982142829.797383,118477.20524551555,982142829.797383,118477.20524551555
zGh48JtNHVBb5evgoZLXwgPD2Qu4MhkWdJLGDAupump,retire,2024-10-14 01:06:00,8.18921622819453,0.00019668846625288616,0.00044546184036318087,0.00017227691706879012,0.0003301342117642179,566952627.9906436,203145.53928721012,999886495.866196,755664.2029791388,999886495.866196,755664.2029791388
