entry_time,entry_price,exit_price,max_price,return_multiple,confidence_score,holding_period,features
2024-10-29 10:14:00,9.0476771328587e-05,0.0004670715044021,0.0004783460225652,5.286948412736541,0.9382900595664978,45,"{'momentum_7m': 0.15392596503775566, 'momentum_5m': 0.15392596503775574, 'trend_acceleration': 0.1260141360623676, 'momentum_acc_7m': 0.13921916932668563, 'momentum_acc_14m': 0.2572128210071098, 'price_change_15m': 0.17089671879494361}"
2024-10-28 22:45:00,6.132125000509997e-06,8.198062713047859e-06,5.5509437951059824e-05,9.052235227827746,0.8923197388648987,45,"{'momentum_7m': 0.11236134518539437, 'momentum_5m': 0.11236134518539444, 'trend_acceleration': 0.11236134518539444, 'momentum_acc_7m': 0.14789387435004575, 'momentum_acc_14m': 0.11236134518539455, 'price_change_15m': 0.0728359799445359}"
2024-10-29 01:26:00,7.531925437373445e-06,2.6431242695151385e-05,0.0002369140590474,31.454647422799948,0.9387044310569763,45,"{'momentum_7m': 0.15603245673629454, 'momentum_5m': 0.15603245673629462, 'trend_acceleration': 0.11644059392947712, 'momentum_acc_7m': 0.15603245673629465, 'momentum_acc_14m': 0.1673704803418858, 'price_change_15m': 0.14292517690242212}"
2024-10-29 01:30:00,8.341647295019048e-06,2.894231943678213e-05,0.0002369140590474,28.40135175564972,0.913729727268219,45,"{'momentum_7m': 0.2803025532552698, 'momentum_5m': 0.23154267346543156, 'trend_acceleration': 0.12427009651897533, 'momentum_acc_7m': 0.2803025532552699, 'momentum_acc_14m': 0.29164057686086114, 'price_change_15m': 0.2803025532552698}"
2024-10-29 01:38:00,7.035259768489568e-06,2.2602409831797478e-05,0.0002369140590474,33.67523969882695,0.982269823551178,45,"{'momentum_7m': -0.15659639950708423, 'momentum_5m': -0.21540690132935042, 'trend_acceleration': -0.32161765731785136, 'momentum_acc_7m': -0.4368989527623541, 'momentum_acc_14m': -0.15659639950708407, 'price_change_15m': 0.07980789885005499}"
2024-10-29 01:39:00,6.742964455777412e-06,2.2011458944264075e-05,0.0002369140590474,35.135000429137754,0.9473586678504944,45,"{'momentum_7m': -0.23328171999865652, 'momentum_5m': -0.2480008679012884, 'trend_acceleration': -0.07668532049157233, 'momentum_acc_7m': -0.5317243933649781, 'momentum_acc_14m': -0.27287358280547386, 'price_change_15m': 0.0349485852724267}"
2024-10-29 01:40:00,3.471070269206752e-05,2.3263047895136544e-05,0.0002369140590474,6.8253893085702995,0.9267443418502808,45,"{'momentum_7m': 2.870692746128881, 'momentum_5m': 2.79276741229481, 'trend_acceleration': 3.1039744661275384, 'momentum_acc_7m': 2.6801800166298237, 'momentum_acc_14m': 2.7146602893925866, 'price_change_15m': 4.1243329817802445}"
2024-10-29 16:41:00,1.9435507321271743e-05,9.797352283188052e-05,9.797352283188052e-05,5.040955258453718,0.9882506132125854,45,"{'momentum_7m': 0.21556013889892872, 'momentum_5m': 0.46451593132772734, 'trend_acceleration': -0.05962267126802681, 'momentum_acc_7m': -0.21735459998334714, 'momentum_acc_14m': 0.34443645559064884, 'price_change_15m': 0.44857227217383605}"
2024-10-29 16:43:00,1.923083151386955e-05,8.705580182881865e-05,9.797352283188052e-05,5.094606687247019,0.9344373941421509,45,"{'momentum_7m': 0.44909400972599306, 'momentum_5m': 0.09621430358887108, 'trend_acceleration': 0.18792228050209944, 'momentum_acc_7m': 0.5496702019308779, 'momentum_acc_14m': 0.36456244903901897, 'price_change_15m': 0.4652188324842613}"
2024-10-29 16:53:00,1.7775608442852655e-05,7.007802795073629e-05,9.797352283188052e-05,5.511683222932064,0.9919412136077881,45,"{'momentum_7m': -0.16080411856060606, 'momentum_5m': -0.13550665246960253, 'trend_acceleration': 0.04073659368223378, 'momentum_acc_7m': -0.5449018028840441, 'momentum_acc_14m': -0.39436180077499494, 'price_change_15m': 0.01326897797981662}"
2024-10-29 16:54:00,1.945326556915176e-05,7.965754609631669e-05,9.797352283188052e-05,5.036353535791089,0.9580473303794861,45,"{'momentum_7m': 0.0676549204677378, 'momentum_5m': 0.17232341146086966, 'trend_acceleration': 0.22845903902834389, 'momentum_acc_7m': 0.06277322147727468, 'momentum_acc_14m': -0.20752788969921762, 'price_change_15m': 0.2711395442816754}"
2024-10-29 16:55:00,1.6419024961645892e-05,7.419622813457356e-05,9.797352283188052e-05,5.967073139893647,0.9596858024597168,45,"{'momentum_7m': -0.20147555378406523, 'momentum_5m': -0.1279204017125733, 'trend_acceleration': -0.26913047425180314, 'momentum_acc_7m': -0.2594394725077433, 'momentum_acc_14m': -0.41703569268299384, 'price_change_15m': -0.09446066251830293}"
2024-10-29 19:07:00,0.0036941576521325,0.0036384938295434,0.0226756875108057,6.138256578658972,0.9614644646644592,45,"{'momentum_7m': 0.5707214337961003, 'momentum_5m': 0.2176745018553309, 'trend_acceleration': 0.3336025203574217, 'momentum_acc_7m': 0.3990692828210236, 'momentum_acc_14m': -0.5630401171136923, 'price_change_15m': 0.5942973476834237}"
2024-10-29 19:11:00,0.0041534665964788,5.311279848994108e-05,0.0226756875108057,5.459460665948187,0.9858762621879578,45,"{'momentum_7m': 0.1986769230119474, 'momentum_5m': 0.1986883072093064, 'trend_acceleration': -0.21760139234043593, 'momentum_acc_7m': -0.32796753457704786, 'momentum_acc_14m': 0.15200690934454034, 'price_change_15m': 1.0319354490521313}"
2024-10-29 19:12:00,0.0042096192724478,5.07546518864285e-06,0.0226756875108057,5.386636188032343,0.929905116558075,45,"{'momentum_7m': 0.4042835482799217, 'momentum_5m': 0.13952193133920882, 'trend_acceleration': 0.20560662526797432, 'momentum_acc_7m': 0.2552841123866502, 'momentum_acc_14m': 0.2991265680734999, 'price_change_15m': 0.8547016740653294}"
2024-10-25 07:30:00,5.574017029657773e-05,0.0003892103522375,0.0003892103522375,6.982582761527664,0.8856194019317627,45,"{'momentum_7m': 0.09286962694169221, 'momentum_5m': 0.09286962694169229, 'trend_acceleration': 0.06004604352220864, 'momentum_acc_7m': 0.09823956874019668, 'momentum_acc_14m': 0.08274432702480591, 'price_change_15m': 0.08700093652047403}"
2024-10-25 07:32:00,5.769033166968717e-05,0.0003981998630284,0.0003981998630284,6.902367372549365,0.9077615141868591,45,"{'momentum_7m': 0.13110236938256217, 'momentum_5m': 0.13452054507121697, 'trend_acceleration': 0.03823274244086995, 'momentum_acc_7m': 0.13647231118106667, 'momentum_acc_14m': 0.12097706946567588, 'price_change_15m': 0.1250283531916287}"
2024-10-25 07:33:00,6.610201225777289e-05,0.0004031318248949,0.0004031318248949,6.098631662268284,0.9676055312156677,45,"{'momentum_7m': 0.29601262853017724, 'momentum_5m': 0.3016956931318616, 'trend_acceleration': 0.16491025914761506, 'momentum_acc_7m': 0.3013825703286817, 'momentum_acc_14m': 0.29180143477053017, 'price_change_15m': 0.28905297548110376}"
2024-10-25 07:34:00,7.470258536582003e-05,0.0004031318248949,0.0004031318248949,5.396490936970327,0.969394862651825,45,"{'momentum_7m': 0.4690522676025907, 'momentum_5m': 0.41807847738733106, 'trend_acceleration': 0.1730396390724135, 'momentum_acc_7m': 0.47741887878925904, 'momentum_acc_14m': 0.46905226760259094, 'price_change_15m': 0.45676093119194794}"
2024-10-25 07:35:00,7.974480666686857e-05,0.0003762584641701,0.0004031318248949,5.055273713045296,0.9795645475387573,45,"{'momentum_7m': 0.5703344070133337, 'momentum_5m': 0.4306142629350138, 'trend_acceleration': 0.10128213941074303, 'momentum_acc_7m': 0.5747002108455134, 'momentum_acc_14m': 0.5757043488118383, 'price_change_15m': 0.5550823588476603}"
2024-10-26 01:18:00,7.501789839797784e-05,0.0005432052113938,0.0005857851018468,7.808604537801744,0.9780799150466919,45,"{'momentum_7m': 0.6632021497891399, 'momentum_5m': 0.4300741342314988, 'trend_acceleration': 0.3929659715352308, 'momentum_acc_7m': 0.6914217594447603, 'momentum_acc_14m': 1.3667087441835164, 'price_change_15m': 0.40288252000953106}"
2024-10-26 01:19:00,0.0001122947388839,0.0004220483336682,0.0005857851018468,5.21649640641166,0.9312059879302979,45,"{'momentum_7m': 1.4290841512676917, 'momentum_5m': 1.045483370873828, 'trend_acceleration': 0.7658820014785519, 'momentum_acc_7m': 1.7180499949349408, 'momentum_acc_14m': 1.5255056650182077, 'price_change_15m': 1.419353601590015}"
2024-10-26 01:20:00,0.0001033857155229,0.0003932986539052,0.0005857851018468,5.666015840622085,0.8993238806724548,45,"{'momentum_7m': 0.970819373542989, 'momentum_5m': 0.8788190948821354, 'trend_acceleration': -0.4582647777247028, 'momentum_acc_7m': 1.2606953755505097, 'momentum_acc_14m': 0.3666750853362439, 'price_change_15m': 0.5901089451455033}"
2024-10-26 01:21:00,0.0001157601752234,0.0003980781024942,0.0005857851018468,5.060333579457024,0.9207791090011597,45,"{'momentum_7m': 1.1086046340838385, 'momentum_5m': 0.8956675512359902, 'trend_acceleration': 0.13778526054084927, 'momentum_acc_7m': 1.2493339570841757, 'momentum_acc_14m': 0.279265021268735, 'price_change_15m': 0.5669999653825856}"
2024-10-26 03:09:00,0.000311313607433,0.0017929128560929,0.0017929128560929,5.759185635593411,0.9023287892341614,45,"{'momentum_7m': -0.2500468214712757, 'momentum_5m': -0.28885976044302053, 'trend_acceleration': -0.4886940038583633, 'momentum_acc_7m': -0.3614154968482862, 'momentum_acc_14m': -0.8277054660429277, 'price_change_15m': -0.14855147596470203}"
2024-10-26 03:10:00,0.0003671287596279,0.0019079823377257,0.0019079823377257,5.1970386075433535,0.9901182055473328,45,"{'momentum_7m': -0.1698523830567218, 'momentum_5m': -0.23314967137271617, 'trend_acceleration': 0.08019443841455388, 'momentum_acc_7m': -0.28643951072344215, 'momentum_acc_14m': -0.7468759716485515, 'price_change_15m': -0.017111369906482658}"
2024-10-26 03:11:00,0.0003958705674926,0.0020570077045449,0.0020570077045449,5.196162264787092,0.9904849529266357,45,"{'momentum_7m': -0.09572854653591469, 'momentum_5m': -0.23887472920297054, 'trend_acceleration': 0.07412383652080708, 'momentum_acc_7m': -0.28148932871852367, 'momentum_acc_14m': -0.4845232799372305, 'price_change_15m': -0.0005089304098560938}"
2024-10-21 17:56:00,0.0005704726099968,0.0040742166263059,0.0045963980803949,8.057175751909776,0.888624370098114,45,"{'momentum_7m': 0.11413559058190692, 'momentum_5m': 0.11471665423277896, 'trend_acceleration': 0.08025109128573145, 'momentum_acc_7m': 0.14435468645273608, 'momentum_acc_14m': 0.14003860043482752, 'price_change_15m': 0.0702071695598722}"
2024-10-21 17:59:00,0.0005994829730422,0.0039775958112881,0.0045963980803949,7.667270443177943,0.9084686636924744,45,"{'momentum_7m': 0.19835754943573075, 'momentum_5m': 0.16995731862284733, 'trend_acceleration': 0.07601978906082502, 'momentum_acc_7m': 0.23942368999882294, 'momentum_acc_14m': 0.21978106029322084, 'price_change_15m': 0.14914490903225544}"
2024-10-21 18:00:00,0.0006086041954889,0.0041965687628129,0.0045963980803949,7.552360161931763,0.9472917914390564,45,"{'momentum_7m': 0.2651919660118689, 'momentum_5m': 0.14964523345907796, 'trend_acceleration': 0.06683441657613817, 'momentum_acc_7m': 0.3430948987960652, 'momentum_acc_14m': 0.28535717612548267, 'price_change_15m': 0.16662797315481925}"
2024-10-21 18:02:00,0.0006794303652352,0.004919964605319,0.004919964605319,7.241308097285061,0.909588098526001,45,"{'momentum_7m': 0.2834246291414338, 'momentum_5m': 0.17425916908108086, 'trend_acceleration': 0.048177477752502446, 'momentum_acc_7m': 0.2495401298452584, 'momentum_acc_14m': 0.32285252568268835, 'price_change_15m': 0.31216664182756565}"
2024-10-21 18:03:00,0.0006969863142981,0.0054710723664471,0.0054710723664471,7.849612329844298,0.8822216391563416,45,"{'momentum_7m': 0.22175036569229298, 'momentum_5m': 0.21345415640434662, 'trend_acceleration': -0.0616742634491409, 'momentum_acc_7m': 0.10761477511038607, 'momentum_acc_14m': 0.2519694615631222, 'price_change_15m': 0.36119780491354914}"
2024-10-21 18:05:00,0.0007457461222386,0.0051476789954358,0.0054710723664471,7.3363738721481955,0.939751923084259,45,"{'momentum_7m': 0.29833886065555315, 'momentum_5m': 0.22531851229951394, 'trend_acceleration': 0.06853710508917675, 'momentum_acc_7m': 0.17600110028064747, 'momentum_acc_14m': 0.31733655086254225, 'price_change_15m': 0.45641836767152166}"
2024-10-21 18:09:00,0.0007667321492906,0.0046069319620836,0.0054710723664471,7.135571883230766,0.9496678709983826,45,"{'momentum_7m': 0.12848124506325767, 'momentum_5m': 0.07751501255144276, 'trend_acceleration': -0.07884249114038341, 'momentum_acc_7m': -0.15494338407817612, 'momentum_acc_14m': 0.09459674576708231, 'price_change_15m': 0.4963378961143237}"
2024-10-21 18:12:00,0.0007895802887199,0.0054159693243365,0.0060209863562447,7.625553021347798,0.9854242205619812,45,"{'momentum_7m': 0.05877373888958983, 'momentum_5m': 0.055048555858906355, 'trend_acceleration': -0.03215800089011018, 'momentum_acc_7m': -0.2395651217659633, 'momentum_acc_14m': -0.06356402148531579, 'price_change_15m': 0.36461688306644163}"
2024-10-21 18:14:00,0.0008101323263996,0.0055204942243722,0.0060209863562447,7.432102336914811,0.9604166150093079,45,"{'momentum_7m': 0.08250818151150864, 'momentum_5m': 0.056599083441680256, 'trend_acceleration': 0.042458073468090836, 'momentum_acc_7m': -0.1471367562440515, 'momentum_acc_14m': -0.1826837845003602, 'price_change_15m': 0.3513539562716698}"
2024-10-21 18:25:00,0.0011587045571963,0.0077659290783977,0.0085466247232972,7.376017182479493,0.9683241844177246,45,"{'momentum_7m': 0.3948185119729987, 'momentum_5m': 0.4033535540458532, 'trend_acceleration': 0.3799587308613398, 'momentum_acc_7m': 0.3247212408182845, 'momentum_acc_14m': 0.3038867721932989, 'price_change_15m': 0.5079458953257675}"
2024-10-26 21:59:00,1.0113077984180838e-05,3.535747751584748e-05,8.313866482314475e-05,8.220906132949098,0.9699991345405579,45,"{'momentum_7m': 0.08502102247952537, 'momentum_5m': 0.1461855844687116, 'trend_acceleration': 0.14630311147738767, 'momentum_acc_7m': 0.09203168636788106, 'momentum_acc_14m': 0.23644919436008324, 'price_change_15m': 0.04985544300430586}"
2024-10-26 22:00:00,1.058004916114902e-05,3.234073865655897e-05,8.313866482314475e-05,7.858060350838264,0.9183283448219299,45,"{'momentum_7m': 0.1351177611081456, 'momentum_5m': 0.19910659554391175, 'trend_acceleration': 0.05009673862862022, 'momentum_acc_7m': 0.12671285969898613, 'momentum_acc_14m': 0.2760129125338674, 'price_change_15m': 0.12715974818624318}"
2024-10-26 22:01:00,1.2630581116988886e-05,2.3002027132053797e-05,8.313866482314475e-05,6.582330935772883,0.9756911396980286,45,"{'momentum_7m': 0.43148972687462106, 'momentum_5m': 0.4314897268746212, 'trend_acceleration': 0.29637196576647545, 'momentum_acc_7m': 0.47280213994248793, 'momentum_acc_14m': 0.5658656019201054, 'price_change_15m': 0.3664888788440849}"
2024-10-29 15:45:00,0.000127714106031,0.0008632723536909,0.0013750124291695,10.766331706818224,0.9098188281059265,45,"{'momentum_7m': 0.09149463048872342, 'momentum_5m': 0.08959777703114702, 'trend_acceleration': 0.1061186536830156, 'momentum_acc_7m': 0.11624520771482474, 'momentum_acc_14m': 0.19551278904115546, 'price_change_15m': 0.058597196306955084}"
2024-10-29 15:46:00,0.0001457347754308,0.0009169544372873,0.0013750124291695,9.43503309422811,0.9182435870170593,45,"{'momentum_7m': 0.25466863780701526, 'momentum_5m': 0.18330733530524299, 'trend_acceleration': 0.16317400731829187, 'momentum_acc_7m': 0.29022540539696573, 'momentum_acc_14m': 0.3552728915686404, 'price_change_15m': 0.21466659539989907}"
2024-10-29 15:47:00,0.0001902969075478,0.0009464153920512,0.0013750124291695,7.225616258761932,0.9575726985931396,45,"{'momentum_7m': 0.6234819811031816, 'momentum_5m': 0.5276481953057127, 'trend_acceleration': 0.36881334329616644, 'momentum_acc_7m': 0.62683064407194, 'momentum_acc_14m': 0.748273778036922, 'price_change_15m': 0.5800343283107858}"
2024-10-29 15:48:00,0.000231769117839,0.0010287943700505,0.0013750124291695,5.9326818084739905,0.9729140400886536,45,"{'momentum_7m': 0.8818191044472375, 'momentum_5m': 0.8405827077674412, 'trend_acceleration': 0.25833712334405584, 'momentum_acc_7m': 0.8381923151639797, 'momentum_acc_14m': 1.0078843287057502, 'price_change_15m': 0.9706534781003932}"
2024-10-29 15:49:00,0.0002747480158623,0.0013700818753029,0.0013750124291695,5.004630970141884,0.973881721496582,45,"{'momentum_7m': 1.205557848768255, 'momentum_5m': 1.3243063242980087, 'trend_acceleration': 0.32373874432101735, 'momentum_acc_7m': 1.1671313106582466, 'momentum_acc_14m': 1.3172093929168502, 'price_change_15m': 1.3280900828855728}"
2024-10-29 15:57:00,0.0002678199131517,0.0008293199966698,0.0013750124291695,5.134093327820094,0.9823787808418274,45,"{'momentum_7m': -0.24059380121086663, 'momentum_5m': -0.17103666170646134, 'trend_acceleration': -0.2805339083265138, 'momentum_acc_7m': -2.0413384505125793, 'momentum_acc_14m': -0.2902883815808661, 'price_change_15m': 1.1499442777751394}"
2024-10-27 06:07:00,0.0002069788537668,0.0010620051717724,0.0011667921146881,5.637252760142866,0.9791065454483032,45,"{'momentum_7m': -0.15159166983780925, 'momentum_5m': -0.19725600519074624, 'trend_acceleration': -0.06631436348373096, 'momentum_acc_7m': -1.6007580867440163, 'momentum_acc_14m': -0.573010812585686, 'price_change_15m': 0.724215900612369}"
2024-10-27 06:08:00,0.0001865076429657,0.0011293338652902,0.0011667921146881,6.256001610093163,0.9157447218894958,45,"{'momentum_7m': -0.2543359619567276, 'momentum_5m': -0.3097167569703447, 'trend_acceleration': -0.10274429211891836, 'momentum_acc_7m': -0.6129756702866085, 'momentum_acc_14m': -1.7474057653292636, 'price_change_15m': 0.8723707268851163}"
2024-10-27 06:09:00,0.0001353382846243,0.0012993237950031,0.0012993237950031,9.600563496205318,0.8687824606895447,45,"{'momentum_7m': -0.4750751958251819, 'momentum_5m': -0.5181366157045662, 'trend_acceleration': -0.22073923386845434, 'momentum_acc_7m': -0.9622627346074168, 'momentum_acc_14m': -2.0458524449552207, 'price_change_15m': -0.26483907295925646}"
2024-10-27 06:13:00,0.0002200091406555,0.0013050461837231,0.0013050461837231,5.931781651593279,0.9463909864425659,45,"{'momentum_7m': 0.06593872285947083, 'momentum_5m': 0.17960944021550132, 'trend_acceleration': 0.21397762512245533, 'momentum_acc_7m': 0.1512160292135492, 'momentum_acc_14m': -0.8137418895661384, 'price_change_15m': -0.027292909897690527}"
2024-10-27 06:14:00,0.0002434418915353,0.0012954311448379,0.0013050461837231,5.3608118779091205,0.9437833428382874,45,"{'momentum_7m': 0.17615234945861896, 'momentum_5m': 0.7986952235276233, 'trend_acceleration': 0.11021362659914812, 'momentum_acc_7m': 0.3277440192964282, 'momentum_acc_14m': -1.273014067447588, 'price_change_15m': 0.07887782528802455}"
2024-10-29 17:24:00,0.0004707858674402,0.0029719313975126,0.0033376916843054,7.089617414501847,0.9554653167724609,45,"{'momentum_7m': 1.0552475769955416, 'momentum_5m': 0.9783737013957668, 'trend_acceleration': 0.31590378963322946, 'momentum_acc_7m': 0.3066076009843391, 'momentum_acc_14m': -0.03940769694909247, 'price_change_15m': 2.5851582486633364}"
2024-10-29 17:26:00,0.0006615526564719,0.0038586880159417,0.0038586880159417,5.832775332685254,0.9205816388130188,45,"{'momentum_7m': 1.7799931739511599, 'momentum_5m': 1.1598838354525312, 'trend_acceleration': -0.6939024783033946, 'momentum_acc_7m': 0.15975176982537956, 'momentum_acc_14m': 1.1767164222471636, 'price_change_15m': 4.950183246898836}"
2024-10-29 17:27:00,0.0007120528787306,0.0034018362498925,0.0038586880159417,5.419103175062938,0.9493802189826965,45,"{'momentum_7m': 1.465169151397903, 'momentum_5m': 1.2241968487180006, 'trend_acceleration': -0.3148240225532571, 'momentum_acc_7m': 0.4668769953495744, 'momentum_acc_14m': 0.663037698087013, 'price_change_15m': 6.840571234854176}"
2024-10-29 17:28:00,0.0005977449222297,0.0032245585908922,0.0038586880159417,6.455409109203428,0.8565923571586609,45,"{'momentum_7m': 0.9515683726308067, 'momentum_5m': 0.6209376647919528, 'trend_acceleration': -0.5136007787670962, 'momentum_acc_7m': 0.5268391508056667, 'momentum_acc_14m': -0.6405789344581252, 'price_change_15m': 3.1354450993257648}"
2024-11-09 02:45:00,6.390420593085954e-05,0.0004483935205298,0.0004483935205298,7.0166511577490605,0.8817307353019714,45,"{'momentum_7m': 0.20553943035496294, 'momentum_5m': 0.20004398815598656, 'trend_acceleration': 0.05678887625007099, 'momentum_acc_7m': -0.10829004419694693, 'momentum_acc_14m': 0.2055394303549631, 'price_change_15m': 0.5838789444302244}"
2024-11-09 02:53:00,7.422644969800524e-05,0.0003000672131734,0.0004483935205298,6.040885996219891,0.9229899644851685,45,"{'momentum_7m': 0.15255784353370294, 'momentum_5m': 0.15255784353370305, 'trend_acceleration': 0.046238332689483214, 'momentum_acc_7m': -0.06234794736438284, 'momentum_acc_14m': -0.16127163101820685, 'price_change_15m': 0.4002520997030845}"
2024-11-09 02:55:00,8.377563927291099e-05,0.00029124129263,0.0004483935205298,5.352313923491466,0.9375075101852417,45,"{'momentum_7m': 0.30082235624929654, 'momentum_5m': 0.2983746659804063, 'trend_acceleration': 0.14271190723583177, 'momentum_acc_7m': 0.14008798997540794, 'momentum_acc_14m': 0.17500071875606518, 'price_change_15m': 0.5731780482747385}"
2024-11-09 03:04:00,8.650367815742386e-05,0.000163270548363,0.0004483935205298,5.183519707841675,0.9896118640899658,45,"{'momentum_7m': -0.14312720020296466, 'momentum_5m': -0.061406032003851654, 'trend_acceleration': -0.13855479685186242, 'momentum_acc_7m': -0.7077220006498786, 'momentum_acc_14m': -0.32343144830398385, 'price_change_15m': 0.34317897224364213}"
2024-10-16 23:40:00,1.7245339333903572e-05,0.0002721861634911,0.0002875727051978,16.675386875829393,0.9189118146896362,45,"{'momentum_7m': 0.2140984118529508, 'momentum_5m': 0.07724892533994757, 'trend_acceleration': 0.3018532065307463, 'momentum_acc_7m': 0.7203250823118625, 'momentum_acc_14m': -0.14694701241975225, 'price_change_15m': -0.26392239220452585}"
2024-10-16 23:43:00,1.7378482061928565e-05,0.000231262545287,0.0002875727051978,16.547630809930865,0.9684587717056274,45,"{'momentum_7m': 0.1194614362244003, 'momentum_5m': 0.1722536525472576, 'trend_acceleration': 0.0774733432324172, 'momentum_acc_7m': 0.15354629382584517, 'momentum_acc_14m': 0.6510926953398987, 'price_change_15m': 0.21329353908840498}"
2024-10-16 23:44:00,1.9713910145132643e-05,0.0002497044658713,0.0002875727051978,14.587299175085343,0.8583725690841675,45,"{'momentum_7m': 0.1499772302404795, 'momentum_5m': 0.2986591543699903, 'trend_acceleration': 0.030515794016079175, 'momentum_acc_7m': 0.11771640368930215, 'momentum_acc_14m': 0.7485175897302059, 'price_change_15m': 0.22660488441530774}"
2024-10-16 23:45:00,1.918055339856106e-05,0.0002732737853074,0.0002875727051978,14.992930559520454,0.9748471975326538,45,"{'momentum_7m': 0.29380196987540447, 'momentum_5m': 0.11220671232032217, 'trend_acceleration': 0.14382473963492504, 'momentum_acc_7m': 0.44507197950770516, 'momentum_acc_14m': 0.90619238701097, 'price_change_15m': 0.15496308965025826}"
2024-10-16 23:46:00,2.795197511543985e-05,0.0002524283360163,0.0002875727051978,10.28809964269585,0.9756824970245361,45,"{'momentum_7m': 0.8413069332068602, 'momentum_5m': 0.6539463483986846, 'trend_acceleration': 0.5475049633314558, 'momentum_acc_7m': 0.9290617278846557, 'momentum_acc_14m': 1.1310514077012794, 'price_change_15m': 0.6002070775886168}"
2024-10-16 23:47:00,2.5566215258380245e-05,0.0002543136077974,0.0002875727051978,11.248153169778922,0.8861355781555176,45,"{'momentum_7m': 0.4824572889181107, 'momentum_5m': 0.5326248458059586, 'trend_acceleration': -0.35884964428874966, 'momentum_acc_7m': 0.2683588770651599, 'momentum_acc_14m': 0.9886839593770226, 'price_change_15m': 0.5363570716771576}"
2024-10-16 23:48:00,2.955823681073032e-05,0.0001867745337195,0.0002875727051978,9.729020950715316,0.9833666086196899,45,"{'momentum_7m': 0.7489853761003289, 'momentum_5m': 0.700790609562859, 'trend_acceleration': 0.2665280871822182, 'momentum_acc_7m': 0.5214391662468709, 'momentum_acc_14m': 1.2231882523043627, 'price_change_15m': 1.0808821549952148}"
2024-10-16 23:49:00,3.6282983194719286e-05,0.000185538804861,0.0002875727051978,7.925828580700994,0.9541962146759033,45,"{'momentum_7m': 1.1750287518716704, 'momentum_5m': 0.8404018701809033, 'trend_acceleration': 0.4260433757713415, 'momentum_acc_7m': 1.1330406588796873, 'momentum_acc_14m': 1.0573688393747143, 'price_change_15m': 1.635410213312219}"
2024-10-16 23:50:00,4.685690741610736e-05,0.0002067217362389,0.0002875727051978,6.137253204613863,0.9612383842468262,45,"{'momentum_7m': 1.6961099873493384, 'momentum_5m': 1.4428105661344135, 'trend_acceleration': 0.5210812354776679, 'momentum_acc_7m': 1.576648551124938, 'momentum_acc_14m': 1.7301948449507831, 'price_change_15m': 1.9268158797302781}"
2024-10-16 23:51:00,5.613682649782032e-05,0.0002113878629035,0.0002875727051978,5.1227104048884184,0.9791029095649719,45,"{'momentum_7m': 1.84741095223821, 'momentum_5m': 1.0082420781500347, 'trend_acceleration': 0.1513009648888718, 'momentum_acc_7m': 1.6974337219977305, 'momentum_acc_14m': 1.8151501256870326, 'price_change_15m': 2.615941985361507}"
2024-10-21 12:03:00,0.0001447680873778,0.0008442092100568,0.0008442092100568,5.831459303967143,0.8758370876312256,45,"{'momentum_7m': -0.10900546216032354, 'momentum_5m': -0.08491656056902329, 'trend_acceleration': 0.05905366657649395, 'momentum_acc_7m': -0.04799720247997499, 'momentum_acc_14m': -0.24858708905636806, 'price_change_15m': -0.17087409409669302}"
2024-10-21 12:13:00,0.0001623182129692,0.0006433358255961,0.0009380791514008,5.77925997484214,0.9077389240264893,45,"{'momentum_7m': 0.16473187050850227, 'momentum_5m': 0.08112845444513894, 'trend_acceleration': 0.1242839350309441, 'momentum_acc_7m': 0.25076551943593467, 'momentum_acc_14m': 0.1257638160776765, 'price_change_15m': 0.026007584918868728}"
2024-10-21 12:15:00,0.0001767862961179,0.0006370400896207,0.0009380791514008,5.306288847044957,0.9294149279594421,45,"{'momentum_7m': 0.17748594813501445, 'momentum_5m': 0.1932113805482652, 'trend_acceleration': 0.036778772125172006, 'momentum_acc_7m': 0.09094437683870267, 'momentum_acc_14m': 0.29845962903726747, 'price_change_15m': 0.23781769249607815}"
2024-10-21 12:17:00,0.0001828528299182,0.0005636919627747,0.0009380791514008,5.1302413630702555,0.9258146286010742,45,"{'momentum_7m': 0.2341541489630045, 'momentum_5m': 0.21391807263299112, 'trend_acceleration': 0.044454635673197934, 'momentum_acc_7m': 0.21074034360189794, 'momentum_acc_14m': 0.34315961112332816, 'price_change_15m': 0.31347444280744013}"
2024-10-25 00:01:00,0.0007705574039414,0.0036660904560185,0.004627409172126,6.005275075493154,0.9699018001556396,45,"{'momentum_7m': 0.06509731917520273, 'momentum_5m': 0.06977943534623055, 'trend_acceleration': 0.07316163510232918, 'momentum_acc_7m': 0.030018466028115236, 'momentum_acc_14m': 0.10407941275050515, 'price_change_15m': 0.09998033142325365}"
2024-10-25 00:02:00,0.0008763981054519,0.0041609443017083,0.004627409172126,5.280031007985753,0.9573308825492859,45,"{'momentum_7m': 0.21074083051869086, 'momentum_5m': 0.21702790173261247, 'trend_acceleration': 0.14564351134348813, 'momentum_acc_7m': 0.21906838777201523, 'momentum_acc_14m': 0.20900404654937846, 'price_change_15m': 0.25387727061899945}"
2024-10-22 17:00:00,0.0006845363105786,0.0035925858147462,0.0043551806398374,6.362234658021591,0.9469425678253174,45,"{'momentum_7m': 0.13091057316726704, 'momentum_5m': 0.42221726503376766, 'trend_acceleration': -0.8185369940508569, 'momentum_acc_7m': 0.5450055302401544, 'momentum_acc_14m': 0.331802294944267, 'price_change_15m': -0.5541196127406556}"
2024-10-22 17:01:00,0.0007028030807895,0.0043542111717172,0.0043551806398374,6.196871867643167,0.9780991673469543,45,"{'momentum_7m': 0.3507172689959076, 'momentum_5m': 0.1126567651859558, 'trend_acceleration': 0.21980669582864062, 'momentum_acc_7m': 0.8923687874432568, 'momentum_acc_14m': 0.5538344445764284, 'price_change_15m': -0.31971951032828516}"
2024-10-22 17:02:00,0.000734748994454,0.0049105575932844,0.0049105575932844,6.68331311828945,0.9752210974693298,45,"{'momentum_7m': 0.5265344529128839, 'momentum_5m': 0.09325493964022533, 'trend_acceleration': 0.17581718391697637, 'momentum_acc_7m': 1.0042390959626901, 'momentum_acc_14m': 0.8431143402813475, 'price_change_15m': -0.3527812331268455}"
2024-10-22 17:03:00,0.0005771355854156,0.0046842372367588,0.0049105575932844,8.508499072619596,0.8953733444213867,45,"{'momentum_7m': -0.08628042386765163, 'momentum_5m': -0.2886515072202258, 'trend_acceleration': -0.6128148767805357, 'momentum_acc_7m': 0.12263774702338881, 'momentum_acc_14m': 0.18061951978369853, 'price_change_15m': -0.3737284736197426}"
2024-10-22 17:04:00,0.0005334455977334,0.0044204594552264,0.0049105575932844,9.20535779871324,0.9913632869720459,45,"{'momentum_7m': -0.20624614494335455, 'momentum_5m': -0.4680128611168032, 'trend_acceleration': -0.11996572107570298, 'momentum_acc_7m': -0.5010114015376164, 'momentum_acc_14m': 0.32624625736784746, 'price_change_15m': -0.33188390593774036}"
2024-10-22 17:07:00,0.0006174023073159,0.0043751750884939,0.0049105575932844,7.953578299103869,0.9962828755378723,45,"{'momentum_7m': -0.09806355331574024, 'momentum_5m': -0.15969576649915257, 'trend_acceleration': 0.32729628889830376, 'momentum_acc_7m': -0.22897412648300725, 'momentum_acc_14m': 0.3160314037571472, 'price_change_15m': 0.2002433232899814}"
2024-10-22 17:10:00,0.0008182555060445,0.0044225618215086,0.0049105575932844,6.001252123584665,0.9786645174026489,45,"{'momentum_7m': 0.41775033719550636, 'momentum_5m': 0.596482009289507, 'trend_acceleration': 0.3944593758630312, 'momentum_acc_7m': 0.504030761063158, 'momentum_acc_14m': 0.626668508086547, 'price_change_15m': 0.7000197914048889}"
2024-10-22 17:11:00,0.0009354109069446,0.0051640853871783,0.0051640853871783,5.520659796501758,0.9601834416389465,45,"{'momentum_7m': 0.7534596657822364, 'momentum_5m': 0.6232945691384256, 'trend_acceleration': 0.33570932858673014, 'momentum_acc_7m': 0.9597058107255911, 'momentum_acc_14m': 0.4586944091879748, 'price_change_15m': 0.48088521558583935}"
2024-10-22 17:16:00,0.0006024466987262,0.0089104535525785,0.0089104535525785,14.790442990921134,0.9171908497810364,45,"{'momentum_7m': -0.1987110635259731, 'momentum_5m': -0.35592352387420295, 'trend_acceleration': -0.16010270816492603, 'momentum_acc_7m': -0.2220020248584483, 'momentum_acc_14m': -0.7252455164388569, 'price_change_15m': -0.1427818188183646}"
2024-10-22 17:17:00,0.0006272203289492,0.008611817594255,0.0089104535525785,14.206257580181491,0.940305769443512,45,"{'momentum_7m': -0.23344575399755968, 'momentum_5m': -0.24894544723579423, 'trend_acceleration': -0.03473469047158663, 'momentum_acc_7m': -0.6511960911930661, 'momentum_acc_14m': -0.14716533012990798, 'price_change_15m': -0.1463345329741711}"
2024-10-29 15:38:00,0.0296367028653925,0.130516264310502,0.1502710093244822,5.070436141530349,0.9799521565437317,45,"{'momentum_7m': 0.0644805183856857, 'momentum_5m': 0.07066038819607097, 'trend_acceleration': 0.04617893552178445, 'momentum_acc_7m': 0.6564987256500663, 'momentum_acc_14m': 0.29034254156560896, 'price_change_15m': -0.6356878575935205}"
2024-10-30 21:29:00,2.585507886817568e-07,1.751385362482773e-07,1.818663370148471e-06,7.034066225135422,0.8619905710220337,45,"{'momentum_7m': 5.328738327052732, 'momentum_5m': 2.2981973990421394, 'trend_acceleration': -21.397875078369378, 'momentum_acc_7m': 6.328505531608455, 'momentum_acc_14m': 5.3196562188657985, 'price_change_15m': -0.9989981376743943}"
2024-10-30 21:33:00,8.79370148238176e-08,2.6493823789863853e-07,1.818663370148471e-06,20.681431747395283,0.8942967057228088,45,"{'momentum_7m': -0.5262428542723423, 'momentum_5m': -0.85418108780017, 'trend_acceleration': 0.24652612995619505, 'momentum_acc_7m': -7.113106139255648, 'momentum_acc_14m': 0.4735814461757843, 'price_change_15m': -0.999376491607087}"
2024-10-30 21:34:00,3.1953273520635424e-07,1.6402891957312358e-06,1.818663370148471e-06,5.6916339697526706,0.9973974227905273,45,"{'momentum_7m': 0.1660898655758762, 'momentum_5m': 0.2358397393383222, 'trend_acceleration': 0.6923327198482186, 'momentum_acc_7m': -16.080629096822605, 'momentum_acc_14m': 1.1659452588479586, 'price_change_15m': 12.059208517161796}"
2024-10-30 21:48:00,2.1524387169138726e-07,2.049781755559533e-07,3.231432939067543e-06,15.012891719866072,0.878473699092865,45,"{'momentum_7m': 2.835426484594749, 'momentum_5m': 13.449910207296718, 'trend_acceleration': 3.2167231435952153, 'momentum_acc_7m': 3.6597337860279233, 'momentum_acc_14m': 2.6693366190188734, 'price_change_15m': 1.4475769108646421}"
2024-10-30 21:52:00,2.665155989804827e-07,1.7917744944184527e-07,3.231432939067543e-06,12.124742234334228,0.9380596876144409,45,"{'momentum_7m': 1.5495841491284825, 'momentum_5m': 0.2381818825662681, 'trend_acceleration': -9.584822139038726, 'momentum_acc_7m': 2.2720916192043696, 'momentum_acc_14m': -6.250585509031148, 'price_change_15m': 1.867376009535959}"
2024-10-30 21:53:00,3.445310436489282e-07,1.2113874863532288e-07,3.231432939067543e-06,9.379221404386199,0.9008541703224182,45,"{'momentum_7m': 2.29588207228727, 'momentum_5m': 0.6006012209201542, 'trend_acceleration': 0.746297923158788, 'momentum_acc_7m': 2.9953800668944215, 'momentum_acc_14m': -4.953904613266898, 'price_change_15m': -0.08556413468224432}"
2024-10-30 21:54:00,3.458961971399139e-07,1.0142561248134865e-07,3.231432939067543e-06,9.342204296511646,0.9106870293617249,45,"{'momentum_7m': 0.6069430167922045, 'momentum_5m': 0.3303213428734764, 'trend_acceleration': -1.688939055495066, 'momentum_acc_7m': 0.98823967579267, 'momentum_acc_14m': -2.34919636934222, 'price_change_15m': -0.005799465927654985}"
2024-10-30 21:55:00,3.805214878883181e-07,1.142620482874432e-07,3.231432939067543e-06,8.49211684995818,0.9985733032226562,45,"{'momentum_7m': 0.7677941792341864, 'momentum_5m': 0.40532744907370755, 'trend_acceleration': 0.1608511624419819, 'momentum_acc_7m': -2.067632305360563, 'momentum_acc_14m': 1.5921014806673608, 'price_change_15m': 0.09371425830741818}"
2024-10-30 21:56:00,3.805214878883181e-07,6.399197060212801e-08,3.231432939067543e-06,8.49211684995818,0.8817964196205139,45,"{'momentum_7m': 0.4634818109223308, 'momentum_5m': 0.4444939024476001, 'trend_acceleration': -0.3043123683118557, 'momentum_acc_7m': -2.110485460324089, 'momentum_acc_14m': 0.6807749351768905, 'price_change_15m': 5.780437262810115}"
2024-10-17 19:25:00,5.0450958769096775e-05,0.0011734851537198,0.0014146067139296,28.03924342456903,0.9544433951377869,45,"{'momentum_7m': -0.10845634643230682, 'momentum_5m': -0.1919826076488811, 'trend_acceleration': 0.14280324744098158, 'momentum_acc_7m': 0.5576521461674805, 'momentum_acc_14m': 0.38410558850042814, 'price_change_15m': -0.6125822828809924}"
2024-10-17 19:37:00,6.91792517806972e-05,0.0014387914414808,0.0016291354019456,23.54947993814774,0.9543886780738831,45,"{'momentum_7m': 0.356688928940952, 'momentum_5m': 0.35028568472057925, 'trend_acceleration': 0.4967779828759428, 'momentum_acc_7m': 0.6134062877332435, 'momentum_acc_14m': 0.8013951885552077, 'price_change_15m': 0.14401562786126668}"
2024-10-17 19:38:00,8.546514753542556e-05,0.0016796257551267,0.0016796257551267,19.652756750118403,0.9659680128097534,45,"{'momentum_7m': 0.6455667033814383, 'momentum_5m': 0.9000929524308711, 'trend_acceleration': 0.28887777444048635, 'momentum_acc_7m': 0.8726908646762535, 'momentum_acc_14m': 0.8968262972547268, 'price_change_15m': 0.24576666594187996}"
2024-10-17 19:39:00,0.0001199101971076,0.0018487329740072,0.0018487329740072,15.417646026786707,0.9577370285987854,45,"{'momentum_7m': 1.340420423327886, 'momentum_5m': 1.6263402018632633, 'trend_acceleration': 0.6948537199464478, 'momentum_acc_7m': 1.3249431277146326, 'momentum_acc_14m': 1.4488767697601928, 'price_change_15m': 0.7843464529755424}"
2024-10-17 19:40:00,0.0001576624818702,0.0019874538942002,0.0019874538942002,12.605750401902378,0.8932927846908569,45,"{'momentum_7m': 2.50513619886417, 'momentum_5m': 1.733827599016241, 'trend_acceleration': 1.1647157755362842, 'momentum_acc_7m': 2.816758414437244, 'momentum_acc_14m': 2.475537256464855, 'price_change_15m': 2.1248761020694626}"
2024-10-17 19:41:00,0.0001685418182191,0.0018635743465247,0.0019874538942002,11.792052056876244,0.9637377858161926,45,"{'momentum_7m': 2.6914612806004166, 'momentum_5m': 1.8806574359946069, 'trend_acceleration': 0.18632508173624654, 'momentum_acc_7m': 2.965765964196914, 'momentum_acc_14m': 2.6838723015988295, 'price_change_15m': 1.5792746974502907}"
2024-10-17 19:42:00,0.0001602527759002,0.0015640082443237,0.0019874538942002,12.401993556966023,0.9615179896354675,45,"{'momentum_7m': 1.7787411892734002, 'momentum_5m': 1.316369622990187, 'trend_acceleration': -0.9127200913270166, 'momentum_acc_7m': 1.8125266917166503, 'momentum_acc_14m': 1.7691855027249994, 'price_change_15m': 1.5470687907503906}"
2024-10-17 19:43:00,0.0001342301227085,0.0016477706478392,0.0019874538942002,14.806318090882192,0.9216151833534241,45,"{'momentum_7m': 1.2942320263939888, 'momentum_5m': 0.5705326869189792, 'trend_acceleration': -0.48450916287941154, 'momentum_acc_7m': 1.4343210803289796, 'momentum_acc_14m': 1.169107960762375, 'price_change_15m': 1.2488888379076697}"
2024-10-17 19:44:00,0.0001738382698038,0.0016814460997937,0.0019874538942002,11.432775397749362,0.9597446918487549,45,"{'momentum_7m': 1.512733293562014, 'momentum_5m': 0.44969737549016936, 'trend_acceleration': 0.21850126716802523, 'momentum_acc_7m': 1.1560443646210619, 'momentum_acc_14m': 1.7694506523543054, 'price_change_15m': 1.5549255464577374}"
2024-10-17 19:45:00,0.0002009589973268,0.0019125481090759,0.0019874538942002,9.889847783068891,0.9773162007331848,45,"{'momentum_7m': 1.3512365424205652, 'momentum_5m': 0.27459091028859556, 'trend_acceleration': -0.1614967511414489, 'momentum_acc_7m': 0.7056698390391267, 'momentum_acc_14m': 1.5783607037153802, 'price_change_15m': 2.940880819758217}"
2024-10-20 09:54:00,1.1366524992815675e-05,5.553531267290251e-05,6.106926027874156e-05,5.372729160173491,0.9688965082168579,45,"{'momentum_7m': 0.363217356292909, 'momentum_5m': 0.3632173562929092, 'trend_acceleration': 0.3632173562929092, 'momentum_acc_7m': 0.40606098257846535, 'momentum_acc_14m': 0.3882085954129482, 'price_change_15m': 0.30481080426664015}"
2024-10-28 14:25:00,0.0002640064228628,0.0014137643206963,0.0014137643206963,5.35503759857771,0.9437179565429688,45,"{'momentum_7m': 0.12754575645738878, 'momentum_5m': 0.14830883187841115, 'trend_acceleration': 0.0765351060528163, 'momentum_acc_7m': 0.09620029365123099, 'momentum_acc_14m': 0.07147853632738715, 'price_change_15m': 0.12046125592190922}"
2024-10-28 14:30:00,0.0002803128703704,0.001845751245317,0.0020446461133624,7.294157099032392,0.9019027948379517,45,"{'momentum_7m': 0.19029522542225422, 'momentum_5m': 0.06175987869487664, 'trend_acceleration': 0.03918556372344895, 'momentum_acc_7m': 0.15237177784013892, 'momentum_acc_14m': 0.23997593756832564, 'price_change_15m': 0.23543596262422334}"
2024-10-28 14:32:00,0.0002820272189352,0.0023428610744278,0.0023428610744278,8.307216173223718,0.9124323129653931,45,"{'momentum_7m': 0.06825289069846824, 'momentum_5m': 0.06405787479552186, 'trend_acceleration': -0.09645207744662555, 'momentum_acc_7m': -0.05929286575892051, 'momentum_acc_14m': 0.03690742789231054, 'price_change_15m': 0.21783581394030593}"
2024-10-28 14:38:00,0.0002644220515474,0.0022411958206059,0.0026168930778893,9.89665219891919,0.9855373501777649,45,"{'momentum_7m': -0.0672297493811919, 'momentum_5m': -0.06241812290894794, 'trend_acceleration': -0.034678562967835364, 'momentum_acc_7m': -0.2319347175262856, 'momentum_acc_14m': -0.11824039978576427, 'price_change_15m': 0.12282290541223173}"
2024-10-28 14:49:00,0.0002945936425584,0.0028218604761241,0.0028218604761241,9.578823397605047,0.9406805038452148,45,"{'momentum_7m': 0.13760275514630055, 'momentum_5m': 0.14169721527530574, 'trend_acceleration': 0.09683730864129883, 'momentum_acc_7m': 0.22342936113344475, 'momentum_acc_14m': 0.06971591578108298, 'price_change_15m': 0.044062823196662146}"
2024-10-28 14:50:00,0.0003100301843647,0.0033399513607043,0.0033399513607043,10.772987693273736,0.878780722618103,45,"{'momentum_7m': 0.19720786560268047, 'momentum_5m': 0.16927608349017714, 'trend_acceleration': 0.05960511045637991, 'momentum_acc_7m': 0.28381888832137503, 'momentum_acc_14m': 0.14560286863225386, 'price_change_15m': 0.09445408005521502}"
2024-10-28 14:51:00,0.0003536926538787,0.003248051576837,0.0033399513607043,9.443089428285798,0.9669898748397827,45,"{'momentum_7m': 0.3707175931664518, 'momentum_5m': 0.3199087754717419, 'trend_acceleration': 0.17350972756377137, 'momentum_acc_7m': 0.4192371267178057, 'momentum_acc_14m': 0.4032687795798085, 'price_change_15m': 0.2475054465594583}"
2024-10-28 14:52:00,0.0004272769221385,0.0032246488610153,0.0033399513607043,7.816830696092847,0.957874596118927,45,"{'momentum_7m': 0.6114376497475712, 'momentum_5m': 0.5944918331911665, 'trend_acceleration': 0.24072005658111942, 'momentum_acc_7m': 0.6087086548122943, 'momentum_acc_14m': 0.6786673991287633, 'price_change_15m': 0.5755262967584059}"
2024-10-28 20:10:00,5.671912587041368e-06,3.966983030492463e-05,4.0203822827664925e-05,7.088230329839479,0.8893739581108093,45,"{'momentum_7m': 0.1117359518041448, 'momentum_5m': 0.11173595180414489, 'trend_acceleration': 0.07739267008883226, 'momentum_acc_7m': 0.12093414731927395, 'momentum_acc_14m': 0.12250508532619854, 'price_change_15m': 0.10150989620925589}"
2024-10-28 20:19:00,7.175377871654572e-06,2.271457811771124e-05,4.326072459955506e-05,6.029051761921991,0.9380868673324585,45,"{'momentum_7m': 0.24491790193798443, 'momentum_5m': 0.24491790193798454, 'trend_acceleration': 0.13449214020537462, 'momentum_acc_7m': 0.11520503498017604, 'momentum_acc_14m': 0.2541160974531137, 'price_change_15m': 0.4064025834172874}"
2024-10-28 20:23:00,7.6170439080066066e-06,2.728035081658853e-05,4.326072459955506e-05,5.679463729240399,0.9304397106170654,45,"{'momentum_7m': 0.25960201744142436, 'momentum_5m': 0.1901192094413493, 'trend_acceleration': 0.11513787621813425, 'momentum_acc_7m': 0.12423296892008702, 'momentum_acc_14m': 0.22525873572611194, 'price_change_15m': 0.4301162538388475}"
2024-10-28 20:26:00,7.810927670225186e-06,2.932871453990546e-05,4.326072459955506e-05,5.538487414812775,0.9509457349777222,45,"{'momentum_7m': 0.08856586706058714, 'momentum_5m': 0.1841128545310012, 'trend_acceleration': -0.10131493563640079, 'momentum_acc_7m': -0.15635203487739727, 'momentum_acc_14m': -0.04114699989722119, 'price_change_15m': 0.35517705484738105}"
2024-10-28 20:32:00,1.0262224761638464e-05,6.48159131602199e-05,6.48159131602199e-05,6.3159709191432105,0.9477660655975342,45,"{'momentum_7m': 0.3475105250003174, 'momentum_5m': 0.2871303262359812, 'trend_acceleration': 0.2578521794420332, 'momentum_acc_7m': 0.15762972230332958, 'momentum_acc_14m': 0.2370847632677077, 'price_change_15m': 0.5957426629496724}"
2024-10-29 01:16:00,1.6834195705378642e-05,5.9699909955691295e-05,9.03634729981786e-05,5.3678521136181665,0.9134884476661682,45,"{'momentum_7m': -0.15240469601806977, 'momentum_5m': -0.05208772198992484, 'trend_acceleration': 0.150085958405106, 'momentum_acc_7m': 0.06093392832454499, 'momentum_acc_14m': -0.14201825548413094, 'price_change_15m': -0.3332266349679806}"
2024-10-29 01:20:00,1.777228242265813e-05,5.941455199394123e-05,9.03634729981786e-05,5.0845170501551875,0.9807517528533936,45,"{'momentum_7m': 0.05572013823472439, 'momentum_5m': 0.05572013823472446, 'trend_acceleration': 0.05572013823472446, 'momentum_acc_7m': 0.3582107926579002, 'momentum_acc_14m': 0.11427337655413887, 'price_change_15m': -0.33108688985496465}"
2024-10-24 18:43:00,0.0004047767906907,0.0009342495049657,0.002968619035039,7.333965541782744,0.9145449995994568,45,"{'momentum_7m': -0.4187934292082867, 'momentum_5m': -0.6237033193409136, 'trend_acceleration': -0.5601713810149737, 'momentum_acc_7m': -2.39095892690934, 'momentum_acc_14m': 0.022061501857086732, 'price_change_15m': 1.0953568751893796}"
2024-10-24 19:48:00,0.0010694067259167,0.0056084411192506,0.0056084411192506,5.244441598628455,0.9264007806777954,45,"{'momentum_7m': -0.19685434973305552, 'momentum_5m': -0.2618774315732954, 'trend_acceleration': 0.2583142568670039, 'momentum_acc_7m': -0.32496263778508955, 'momentum_acc_14m': -0.4602284724225503, 'price_change_15m': -0.06894722462179696}"
2024-10-24 20:24:00,0.0026888893890536,0.0140642650100674,0.015297376569686,5.6891059304861065,0.9890088438987732,45,"{'momentum_7m': -0.22460783531986242, 'momentum_5m': -0.14128570080456496, 'trend_acceleration': 0.25890885691582566, 'momentum_acc_7m': -0.4512256097793583, 'momentum_acc_14m': -0.011487230582415853, 'price_change_15m': -0.08197656211016725}"
2024-10-24 22:02:00,0.0070413860736841,0.0339712375969075,0.0407577331069876,5.788311091095006,0.9858899116516113,45,"{'momentum_7m': -0.2347262378772576, 'momentum_5m': -0.13150252849918828, 'trend_acceleration': 0.055166293763788204, 'momentum_acc_7m': -0.20637008111984595, 'momentum_acc_14m': -0.22867205827076212, 'price_change_15m': -0.1608670368724614}"
2024-10-24 22:05:00,0.0060286808216248,0.0434411371081761,0.0434411371081761,7.205745069858948,0.9906150102615356,45,"{'momentum_7m': -0.23985414838873612, 'momentum_5m': -0.23346596201006348, 'trend_acceleration': 0.11207297921834627, 'momentum_acc_7m': -0.3010284681732106, 'momentum_acc_14m': 0.07115588532440445, 'price_change_15m': -0.2085230248181645}"
2024-10-24 22:16:00,0.0073389083337389,0.0188548619060258,0.0434411371081761,5.919291416744602,0.9676269888877869,45,"{'momentum_7m': 0.26806036215732826, 'momentum_5m': 0.5847599126883037, 'trend_acceleration': 0.4125584141011732, 'momentum_acc_7m': 0.446132729978932, 'momentum_acc_14m': 0.502786600034586, 'price_change_15m': 0.05838677026751248}"
2024-10-24 22:18:00,0.0063915192961811,0.0194769607929871,0.0434411371081761,6.796684026931118,0.9549785256385803,45,"{'momentum_7m': 0.3801926566933251, 'momentum_5m': 0.15261303786283828, 'trend_acceleration': 0.2617574413404069, 'momentum_acc_7m': 0.49881794025769766, 'momentum_acc_14m': 0.7321197843004076, 'price_change_15m': 0.03863075616340261}"
2024-10-24 22:19:00,0.0072555275013087,0.0230178383618845,0.0434411371081761,5.987316166927973,0.982245922088623,45,"{'momentum_7m': 0.41409790443733563, 'momentum_5m': 0.31493767747235923, 'trend_acceleration': 0.033905247744010526, 'momentum_acc_7m': 0.563032976091983, 'momentum_acc_14m': 0.6539520528260718, 'price_change_15m': 0.380892916624472}"
2024-11-02 19:57:00,0.0003673487445286,0.0019220991122431,0.0019220991122431,5.2323551961764085,0.9668983221054077,45,"{'momentum_7m': 0.058126492862563335, 'momentum_5m': 0.14422889766067498, 'trend_acceleration': 0.22815322542378116, 'momentum_acc_7m': 0.3257464441386533, 'momentum_acc_14m': -0.35286978331274366, 'price_change_15m': -0.15148374281507332}"
2024-11-02 19:59:00,0.0004203303747922,0.0029953706612189,0.0029953706612189,7.126229368267118,0.9648426175117493,45,"{'momentum_7m': 0.30924490840822966, 'momentum_5m': 0.1718445415567713, 'trend_acceleration': 0.23219278996331025, 'momentum_acc_7m': 0.6556622975544303, 'momentum_acc_14m': -0.1688047165789139, 'price_change_15m': -0.19844609826376727}"
2024-10-29 10:14:00,9.0476771328587e-05,0.0004647574839122,0.0004647574839122,5.136760265508673,0.9382900595664978,30,"{'momentum_7m': 0.15392596503775566, 'momentum_5m': 0.15392596503775574, 'trend_acceleration': 0.1260141360623676, 'momentum_acc_7m': 0.13921916932668563, 'momentum_acc_14m': 0.2572128210071098, 'price_change_15m': 0.17089671879494361}"
2024-10-28 22:45:00,6.132125000509997e-06,9.051781176526642e-06,5.5509437951059824e-05,9.052235227827746,0.8923197388648987,30,"{'momentum_7m': 0.11236134518539437, 'momentum_5m': 0.11236134518539444, 'trend_acceleration': 0.11236134518539444, 'momentum_acc_7m': 0.14789387435004575, 'momentum_acc_14m': 0.11236134518539455, 'price_change_15m': 0.0728359799445359}"
2024-10-29 01:26:00,7.531925437373445e-06,0.0001711650325196,0.0002369140590474,31.454647422799948,0.9387044310569763,30,"{'momentum_7m': 0.15603245673629454, 'momentum_5m': 0.15603245673629462, 'trend_acceleration': 0.11644059392947712, 'momentum_acc_7m': 0.15603245673629465, 'momentum_acc_14m': 0.1673704803418858, 'price_change_15m': 0.14292517690242212}"
2024-10-29 01:30:00,8.341647295019048e-06,0.0001546614363368,0.0002369140590474,28.40135175564972,0.913729727268219,30,"{'momentum_7m': 0.2803025532552698, 'momentum_5m': 0.23154267346543156, 'trend_acceleration': 0.12427009651897533, 'momentum_acc_7m': 0.2803025532552699, 'momentum_acc_14m': 0.29164057686086114, 'price_change_15m': 0.2803025532552698}"
2024-10-29 01:38:00,7.035259768489568e-06,3.920512116125956e-05,0.0002369140590474,33.67523969882695,0.982269823551178,30,"{'momentum_7m': -0.15659639950708423, 'momentum_5m': -0.21540690132935042, 'trend_acceleration': -0.32161765731785136, 'momentum_acc_7m': -0.4368989527623541, 'momentum_acc_14m': -0.15659639950708407, 'price_change_15m': 0.07980789885005499}"
2024-10-29 01:39:00,6.742964455777412e-06,4.105486015184795e-05,0.0002369140590474,35.135000429137754,0.9473586678504944,30,"{'momentum_7m': -0.23328171999865652, 'momentum_5m': -0.2480008679012884, 'trend_acceleration': -0.07668532049157233, 'momentum_acc_7m': -0.5317243933649781, 'momentum_acc_14m': -0.27287358280547386, 'price_change_15m': 0.0349485852724267}"
2024-10-29 01:40:00,3.471070269206752e-05,3.441707765019491e-05,0.0002369140590474,6.8253893085702995,0.9267443418502808,30,"{'momentum_7m': 2.870692746128881, 'momentum_5m': 2.79276741229481, 'trend_acceleration': 3.1039744661275384, 'momentum_acc_7m': 2.6801800166298237, 'momentum_acc_14m': 2.7146602893925866, 'price_change_15m': 4.1243329817802445}"
2024-10-29 16:55:00,1.6419024961645892e-05,9.391961599028364e-05,9.391961599028364e-05,5.720170120313213,0.9596858024597168,30,"{'momentum_7m': -0.20147555378406523, 'momentum_5m': -0.1279204017125733, 'trend_acceleration': -0.26913047425180314, 'momentum_acc_7m': -0.2594394725077433, 'momentum_acc_14m': -0.41703569268299384, 'price_change_15m': -0.09446066251830293}"
2024-10-29 19:07:00,0.0036941576521325,0.0186504174185883,0.0186504174185883,5.048625200882292,0.9614644646644592,30,"{'momentum_7m': 0.5707214337961003, 'momentum_5m': 0.2176745018553309, 'trend_acceleration': 0.3336025203574217, 'momentum_acc_7m': 0.3990692828210236, 'momentum_acc_14m': -0.5630401171136923, 'price_change_15m': 0.5942973476834237}"
2024-10-29 19:11:00,0.0041534665964788,0.0190967169995589,0.0218595989158138,5.2629769393946235,0.9858762621879578,30,"{'momentum_7m': 0.1986769230119474, 'momentum_5m': 0.1986883072093064, 'trend_acceleration': -0.21760139234043593, 'momentum_acc_7m': -0.32796753457704786, 'momentum_acc_14m': 0.15200690934454034, 'price_change_15m': 1.0319354490521313}"
2024-10-29 19:12:00,0.0042096192724478,0.0166271485032737,0.0218595989158138,5.192773384254992,0.929905116558075,30,"{'momentum_7m': 0.4042835482799217, 'momentum_5m': 0.13952193133920882, 'trend_acceleration': 0.20560662526797432, 'momentum_acc_7m': 0.2552841123866502, 'momentum_acc_14m': 0.2991265680734999, 'price_change_15m': 0.8547016740653294}"
2024-10-25 07:32:00,5.769033166968717e-05,0.0003505813676761,0.0003505813676761,6.076951848420549,0.9077615141868591,30,"{'momentum_7m': 0.13110236938256217, 'momentum_5m': 0.13452054507121697, 'trend_acceleration': 0.03823274244086995, 'momentum_acc_7m': 0.13647231118106667, 'momentum_acc_14m': 0.12097706946567588, 'price_change_15m': 0.1250283531916287}"
2024-10-25 07:33:00,6.610201225777289e-05,0.0003432764613677,0.0003505813676761,5.303641382488705,0.9676055312156677,30,"{'momentum_7m': 0.29601262853017724, 'momentum_5m': 0.3016956931318616, 'trend_acceleration': 0.16491025914761506, 'momentum_acc_7m': 0.3013825703286817, 'momentum_acc_14m': 0.29180143477053017, 'price_change_15m': 0.28905297548110376}"
2024-10-26 01:18:00,7.501789839797784e-05,0.0003887838616633,0.0004242596049412,5.6554450871238515,0.9780799150466919,30,"{'momentum_7m': 0.6632021497891399, 'momentum_5m': 0.4300741342314988, 'trend_acceleration': 0.3929659715352308, 'momentum_acc_7m': 0.6914217594447603, 'momentum_acc_14m': 1.3667087441835164, 'price_change_15m': 0.40288252000953106}"
2024-10-21 18:09:00,0.0007667321492906,0.0045963980803949,0.0045963980803949,5.99478981629713,0.9496678709983826,30,"{'momentum_7m': 0.12848124506325767, 'momentum_5m': 0.07751501255144276, 'trend_acceleration': -0.07884249114038341, 'momentum_acc_7m': -0.15494338407817612, 'momentum_acc_14m': 0.09459674576708231, 'price_change_15m': 0.4963378961143237}"
2024-10-21 18:12:00,0.0007895802887199,0.0037998231832907,0.0045963980803949,5.821318168728311,0.9854242205619812,30,"{'momentum_7m': 0.05877373888958983, 'momentum_5m': 0.055048555858906355, 'trend_acceleration': -0.03215800089011018, 'momentum_acc_7m': -0.2395651217659633, 'momentum_acc_14m': -0.06356402148531579, 'price_change_15m': 0.36461688306644163}"
2024-10-21 18:14:00,0.0008101323263996,0.0039775958112881,0.0045963980803949,5.673638652122756,0.9604166150093079,30,"{'momentum_7m': 0.08250818151150864, 'momentum_5m': 0.056599083441680256, 'trend_acceleration': 0.042458073468090836, 'momentum_acc_7m': -0.1471367562440515, 'momentum_acc_14m': -0.1826837845003602, 'price_change_15m': 0.3513539562716698}"
2024-10-29 15:45:00,0.000127714106031,0.000741030497495,0.0007626445219915,5.97149794719139,0.9098188281059265,30,"{'momentum_7m': 0.09149463048872342, 'momentum_5m': 0.08959777703114702, 'trend_acceleration': 0.1061186536830156, 'momentum_acc_7m': 0.11624520771482474, 'momentum_acc_14m': 0.19551278904115546, 'price_change_15m': 0.058597196306955084}"
2024-10-29 15:46:00,0.0001457347754308,0.0007999996016068,0.0007999996016068,5.489421445512625,0.9182435870170593,30,"{'momentum_7m': 0.25466863780701526, 'momentum_5m': 0.18330733530524299, 'trend_acceleration': 0.16317400731829187, 'momentum_acc_7m': 0.29022540539696573, 'momentum_acc_14m': 0.3552728915686404, 'price_change_15m': 0.21466659539989907}"
2024-10-29 15:57:00,0.0002678199131517,0.0009171019478753,0.0013750124291695,5.134093327820094,0.9823787808418274,30,"{'momentum_7m': -0.24059380121086663, 'momentum_5m': -0.17103666170646134, 'trend_acceleration': -0.2805339083265138, 'momentum_acc_7m': -2.0413384505125793, 'momentum_acc_14m': -0.2902883815808661, 'price_change_15m': 1.1499442777751394}"
2024-10-27 06:08:00,0.0001865076429657,0.0007755959787778,0.0009933624834699,5.326122123866988,0.9157447218894958,30,"{'momentum_7m': -0.2543359619567276, 'momentum_5m': -0.3097167569703447, 'trend_acceleration': -0.10274429211891836, 'momentum_acc_7m': -0.6129756702866085, 'momentum_acc_14m': -1.7474057653292636, 'price_change_15m': 0.8723707268851163}"
2024-10-27 06:09:00,0.0001353382846243,0.0008153215922568,0.0009933624834699,7.339848338018182,0.8687824606895447,30,"{'momentum_7m': -0.4750751958251819, 'momentum_5m': -0.5181366157045662, 'trend_acceleration': -0.22073923386845434, 'momentum_acc_7m': -0.9622627346074168, 'momentum_acc_14m': -2.0458524449552207, 'price_change_15m': -0.26483907295925646}"
2024-10-29 17:24:00,0.0004707858674402,0.0026797449073839,0.0026797449073839,5.692067440245083,0.9554653167724609,30,"{'momentum_7m': 1.0552475769955416, 'momentum_5m': 0.9783737013957668, 'trend_acceleration': 0.31590378963322946, 'momentum_acc_7m': 0.3066076009843391, 'momentum_acc_14m': -0.03940769694909247, 'price_change_15m': 2.5851582486633364}"
2024-10-29 17:28:00,0.0005977449222297,0.0027854859023029,0.0032958896165329,5.513873048454543,0.8565923571586609,30,"{'momentum_7m': 0.9515683726308067, 'momentum_5m': 0.6209376647919528, 'trend_acceleration': -0.5136007787670962, 'momentum_acc_7m': 0.5268391508056667, 'momentum_acc_14m': -0.6405789344581252, 'price_change_15m': 3.1354450993257648}"
2024-11-09 03:04:00,8.650367815742386e-05,0.0002936349005924,0.0004483935205298,5.183519707841675,0.9896118640899658,30,"{'momentum_7m': -0.14312720020296466, 'momentum_5m': -0.061406032003851654, 'trend_acceleration': -0.13855479685186242, 'momentum_acc_7m': -0.7077220006498786, 'momentum_acc_14m': -0.32343144830398385, 'price_change_15m': 0.34317897224364213}"
2024-10-16 23:40:00,1.7245339333903572e-05,5.462179817802476e-05,0.00011772146422,6.826277056118277,0.9189118146896362,30,"{'momentum_7m': 0.2140984118529508, 'momentum_5m': 0.07724892533994757, 'trend_acceleration': 0.3018532065307463, 'momentum_acc_7m': 0.7203250823118625, 'momentum_acc_14m': -0.14694701241975225, 'price_change_15m': -0.26392239220452585}"
2024-10-16 23:43:00,1.7378482061928565e-05,5.624135328536851e-05,0.00011772146422,6.773978521282655,0.9684587717056274,30,"{'momentum_7m': 0.1194614362244003, 'momentum_5m': 0.1722536525472576, 'trend_acceleration': 0.0774733432324172, 'momentum_acc_7m': 0.15354629382584517, 'momentum_acc_14m': 0.6510926953398987, 'price_change_15m': 0.21329353908840498}"
2024-10-16 23:44:00,1.9713910145132643e-05,5.6647577909486055e-05,0.00011772146422,5.971492380422835,0.8583725690841675,30,"{'momentum_7m': 0.1499772302404795, 'momentum_5m': 0.2986591543699903, 'trend_acceleration': 0.030515794016079175, 'momentum_acc_7m': 0.11771640368930215, 'momentum_acc_14m': 0.7485175897302059, 'price_change_15m': 0.22660488441530774}"
2024-10-16 23:45:00,1.918055339856106e-05,8.177389972495843e-05,0.00011772146422,6.137542633615126,0.9748471975326538,30,"{'momentum_7m': 0.29380196987540447, 'momentum_5m': 0.11220671232032217, 'trend_acceleration': 0.14382473963492504, 'momentum_acc_7m': 0.44507197950770516, 'momentum_acc_14m': 0.90619238701097, 'price_change_15m': 0.15496308965025826}"
2024-10-17 00:09:00,5.462179817802476e-05,0.0001763753823224,0.0002875727051978,5.264797476284755,0.9691122770309448,30,"{'momentum_7m': 0.13140209642036466, 'momentum_5m': 0.10824466220393061, 'trend_acceleration': 0.24432368301902888, 'momentum_acc_7m': 0.6716436838401539, 'momentum_acc_14m': -2.4212599003074824, 'price_change_15m': -0.4556190144439003}"
2024-10-17 00:10:00,5.368722006512931e-05,0.0001829649505123,0.0002875727051978,5.35644618680085,0.9255454540252686,30,"{'momentum_7m': 0.07145778246885594, 'momentum_5m': 0.06091607821325484, 'trend_acceleration': -0.059944313951508746, 'momentum_acc_7m': 0.6393427042240106, 'momentum_acc_14m': -2.1246026674381264, 'price_change_15m': -0.48873315713153753}"
2024-10-20 08:07:00,0.0001615510940944,0.0008666816982588,0.0009523054666916,5.894763338062782,0.9771040081977844,30,"{'momentum_7m': -0.11789655991478898, 'momentum_5m': -0.11421543405912545, 'trend_acceleration': -0.14123369254157517, 'momentum_acc_7m': -0.2250466126527856, 'momentum_acc_14m': -0.46473409839722873, 'price_change_15m': -0.014350516532913441}"
2024-10-20 08:08:00,0.0001579969553979,0.0010278167916825,0.0010278167916825,6.505294922260009,0.9476805925369263,30,"{'momentum_7m': -0.1395930035384213, 'momentum_5m': -0.13181784163218796, 'trend_acceleration': -0.021696443623632364, 'momentum_acc_7m': -0.18237855701721095, 'momentum_acc_14m': -0.5656962040065469, 'price_change_15m': -0.044864023990661604}"
2024-10-20 08:13:00,0.000148219452654,0.0006826170233752,0.0010278167916825,6.934425767188678,0.9843889474868774,30,"{'momentum_7m': -0.20906774063480144, 'momentum_5m': -0.061878645499150835, 'trend_acceleration': -0.037134464027663176, 'momentum_acc_7m': -0.2324048732615875, 'momentum_acc_14m': -0.3263540219869699, 'price_change_15m': -0.2151654762628872}"
2024-10-20 08:14:00,0.0001489841729506,0.0006694950929588,0.0010278167916825,6.89883207945385,0.9061992168426514,30,"{'momentum_7m': -0.07778225981649099, 'momentum_5m': -0.05703897862523053, 'trend_acceleration': 0.13128548081831046, 'momentum_acc_7m': 0.04011430009829802, 'momentum_acc_14m': -0.18493231255448755, 'price_change_15m': -0.1864345887163112}"
2024-10-22 17:16:00,0.0006024466987262,0.0043542111717172,0.0043551806398374,7.22915512533457,0.9171908497810364,30,"{'momentum_7m': -0.1987110635259731, 'momentum_5m': -0.35592352387420295, 'trend_acceleration': -0.16010270816492603, 'momentum_acc_7m': -0.2220020248584483, 'momentum_acc_14m': -0.7252455164388569, 'price_change_15m': -0.1427818188183646}"
2024-10-22 17:17:00,0.0006272203289492,0.0049105575932844,0.0049105575932844,7.8290791395604105,0.940305769443512,30,"{'momentum_7m': -0.23344575399755968, 'momentum_5m': -0.24894544723579423, 'trend_acceleration': -0.03473469047158663, 'momentum_acc_7m': -0.6511960911930661, 'momentum_acc_14m': -0.14716533012990798, 'price_change_15m': -0.1463345329741711}"
2024-10-22 17:20:00,0.000591658093744,0.0044189531552889,0.0049105575932844,8.299654217878597,0.9937532544136047,30,"{'momentum_7m': -0.16387027133557758, 'momentum_5m': -0.09229930686827068, 'trend_acceleration': 0.03147207726878654, 'momentum_acc_7m': -0.391895257505952, 'momentum_acc_14m': 0.26148957087846647, 'price_change_15m': 0.15439681803779068}"
2024-10-22 17:29:00,0.0012731724264877,0.0059320826047487,0.0066973032128528,5.260326938848847,0.893047034740448,30,"{'momentum_7m': 1.9433756332812167, 'momentum_5m': 1.6801039019694255, 'trend_acceleration': 0.08857833730153093, 'momentum_acc_7m': 2.2797798884619547, 'momentum_acc_14m': 1.9819839886422637, 'price_change_15m': 1.0397772594607566}"
2024-10-22 17:33:00,0.0018698190081842,0.0093528351627638,0.0093528351627638,5.002000258755756,0.9233008027076721,30,"{'momentum_7m': 1.9516372815630039, 'momentum_5m': 0.2516825235000772, 'trend_acceleration': -0.19915645911521174, 'momentum_acc_7m': 2.0089876239601208, 'momentum_acc_14m': 2.146979630167368, 'price_change_15m': 1.812610312461586}"
2024-10-22 17:34:00,0.0015887157072983,0.0074556118075324,0.0093528351627638,5.887041413261293,0.9840909838676453,30,"{'momentum_7m': 0.26793980269706513, 'momentum_5m': 0.24781824815596523, 'trend_acceleration': -1.683697478865939, 'momentum_acc_7m': -0.8496817103996661, 'momentum_acc_14m': 0.4318100740326429, 'price_change_15m': 1.3640726463164745}"
2024-10-30 21:48:00,2.1524387169138726e-07,2.6493823789863853e-07,1.818663370148471e-06,8.449315447902913,0.878473699092865,30,"{'momentum_7m': 2.835426484594749, 'momentum_5m': 13.449910207296718, 'trend_acceleration': 3.2167231435952153, 'momentum_acc_7m': 3.6597337860279233, 'momentum_acc_14m': 2.6693366190188734, 'price_change_15m': 1.4475769108646421}"
2024-10-30 21:52:00,2.665155989804827e-07,3.1165481634547135e-07,1.818663370148471e-06,6.823853377083771,0.9380596876144409,30,"{'momentum_7m': 1.5495841491284825, 'momentum_5m': 0.2381818825662681, 'trend_acceleration': -9.584822139038726, 'momentum_acc_7m': 2.2720916192043696, 'momentum_acc_14m': -6.250585509031148, 'price_change_15m': 1.867376009535959}"
2024-10-30 21:53:00,3.445310436489282e-07,3.07067521650278e-07,1.818663370148471e-06,5.278663283537552,0.9008541703224182,30,"{'momentum_7m': 2.29588207228727, 'momentum_5m': 0.6006012209201542, 'trend_acceleration': 0.746297923158788, 'momentum_acc_7m': 2.9953800668944215, 'momentum_acc_14m': -4.953904613266898, 'price_change_15m': -0.08556413468224432}"
2024-10-30 21:54:00,3.458961971399139e-07,3.231432939067543e-06,3.231432939067543e-06,9.342204296511646,0.9106870293617249,30,"{'momentum_7m': 0.6069430167922045, 'momentum_5m': 0.3303213428734764, 'trend_acceleration': -1.688939055495066, 'momentum_acc_7m': 0.98823967579267, 'momentum_acc_14m': -2.34919636934222, 'price_change_15m': -0.005799465927654985}"
2024-10-30 21:55:00,3.805214878883181e-07,2.592713073021406e-07,3.231432939067543e-06,8.49211684995818,0.9985733032226562,30,"{'momentum_7m': 0.7677941792341864, 'momentum_5m': 0.40532744907370755, 'trend_acceleration': 0.1608511624419819, 'momentum_acc_7m': -2.067632305360563, 'momentum_acc_14m': 1.5921014806673608, 'price_change_15m': 0.09371425830741818}"
2024-10-30 21:56:00,3.805214878883181e-07,2.1404851253456667e-07,3.231432939067543e-06,8.49211684995818,0.8817964196205139,30,"{'momentum_7m': 0.4634818109223308, 'momentum_5m': 0.4444939024476001, 'trend_acceleration': -0.3043123683118557, 'momentum_acc_7m': -2.110485460324089, 'momentum_acc_14m': 0.6807749351768905, 'price_change_15m': 5.780437262810115}"
2024-10-30 21:57:00,2.922389074952802e-07,1.883729063799679e-07,3.231432939067543e-06,11.057504172745144,0.9902381300926208,30,"{'momentum_7m': 0.0793061181653476, 'momentum_5m': 0.09650854402645967, 'trend_acceleration': -0.3841756927569834, 'momentum_acc_7m': -17.097784847030194, 'momentum_acc_14m': 0.9189748476825708, 'price_change_15m': 3.017054599129973}"
2024-10-30 22:01:00,2.87346223543482e-07,1.9008562283749885e-07,3.231432939067543e-06,11.245781827992438,0.989512026309967,30,"{'momentum_7m': -0.16925538168566504, 'momentum_5m': -0.2448403646207566, 'trend_acceleration': -0.17141646532536348, 'momentum_acc_7m': -0.7761983984778695, 'momentum_acc_14m': 0.2120412773148006, 'price_change_15m': 1.748850485628062}"
2024-10-30 22:06:00,1.0934655641487529e-07,1.969807087277782e-07,3.231432939067543e-06,29.552214948654253,0.8536728620529175,30,"{'momentum_7m': -0.6291237164310275, 'momentum_5m': -0.619405798487661, 'trend_acceleration': -0.18760654899656562, 'momentum_acc_7m': -0.7355307192030793, 'momentum_acc_14m': -2.1787078655595096, 'price_change_15m': -0.5848475483787534}"
2024-10-30 22:10:00,1.7944562609402545e-07,1.142620482874432e-07,3.231432939067543e-06,18.007866836354903,0.9450419545173645,30,"{'momentum_7m': 0.11437484014937596, 'momentum_5m': 0.2780249809677513, 'trend_acceleration': 0.22702882148509668, 'momentum_acc_7m': 0.6911503152070819, 'momentum_acc_14m': -0.34910697077295477, 'price_change_15m': -0.5283750753412908}"
2024-10-17 19:37:00,6.91792517806972e-05,0.0007883646204038,0.0008199004676098,11.851826183505695,0.9543886780738831,30,"{'momentum_7m': 0.356688928940952, 'momentum_5m': 0.35028568472057925, 'trend_acceleration': 0.4967779828759428, 'momentum_acc_7m': 0.6134062877332435, 'momentum_acc_14m': 0.8013951885552077, 'price_change_15m': 0.14401562786126668}"
2024-10-17 19:38:00,8.546514753542556e-05,0.0011871177487434,0.0011871177487434,13.890080143503363,0.9659680128097534,30,"{'momentum_7m': 0.6455667033814383, 'momentum_5m': 0.9000929524308711, 'trend_acceleration': 0.28887777444048635, 'momentum_acc_7m': 0.8726908646762535, 'momentum_acc_14m': 0.8968262972547268, 'price_change_15m': 0.24576666594187996}"
2024-10-17 19:39:00,0.0001199101971076,0.0014146067139296,0.0014146067139296,11.797217818433067,0.9577370285987854,30,"{'momentum_7m': 1.340420423327886, 'momentum_5m': 1.6263402018632633, 'trend_acceleration': 0.6948537199464478, 'momentum_acc_7m': 1.3249431277146326, 'momentum_acc_14m': 1.4488767697601928, 'price_change_15m': 0.7843464529755424}"
2024-10-17 19:40:00,0.0001576624818702,0.0011734851537198,0.0014146067139296,8.972373751506804,0.8932927846908569,30,"{'momentum_7m': 2.50513619886417, 'momentum_5m': 1.733827599016241, 'trend_acceleration': 1.1647157755362842, 'momentum_acc_7m': 2.816758414437244, 'momentum_acc_14m': 2.475537256464855, 'price_change_15m': 2.1248761020694626}"
2024-10-17 19:41:00,0.0001685418182191,0.001305410830005,0.0014146067139296,8.393209049700936,0.9637377858161926,30,"{'momentum_7m': 2.6914612806004166, 'momentum_5m': 1.8806574359946069, 'trend_acceleration': 0.18632508173624654, 'momentum_acc_7m': 2.965765964196914, 'momentum_acc_14m': 2.6838723015988295, 'price_change_15m': 1.5792746974502907}"
2024-10-17 19:42:00,0.0001602527759002,0.0016291354019456,0.0016291354019456,10.166035457383717,0.9615179896354675,30,"{'momentum_7m': 1.7787411892734002, 'momentum_5m': 1.316369622990187, 'trend_acceleration': -0.9127200913270166, 'momentum_acc_7m': 1.8125266917166503, 'momentum_acc_14m': 1.7691855027249994, 'price_change_15m': 1.5470687907503906}"
2024-10-17 19:43:00,0.0001342301227085,0.0013537108654876,0.0016291354019456,12.136883801287297,0.9216151833534241,30,"{'momentum_7m': 1.2942320263939888, 'momentum_5m': 0.5705326869189792, 'trend_acceleration': -0.48450916287941154, 'momentum_acc_7m': 1.4343210803289796, 'momentum_acc_14m': 1.169107960762375, 'price_change_15m': 1.2488888379076697}"
2024-10-17 19:44:00,0.0001738382698038,0.0013071906049845,0.0016291354019456,9.371557849628276,0.9597446918487549,30,"{'momentum_7m': 1.512733293562014, 'momentum_5m': 0.44969737549016936, 'trend_acceleration': 0.21850126716802523, 'momentum_acc_7m': 1.1560443646210619, 'momentum_acc_14m': 1.7694506523543054, 'price_change_15m': 1.5549255464577374}"
2024-10-17 19:45:00,0.0002009589973268,0.0014045529301694,0.0016291354019456,8.106804988165303,0.9773162007331848,30,"{'momentum_7m': 1.3512365424205652, 'momentum_5m': 0.27459091028859556, 'trend_acceleration': -0.1614967511414489, 'momentum_acc_7m': 0.7056698390391267, 'momentum_acc_14m': 1.5783607037153802, 'price_change_15m': 2.940880819758217}"
2024-10-17 19:46:00,0.0002074894285917,0.0013554270680633,0.0016291354019456,7.851654963836403,0.9004402756690979,30,"{'momentum_7m': 0.730308883236262, 'momentum_5m': 0.23106529020737201, 'trend_acceleration': -0.6209276591843033, 'momentum_acc_7m': -0.610111540091624, 'momentum_acc_14m': 0.7148315876230087, 'price_change_15m': 2.994925506644786}"
2024-10-28 14:38:00,0.0002644220515474,0.0013216135446427,0.0013242313882357,5.008021760992651,0.9855373501777649,30,"{'momentum_7m': -0.0672297493811919, 'momentum_5m': -0.06241812290894794, 'trend_acceleration': -0.034678562967835364, 'momentum_acc_7m': -0.2319347175262856, 'momentum_acc_14m': -0.11824039978576427, 'price_change_15m': 0.12282290541223173}"
2024-10-28 14:49:00,0.0002945936425584,0.0026168930778893,0.0026168930778893,8.883060256028877,0.9406805038452148,30,"{'momentum_7m': 0.13760275514630055, 'momentum_5m': 0.14169721527530574, 'trend_acceleration': 0.09683730864129883, 'momentum_acc_7m': 0.22342936113344475, 'momentum_acc_14m': 0.06971591578108298, 'price_change_15m': 0.044062823196662146}"
2024-10-28 14:50:00,0.0003100301843647,0.0025487058174792,0.0026168930778893,8.440768705317259,0.878780722618103,30,"{'momentum_7m': 0.19720786560268047, 'momentum_5m': 0.16927608349017714, 'trend_acceleration': 0.05960511045637991, 'momentum_acc_7m': 0.28381888832137503, 'momentum_acc_14m': 0.14560286863225386, 'price_change_15m': 0.09445408005521502}"
2024-10-28 14:51:00,0.0003536926538787,0.0023242123852739,0.0026168930778893,7.398777014992151,0.9669898748397827,30,"{'momentum_7m': 0.3707175931664518, 'momentum_5m': 0.3199087754717419, 'trend_acceleration': 0.17350972756377137, 'momentum_acc_7m': 0.4192371267178057, 'momentum_acc_14m': 0.4032687795798085, 'price_change_15m': 0.2475054465594583}"
2024-10-28 14:52:00,0.0004272769221385,0.0023269012593466,0.0026168930778893,6.124583244027969,0.957874596118927,30,"{'momentum_7m': 0.6114376497475712, 'momentum_5m': 0.5944918331911665, 'trend_acceleration': 0.24072005658111942, 'momentum_acc_7m': 0.6087086548122943, 'momentum_acc_14m': 0.6786673991287633, 'price_change_15m': 0.5755262967584059}"
2024-10-28 20:10:00,5.671912587041368e-06,4.0203822827664925e-05,4.0203822827664925e-05,7.088230329839479,0.8893739581108093,30,"{'momentum_7m': 0.1117359518041448, 'momentum_5m': 0.11173595180414489, 'trend_acceleration': 0.07739267008883226, 'momentum_acc_7m': 0.12093414731927395, 'momentum_acc_14m': 0.12250508532619854, 'price_change_15m': 0.10150989620925589}"
2024-10-28 20:19:00,7.175377871654572e-06,3.47910418182734e-05,4.0203822827664925e-05,5.603025171187858,0.9380868673324585,30,"{'momentum_7m': 0.24491790193798443, 'momentum_5m': 0.24491790193798454, 'trend_acceleration': 0.13449214020537462, 'momentum_acc_7m': 0.11520503498017604, 'momentum_acc_14m': 0.2541160974531137, 'price_change_15m': 0.4064025834172874}"
2024-10-28 20:23:00,7.6170439080066066e-06,3.708689244474944e-05,4.0203822827664925e-05,5.2781398286814305,0.9304397106170654,30,"{'momentum_7m': 0.25960201744142436, 'momentum_5m': 0.1901192094413493, 'trend_acceleration': 0.11513787621813425, 'momentum_acc_7m': 0.12423296892008702, 'momentum_acc_14m': 0.22525873572611194, 'price_change_15m': 0.4301162538388475}"
2024-10-28 20:26:00,7.810927670225186e-06,4.0964213188837104e-05,4.0964213188837104e-05,5.24447478178429,0.9509457349777222,30,"{'momentum_7m': 0.08856586706058714, 'momentum_5m': 0.1841128545310012, 'trend_acceleration': -0.10131493563640079, 'momentum_acc_7m': -0.15635203487739727, 'momentum_acc_14m': -0.04114699989722119, 'price_change_15m': 0.35517705484738105}"
2024-10-24 18:43:00,0.0004047767906907,0.0024325507868573,0.002968619035039,7.333965541782744,0.9145449995994568,30,"{'momentum_7m': -0.4187934292082867, 'momentum_5m': -0.6237033193409136, 'trend_acceleration': -0.5601713810149737, 'momentum_acc_7m': -2.39095892690934, 'momentum_acc_14m': 0.022061501857086732, 'price_change_15m': 1.0953568751893796}"
2024-10-24 22:05:00,0.0060286808216248,0.0306701351737674,0.0306701351737674,5.087370866235616,0.9906150102615356,30,"{'momentum_7m': -0.23985414838873612, 'momentum_5m': -0.23346596201006348, 'trend_acceleration': 0.11207297921834627, 'momentum_acc_7m': -0.3010284681732106, 'momentum_acc_14m': 0.07115588532440445, 'price_change_15m': -0.2085230248181645}"
2024-10-24 22:16:00,0.0073389083337389,0.0347731316261041,0.0407577331069876,5.553650659405777,0.9676269888877869,30,"{'momentum_7m': 0.26806036215732826, 'momentum_5m': 0.5847599126883037, 'trend_acceleration': 0.4125584141011732, 'momentum_acc_7m': 0.446132729978932, 'momentum_acc_14m': 0.502786600034586, 'price_change_15m': 0.05838677026751248}"
2024-10-24 22:18:00,0.0063915192961811,0.0368868671967928,0.0407577331069876,6.376845819950843,0.9549785256385803,30,"{'momentum_7m': 0.3801926566933251, 'momentum_5m': 0.15261303786283828, 'trend_acceleration': 0.2617574413404069, 'momentum_acc_7m': 0.49881794025769766, 'momentum_acc_14m': 0.7321197843004076, 'price_change_15m': 0.03863075616340261}"
2024-10-24 22:19:00,0.0072555275013087,0.0395541082931226,0.0407577331069876,5.617473450364017,0.982245922088623,30,"{'momentum_7m': 0.41409790443733563, 'momentum_5m': 0.31493767747235923, 'trend_acceleration': 0.033905247744010526, 'momentum_acc_7m': 0.563032976091983, 'momentum_acc_14m': 0.6539520528260718, 'price_change_15m': 0.380892916624472}"
2024-11-02 20:22:00,0.0004309072901909,0.0034962087618874,0.0037855754132351,8.785127333441073,0.9443789124488831,30,"{'momentum_7m': 0.17183818136424833, 'momentum_5m': 0.16332279359257257, 'trend_acceleration': 0.08325584319119947, 'momentum_acc_7m': 0.1828161212166005, 'momentum_acc_14m': 0.239915107125493, 'price_change_15m': 0.1770169599974966}"
2024-11-02 20:23:00,0.000466875498221,0.0034803309950633,0.0037855754132351,8.108318872289935,0.9081658124923706,30,"{'momentum_7m': 0.26289485934959894, 'momentum_5m': 0.26536968125137755, 'trend_acceleration': 0.09105667798535061, 'momentum_acc_7m': 0.2807862465468536, 'momentum_acc_14m': 0.327353878929516, 'price_change_15m': 0.2557068024020117}"
2024-11-02 20:24:00,0.0004836977085578,0.0032858064399916,0.0037855754132351,7.826324884858821,0.9489714503288269,30,"{'momentum_7m': 0.305830537761641, 'momentum_5m': 0.3101736576715922, 'trend_acceleration': 0.04293567841204207, 'momentum_acc_7m': 0.32179277582508764, 'momentum_acc_14m': 0.3238576112042374, 'price_change_15m': 0.2849861278541088}"
2024-11-02 20:30:00,0.0004340066168333,0.002216424236411,0.0037855754132351,8.722391010663145,0.9761966466903687,30,"{'momentum_7m': -0.07039558329453757, 'momentum_5m': -0.10268355811839357, 'trend_acceleration': -0.05118005595457984, 'momentum_acc_7m': -0.3332904426441365, 'momentum_acc_14m': -0.05250419609728282, 'price_change_15m': 0.18026606164955034}"
2024-11-02 20:31:00,0.0004347961080635,0.0016784716250388,0.0037855754132351,8.706553124625104,0.9791222214698792,30,"{'momentum_7m': -0.10109056261440658, 'momentum_5m': -0.10667411398944186, 'trend_acceleration': -0.030694979319869052, 'momentum_acc_7m': -0.4069211003760476, 'momentum_acc_14m': -0.08512832455095985, 'price_change_15m': 0.17612641986618077}"
