token_address,spike_time,start_time,price_increase,start_price,end_price
ohyRE8Gj46Y9JeVe6CuRgateGewCJgPi2pNAu5Npump,2024-09-27 13:47:00,2024-09-27 12:55:00,7.536221660868824,0.00021366246827148505,0.0016102077215022635
ohyRE8Gj46Y9JeVe6CuRgateGewCJgPi2pNAu5Npump,2024-09-27 13:47:00,2024-09-27 12:56:00,8.802504717735445,0.00018292608446525315,0.0016102077215022635
ohyRE8Gj46Y9JeVe6CuRgateGewCJgPi2pNAu5Npump,2024-09-27 13:47:00,2024-09-27 12:57:00,7.578248326323416,0.00021247756106238013,0.0016102077215022635
ohyRE8Gj46Y9JeVe6CuRgateGewCJgPi2pNAu5Npump,2024-09-27 13:47:00,2024-09-27 12:58:00,6.008669216074701,0.0002679807564035233,0.0016102077215022635
ohyRE8Gj46Y9JeVe6CuRgateGewCJgPi2pNAu5Npump,2024-09-27 13:47:00,2024-09-27 12:59:00,6.053382380190402,0.0002660013229581602,0.0016102077215022635
ohyRE8Gj46Y9JeVe6CuRgateGewCJgPi2pNAu5Npump,2024-09-27 13:47:00,2024-09-27 13:00:00,6.656557716920682,0.00024189795837106394,0.0016102077215022635
ohyRE8Gj46Y9JeVe6CuRgateGewCJgPi2pNAu5Npump,2024-09-27 13:47:00,2024-09-27 13:01:00,6.989617203648251,0.00023037137436679808,0.0016102077215022635
ohyRE8Gj46Y9JeVe6CuRgateGewCJgPi2pNAu5Npump,2024-09-27 13:47:00,2024-09-27 13:02:00,6.761315716018179,0.0002381500567541216,0.0016102077215022635
ohyRE8Gj46Y9JeVe6CuRgateGewCJgPi2pNAu5Npump,2024-09-27 13:47:00,2024-09-27 13:03:00,7.250828024171489,0.00022207225383562352,0.0016102077215022635
ohyRE8Gj46Y9JeVe6CuRgateGewCJgPi2pNAu5Npump,2024-09-27 13:47:00,2024-09-27 13:04:00,6.243195827993066,0.00025791401805505754,0.0016102077215022635
ohyRE8Gj46Y9JeVe6CuRgateGewCJgPi2pNAu5Npump,2024-09-27 13:47:00,2024-09-27 13:05:00,5.267721676764373,0.0003056744111225162,0.0016102077215022635
ohyRE8Gj46Y9JeVe6CuRgateGewCJgPi2pNAu5Npump,2024-09-27 14:05:00,2024-09-27 13:06:00,5.233674941494661,0.0003324930390586686,0.001740160486742759
ohyRE8Gj46Y9JeVe6CuRgateGewCJgPi2pNAu5Npump,2024-09-27 14:06:00,2024-09-27 13:07:00,5.096957462398128,0.0003566603521721881,0.0018178826435455784
9mt4LkTG28B1mQKPjCKkGwMjGywS9q3v59XBomFNpump,2024-09-27 23:27:00,2024-09-27 22:41:00,14.211436060030293,3.445050864018055e-05,0.000489591200775447
9mt4LkTG28B1mQKPjCKkGwMjGywS9q3v59XBomFNpump,2024-09-27 23:27:00,2024-09-27 22:42:00,16.249290865606017,3.0130004122933007e-05,0.000489591200775447
9mt4LkTG28B1mQKPjCKkGwMjGywS9q3v59XBomFNpump,2024-09-27 23:27:00,2024-09-27 22:43:00,31.404313025645582,1.5589935063239053e-05,0.000489591200775447
9mt4LkTG28B1mQKPjCKkGwMjGywS9q3v59XBomFNpump,2024-09-27 23:27:00,2024-09-27 22:44:00,32.255865067537705,1.517836212888215e-05,0.000489591200775447
9mt4LkTG28B1mQKPjCKkGwMjGywS9q3v59XBomFNpump,2024-09-27 23:27:00,2024-09-27 22:45:00,25.06197805011176,1.953521784260216e-05,0.000489591200775447
9mt4LkTG28B1mQKPjCKkGwMjGywS9q3v59XBomFNpump,2024-09-27 23:27:00,2024-09-27 22:46:00,24.400770097343006,2.0064579880975086e-05,0.000489591200775447
9mt4LkTG28B1mQKPjCKkGwMjGywS9q3v59XBomFNpump,2024-09-27 23:27:00,2024-09-27 22:47:00,18.44321372188731,2.6545872544676378e-05,0.000489591200775447
9mt4LkTG28B1mQKPjCKkGwMjGywS9q3v59XBomFNpump,2024-09-27 23:27:00,2024-09-27 22:48:00,18.958899763403213,2.5823819255615025e-05,0.000489591200775447
9mt4LkTG28B1mQKPjCKkGwMjGywS9q3v59XBomFNpump,2024-09-27 23:27:00,2024-09-27 22:49:00,12.495191069118192,3.9182370086798384e-05,0.000489591200775447
9mt4LkTG28B1mQKPjCKkGwMjGywS9q3v59XBomFNpump,2024-09-27 23:27:00,2024-09-27 22:50:00,12.015667250274248,4.0746068493555567e-05,0.000489591200775447
9mt4LkTG28B1mQKPjCKkGwMjGywS9q3v59XBomFNpump,2024-09-27 23:27:00,2024-09-27 22:51:00,7.601593935109533,6.440638699657039e-05,0.000489591200775447
9mt4LkTG28B1mQKPjCKkGwMjGywS9q3v59XBomFNpump,2024-09-27 23:27:00,2024-09-27 22:52:00,9.411995491094203,5.201778955787929e-05,0.000489591200775447
9mt4LkTG28B1mQKPjCKkGwMjGywS9q3v59XBomFNpump,2024-09-27 23:27:00,2024-09-27 22:53:00,7.915400325385375,6.185299298195766e-05,0.000489591200775447
9mt4LkTG28B1mQKPjCKkGwMjGywS9q3v59XBomFNpump,2024-09-27 23:27:00,2024-09-27 22:54:00,6.873263539098619,7.123125688261526e-05,0.000489591200775447
9mt4LkTG28B1mQKPjCKkGwMjGywS9q3v59XBomFNpump,2024-09-27 23:27:00,2024-09-27 22:55:00,5.593449158938948,8.752939141192091e-05,0.000489591200775447
9mt4LkTG28B1mQKPjCKkGwMjGywS9q3v59XBomFNpump,2024-09-28 01:27:00,2024-09-28 00:31:00,5.188648326437833,6.591093408658347e-05,0.00034198865784230563
9mt4LkTG28B1mQKPjCKkGwMjGywS9q3v59XBomFNpump,2024-09-28 01:27:00,2024-09-28 00:33:00,5.360867934184037,6.379352411604573e-05,0.00034198865784230563
iQuoGfqmXh6J3PShHDntayXGVixfp44wzGkVaH8r8RE,2024-09-24 12:57:00,2024-09-24 12:44:00,6.831417356468875,4.923566719307271e-05,0.00033634939142008206
GFhZ4RNnfvPt7MRaUosZtmp1TedwMUcHgu31AuFWgv5h,2024-09-29 22:11:00,2024-09-29 21:35:00,5.481619285663002,1.1553214857014495e-05,6.333032537161898e-05
GFhZ4RNnfvPt7MRaUosZtmp1TedwMUcHgu31AuFWgv5h,2024-09-29 22:11:00,2024-09-29 21:36:00,5.640601576483458,1.1227583532163116e-05,6.333032537161898e-05
GFhZ4RNnfvPt7MRaUosZtmp1TedwMUcHgu31AuFWgv5h,2024-09-29 22:11:00,2024-09-29 21:37:00,5.824156818872132,1.087373285801791e-05,6.333032537161898e-05
GFhZ4RNnfvPt7MRaUosZtmp1TedwMUcHgu31AuFWgv5h,2024-09-29 22:11:00,2024-09-29 21:38:00,5.928443199138193,1.0682454608121267e-05,6.333032537161898e-05
GFhZ4RNnfvPt7MRaUosZtmp1TedwMUcHgu31AuFWgv5h,2024-09-29 22:11:00,2024-09-29 21:39:00,5.928443199138193,1.0682454608121267e-05,6.333032537161898e-05
4CejUSxbgDXpLwFDyzgG8Ey8r6A3qwtCnLYwN4gRyRFC,2024-09-29 15:21:00,2024-09-29 14:22:00,5.01718799579101,0.05367834538606383,0.2693143501048832
4CejUSxbgDXpLwFDyzgG8Ey8r6A3qwtCnLYwN4gRyRFC,2024-09-29 15:22:00,2024-09-29 14:23:00,5.147267950998456,0.05367834538606383,0.2762968268683122
4CejUSxbgDXpLwFDyzgG8Ey8r6A3qwtCnLYwN4gRyRFC,2024-09-29 15:22:00,2024-09-29 14:24:00,5.147267950998456,0.05367834538606383,0.2762968268683122
4CejUSxbgDXpLwFDyzgG8Ey8r6A3qwtCnLYwN4gRyRFC,2024-09-29 15:22:00,2024-09-29 14:25:00,5.147267950998456,0.05367834538606383,0.2762968268683122
4CejUSxbgDXpLwFDyzgG8Ey8r6A3qwtCnLYwN4gRyRFC,2024-09-29 15:22:00,2024-09-29 14:26:00,5.147267950998456,0.05367834538606383,0.2762968268683122
4CejUSxbgDXpLwFDyzgG8Ey8r6A3qwtCnLYwN4gRyRFC,2024-09-29 15:22:00,2024-09-29 14:27:00,5.147267950998456,0.05367834538606383,0.2762968268683122
4CejUSxbgDXpLwFDyzgG8Ey8r6A3qwtCnLYwN4gRyRFC,2024-09-29 15:22:00,2024-09-29 14:28:00,5.147267950998456,0.05367834538606383,0.2762968268683122
4CejUSxbgDXpLwFDyzgG8Ey8r6A3qwtCnLYwN4gRyRFC,2024-09-29 15:22:00,2024-09-29 14:29:00,5.147267950998456,0.05367834538606383,0.2762968268683122
4CejUSxbgDXpLwFDyzgG8Ey8r6A3qwtCnLYwN4gRyRFC,2024-09-29 15:29:00,2024-09-29 14:30:00,5.4121993710548555,0.05352265236224629,0.28967526545213707
4CejUSxbgDXpLwFDyzgG8Ey8r6A3qwtCnLYwN4gRyRFC,2024-09-29 15:30:00,2024-09-29 14:31:00,5.647209482629601,0.05352265236224629,0.3022536299555649
4CejUSxbgDXpLwFDyzgG8Ey8r6A3qwtCnLYwN4gRyRFC,2024-09-29 15:30:00,2024-09-29 14:32:00,5.647209482629601,0.05352265236224629,0.3022536299555649
4CejUSxbgDXpLwFDyzgG8Ey8r6A3qwtCnLYwN4gRyRFC,2024-09-29 15:30:00,2024-09-29 14:33:00,5.647209482629601,0.05352265236224629,0.3022536299555649
4CejUSxbgDXpLwFDyzgG8Ey8r6A3qwtCnLYwN4gRyRFC,2024-09-29 15:30:00,2024-09-29 14:34:00,5.647209482629601,0.05352265236224629,0.3022536299555649
4CejUSxbgDXpLwFDyzgG8Ey8r6A3qwtCnLYwN4gRyRFC,2024-09-29 15:30:00,2024-09-29 14:35:00,5.647209482629601,0.05352265236224629,0.3022536299555649
4CejUSxbgDXpLwFDyzgG8Ey8r6A3qwtCnLYwN4gRyRFC,2024-09-29 15:30:00,2024-09-29 14:36:00,5.647209482629601,0.05352265236224629,0.3022536299555649
4CejUSxbgDXpLwFDyzgG8Ey8r6A3qwtCnLYwN4gRyRFC,2024-09-29 15:36:00,2024-09-29 14:37:00,5.981696340160781,0.05352265236224629,0.3201562537509464
4CejUSxbgDXpLwFDyzgG8Ey8r6A3qwtCnLYwN4gRyRFC,2024-09-29 15:37:00,2024-09-29 14:38:00,6.387927965098861,0.05352265236224629,0.34189884779105767
4CejUSxbgDXpLwFDyzgG8Ey8r6A3qwtCnLYwN4gRyRFC,2024-09-29 15:38:00,2024-09-29 14:39:00,6.963772577226279,0.05352265236224629,0.37271957878062606
4CejUSxbgDXpLwFDyzgG8Ey8r6A3qwtCnLYwN4gRyRFC,2024-09-29 15:38:00,2024-09-29 14:40:00,6.963772577226279,0.05352265236224629,0.37271957878062606
4CejUSxbgDXpLwFDyzgG8Ey8r6A3qwtCnLYwN4gRyRFC,2024-09-29 15:38:00,2024-09-29 14:41:00,6.963772577226279,0.05352265236224629,0.37271957878062606
4CejUSxbgDXpLwFDyzgG8Ey8r6A3qwtCnLYwN4gRyRFC,2024-09-29 15:38:00,2024-09-29 14:42:00,6.963772577226279,0.05352265236224629,0.37271957878062606
4CejUSxbgDXpLwFDyzgG8Ey8r6A3qwtCnLYwN4gRyRFC,2024-09-29 15:38:00,2024-09-29 14:43:00,6.963772577226279,0.05352265236224629,0.37271957878062606
4CejUSxbgDXpLwFDyzgG8Ey8r6A3qwtCnLYwN4gRyRFC,2024-09-29 15:38:00,2024-09-29 14:44:00,6.963772577226279,0.05352265236224629,0.37271957878062606
4CejUSxbgDXpLwFDyzgG8Ey8r6A3qwtCnLYwN4gRyRFC,2024-09-29 15:38:00,2024-09-29 14:45:00,6.963772577226279,0.05352265236224629,0.37271957878062606
4CejUSxbgDXpLwFDyzgG8Ey8r6A3qwtCnLYwN4gRyRFC,2024-09-29 15:38:00,2024-09-29 14:46:00,6.963772577226279,0.05352265236224629,0.37271957878062606
4CejUSxbgDXpLwFDyzgG8Ey8r6A3qwtCnLYwN4gRyRFC,2024-09-29 15:38:00,2024-09-29 14:47:00,6.963772577226279,0.05352265236224629,0.37271957878062606
4CejUSxbgDXpLwFDyzgG8Ey8r6A3qwtCnLYwN4gRyRFC,2024-09-29 15:38:00,2024-09-29 14:48:00,6.963772577226279,0.05352265236224629,0.37271957878062606
4CejUSxbgDXpLwFDyzgG8Ey8r6A3qwtCnLYwN4gRyRFC,2024-09-29 15:48:00,2024-09-29 14:49:00,7.282529386271493,0.05352265236224629,0.38978028865925196
4CejUSxbgDXpLwFDyzgG8Ey8r6A3qwtCnLYwN4gRyRFC,2024-09-29 15:49:00,2024-09-29 14:50:00,7.827212277001796,0.05352265236224629,0.41893316166747335
4CejUSxbgDXpLwFDyzgG8Ey8r6A3qwtCnLYwN4gRyRFC,2024-09-29 15:50:00,2024-09-29 14:51:00,8.248234570243017,0.05352265236224629,0.44146739150537895
4CejUSxbgDXpLwFDyzgG8Ey8r6A3qwtCnLYwN4gRyRFC,2024-09-29 15:50:00,2024-09-29 14:52:00,8.248234570243017,0.05352265236224629,0.44146739150537895
4CejUSxbgDXpLwFDyzgG8Ey8r6A3qwtCnLYwN4gRyRFC,2024-09-29 15:50:00,2024-09-29 14:53:00,8.248234570243017,0.05352265236224629,0.44146739150537895
4CejUSxbgDXpLwFDyzgG8Ey8r6A3qwtCnLYwN4gRyRFC,2024-09-29 15:50:00,2024-09-29 14:54:00,8.248234570243017,0.05352265236224629,0.44146739150537895
4CejUSxbgDXpLwFDyzgG8Ey8r6A3qwtCnLYwN4gRyRFC,2024-09-29 15:50:00,2024-09-29 14:55:00,8.248234570243017,0.05352265236224629,0.44146739150537895
4CejUSxbgDXpLwFDyzgG8Ey8r6A3qwtCnLYwN4gRyRFC,2024-09-29 15:50:00,2024-09-29 14:56:00,8.248234570243017,0.05352265236224629,0.44146739150537895
4CejUSxbgDXpLwFDyzgG8Ey8r6A3qwtCnLYwN4gRyRFC,2024-09-29 15:50:00,2024-09-29 14:57:00,8.248234570243017,0.05352265236224629,0.44146739150537895
4CejUSxbgDXpLwFDyzgG8Ey8r6A3qwtCnLYwN4gRyRFC,2024-09-29 15:50:00,2024-09-29 14:58:00,8.248234570243017,0.05352265236224629,0.44146739150537895
nrq7aErKK5bHyVFMCKaoTXFHbq4oC9N6vsn1cLG3wHi,2024-09-29 13:58:00,2024-09-29 12:59:00,5.214494772570357,0.04171328709559967,0.217513717506731
nrq7aErKK5bHyVFMCKaoTXFHbq4oC9N6vsn1cLG3wHi,2024-09-29 13:58:00,2024-09-29 13:00:00,5.5127785303183785,0.03945627714055275,0.217513717506731
nrq7aErKK5bHyVFMCKaoTXFHbq4oC9N6vsn1cLG3wHi,2024-09-29 13:58:00,2024-09-29 13:01:00,5.9615023203727695,0.03648639316358263,0.217513717506731
nrq7aErKK5bHyVFMCKaoTXFHbq4oC9N6vsn1cLG3wHi,2024-09-29 13:58:00,2024-09-29 13:02:00,5.904056670398131,0.036841400692731376,0.217513717506731
nrq7aErKK5bHyVFMCKaoTXFHbq4oC9N6vsn1cLG3wHi,2024-09-29 13:58:00,2024-09-29 13:03:00,6.030655135896043,0.03606800797015108,0.217513717506731
nrq7aErKK5bHyVFMCKaoTXFHbq4oC9N6vsn1cLG3wHi,2024-09-29 13:58:00,2024-09-29 13:04:00,6.179399379978086,0.03519981540786936,0.217513717506731
nrq7aErKK5bHyVFMCKaoTXFHbq4oC9N6vsn1cLG3wHi,2024-09-29 13:58:00,2024-09-29 13:05:00,6.588912294977326,0.03301208268814565,0.217513717506731
nrq7aErKK5bHyVFMCKaoTXFHbq4oC9N6vsn1cLG3wHi,2024-09-29 13:58:00,2024-09-29 13:06:00,7.182185717655647,0.030285170289042613,0.217513717506731
nrq7aErKK5bHyVFMCKaoTXFHbq4oC9N6vsn1cLG3wHi,2024-09-29 13:58:00,2024-09-29 13:07:00,7.16890155408552,0.030341289507982025,0.217513717506731
nrq7aErKK5bHyVFMCKaoTXFHbq4oC9N6vsn1cLG3wHi,2024-09-29 13:58:00,2024-09-29 13:08:00,7.476900802013852,0.029091427486659334,0.217513717506731
nrq7aErKK5bHyVFMCKaoTXFHbq4oC9N6vsn1cLG3wHi,2024-09-29 13:58:00,2024-09-29 13:09:00,8.114986304487664,0.02680395374006286,0.217513717506731
nrq7aErKK5bHyVFMCKaoTXFHbq4oC9N6vsn1cLG3wHi,2024-09-29 13:58:00,2024-09-29 13:10:00,8.76894949409856,0.024804991481946176,0.217513717506731
nrq7aErKK5bHyVFMCKaoTXFHbq4oC9N6vsn1cLG3wHi,2024-09-29 13:58:00,2024-09-29 13:11:00,9.732248250603167,0.02234979132321767,0.217513717506731
nrq7aErKK5bHyVFMCKaoTXFHbq4oC9N6vsn1cLG3wHi,2024-09-29 13:58:00,2024-09-29 13:12:00,10.83454912572379,0.02007593624641951,0.217513717506731
nrq7aErKK5bHyVFMCKaoTXFHbq4oC9N6vsn1cLG3wHi,2024-09-29 13:58:00,2024-09-29 13:13:00,12.121123376687398,0.017945013077341986,0.217513717506731
nrq7aErKK5bHyVFMCKaoTXFHbq4oC9N6vsn1cLG3wHi,2024-09-29 13:58:00,2024-09-29 13:14:00,14.217141016048304,0.015299399313912805,0.217513717506731
nrq7aErKK5bHyVFMCKaoTXFHbq4oC9N6vsn1cLG3wHi,2024-09-29 13:58:00,2024-09-29 13:15:00,8.267776906012871,0.026308609917684248,0.217513717506731
nrq7aErKK5bHyVFMCKaoTXFHbq4oC9N6vsn1cLG3wHi,2024-09-29 13:58:00,2024-09-29 13:16:00,8.861828529290245,0.024545015375529045,0.217513717506731
nrq7aErKK5bHyVFMCKaoTXFHbq4oC9N6vsn1cLG3wHi,2024-09-29 13:58:00,2024-09-29 13:17:00,9.875380974216158,0.022025855820108835,0.217513717506731
nrq7aErKK5bHyVFMCKaoTXFHbq4oC9N6vsn1cLG3wHi,2024-09-29 13:58:00,2024-09-29 13:18:00,11.545076974646367,0.01884038694453084,0.217513717506731
nrq7aErKK5bHyVFMCKaoTXFHbq4oC9N6vsn1cLG3wHi,2024-09-29 13:58:00,2024-09-29 13:19:00,12.470130827037064,0.017442777507604774,0.217513717506731
nrq7aErKK5bHyVFMCKaoTXFHbq4oC9N6vsn1cLG3wHi,2024-09-29 13:58:00,2024-09-29 13:20:00,12.982061405301312,0.016754944435704782,0.217513717506731
nrq7aErKK5bHyVFMCKaoTXFHbq4oC9N6vsn1cLG3wHi,2024-09-29 13:58:00,2024-09-29 13:21:00,13.92914083036161,0.015615731088927772,0.217513717506731
nrq7aErKK5bHyVFMCKaoTXFHbq4oC9N6vsn1cLG3wHi,2024-09-29 13:58:00,2024-09-29 13:22:00,13.923979697859522,0.015621519294528168,0.217513717506731
nrq7aErKK5bHyVFMCKaoTXFHbq4oC9N6vsn1cLG3wHi,2024-09-29 13:58:00,2024-09-29 13:23:00,13.923979697859522,0.015621519294528168,0.217513717506731
nrq7aErKK5bHyVFMCKaoTXFHbq4oC9N6vsn1cLG3wHi,2024-09-29 13:58:00,2024-09-29 13:24:00,13.923979697859522,0.015621519294528168,0.217513717506731
nrq7aErKK5bHyVFMCKaoTXFHbq4oC9N6vsn1cLG3wHi,2024-09-29 13:58:00,2024-09-29 13:25:00,13.923979697859522,0.015621519294528168,0.217513717506731
nrq7aErKK5bHyVFMCKaoTXFHbq4oC9N6vsn1cLG3wHi,2024-09-29 13:58:00,2024-09-29 13:26:00,13.923979697859522,0.015621519294528168,0.217513717506731
nrq7aErKK5bHyVFMCKaoTXFHbq4oC9N6vsn1cLG3wHi,2024-09-29 13:58:00,2024-09-29 13:27:00,13.923979697859522,0.015621519294528168,0.217513717506731
nrq7aErKK5bHyVFMCKaoTXFHbq4oC9N6vsn1cLG3wHi,2024-09-29 13:58:00,2024-09-29 13:28:00,13.78473980434846,0.01577931252921548,0.217513717506731
nrq7aErKK5bHyVFMCKaoTXFHbq4oC9N6vsn1cLG3wHi,2024-09-29 13:58:00,2024-09-29 13:29:00,9.209147689952127,0.02361931036724005,0.217513717506731
nrq7aErKK5bHyVFMCKaoTXFHbq4oC9N6vsn1cLG3wHi,2024-09-29 13:58:00,2024-09-29 13:30:00,6.924927469891787,0.03141025208602365,0.217513717506731
nrq7aErKK5bHyVFMCKaoTXFHbq4oC9N6vsn1cLG3wHi,2024-09-29 20:55:00,2024-09-29 20:44:00,5.384049791175754,0.04001485561648342,0.21544197502585552
nrq7aErKK5bHyVFMCKaoTXFHbq4oC9N6vsn1cLG3wHi,2024-09-29 20:55:00,2024-09-29 20:45:00,5.704076123136011,0.03776982816761725,0.21544197502585552
nrq7aErKK5bHyVFMCKaoTXFHbq4oC9N6vsn1cLG3wHi,2024-09-29 20:55:00,2024-09-29 20:46:00,5.7402969416639715,0.03753150354681899,0.21544197502585552
nrq7aErKK5bHyVFMCKaoTXFHbq4oC9N6vsn1cLG3wHi,2024-09-29 20:55:00,2024-09-29 20:47:00,5.750386980361723,0.03746564809666137,0.21544197502585552
nrq7aErKK5bHyVFMCKaoTXFHbq4oC9N6vsn1cLG3wHi,2024-09-29 20:55:00,2024-09-29 20:48:00,5.8026193457111,0.03712840050159339,0.21544197502585552
nrq7aErKK5bHyVFMCKaoTXFHbq4oC9N6vsn1cLG3wHi,2024-09-29 20:55:00,2024-09-29 20:49:00,6.0927752915802875,0.035360236462943014,0.21544197502585552
6bpjeELchA92GxGkpcb9EHX1mQA1EhW7uRL49oP8dgtw,2024-09-30 05:59:00,2024-09-30 05:00:00,6.588702608927078,0.00017277451944650797,0.0011383599270333293
6bpjeELchA92GxGkpcb9EHX1mQA1EhW7uRL49oP8dgtw,2024-09-30 06:00:00,2024-09-30 05:01:00,17.757226659895966,0.00017281725998179536,0.003068755256238909
6bpjeELchA92GxGkpcb9EHX1mQA1EhW7uRL49oP8dgtw,2024-09-30 06:00:00,2024-09-30 05:02:00,17.036736733536596,0.00018012576611564957,0.003068755256238909
6bpjeELchA92GxGkpcb9EHX1mQA1EhW7uRL49oP8dgtw,2024-09-30 06:00:00,2024-09-30 05:03:00,20.841655127695883,0.00014724143727725956,0.003068755256238909
6bpjeELchA92GxGkpcb9EHX1mQA1EhW7uRL49oP8dgtw,2024-09-30 06:00:00,2024-09-30 05:04:00,22.372514283594903,0.00013716631118609388,0.003068755256238909
6bpjeELchA92GxGkpcb9EHX1mQA1EhW7uRL49oP8dgtw,2024-09-30 06:00:00,2024-09-30 05:05:00,22.03251321108306,0.0001392830326181412,0.003068755256238909
6bpjeELchA92GxGkpcb9EHX1mQA1EhW7uRL49oP8dgtw,2024-09-30 06:00:00,2024-09-30 05:06:00,13.973374894709142,0.00021961446532153502,0.003068755256238909
6bpjeELchA92GxGkpcb9EHX1mQA1EhW7uRL49oP8dgtw,2024-09-30 06:00:00,2024-09-30 05:07:00,11.3285110237219,0.00027088778479474805,0.003068755256238909
6bpjeELchA92GxGkpcb9EHX1mQA1EhW7uRL49oP8dgtw,2024-09-30 06:00:00,2024-09-30 05:08:00,18.520227017883464,0.00016569749675723002,0.003068755256238909
6bpjeELchA92GxGkpcb9EHX1mQA1EhW7uRL49oP8dgtw,2024-09-30 06:00:00,2024-09-30 05:09:00,27.037459937098053,0.00011350013142426426,0.003068755256238909
6bpjeELchA92GxGkpcb9EHX1mQA1EhW7uRL49oP8dgtw,2024-09-30 06:00:00,2024-09-30 05:10:00,34.4008886882755,8.920569709830784e-05,0.003068755256238909
6bpjeELchA92GxGkpcb9EHX1mQA1EhW7uRL49oP8dgtw,2024-09-30 06:00:00,2024-09-30 05:11:00,45.74638611678047,6.708191655631662e-05,0.003068755256238909
6bpjeELchA92GxGkpcb9EHX1mQA1EhW7uRL49oP8dgtw,2024-09-30 06:00:00,2024-09-30 05:12:00,37.78642801402396,8.121316084970981e-05,0.003068755256238909
6bpjeELchA92GxGkpcb9EHX1mQA1EhW7uRL49oP8dgtw,2024-09-30 06:00:00,2024-09-30 05:13:00,37.31437882071066,8.224055587214151e-05,0.003068755256238909
6bpjeELchA92GxGkpcb9EHX1mQA1EhW7uRL49oP8dgtw,2024-09-30 06:00:00,2024-09-30 05:14:00,37.076275659045514,8.276870321224466e-05,0.003068755256238909
6bpjeELchA92GxGkpcb9EHX1mQA1EhW7uRL49oP8dgtw,2024-09-30 06:00:00,2024-09-30 05:15:00,37.076275659045514,8.276870321224466e-05,0.003068755256238909
6bpjeELchA92GxGkpcb9EHX1mQA1EhW7uRL49oP8dgtw,2024-09-30 06:00:00,2024-09-30 05:16:00,36.88416808993539,8.319979587871692e-05,0.003068755256238909
6bpjeELchA92GxGkpcb9EHX1mQA1EhW7uRL49oP8dgtw,2024-09-30 06:00:00,2024-09-30 05:17:00,38.02109118192271,8.071191964364141e-05,0.003068755256238909
6bpjeELchA92GxGkpcb9EHX1mQA1EhW7uRL49oP8dgtw,2024-09-30 06:00:00,2024-09-30 05:18:00,52.18888958151362,5.880093025251729e-05,0.003068755256238909
6bpjeELchA92GxGkpcb9EHX1mQA1EhW7uRL49oP8dgtw,2024-09-30 06:00:00,2024-09-30 05:19:00,52.18888958151362,5.880093025251729e-05,0.003068755256238909
6bpjeELchA92GxGkpcb9EHX1mQA1EhW7uRL49oP8dgtw,2024-09-30 06:00:00,2024-09-30 05:20:00,52.18888958151362,5.880093025251729e-05,0.003068755256238909
6bpjeELchA92GxGkpcb9EHX1mQA1EhW7uRL49oP8dgtw,2024-09-30 06:00:00,2024-09-30 05:21:00,52.18888958151362,5.880093025251729e-05,0.003068755256238909
6bpjeELchA92GxGkpcb9EHX1mQA1EhW7uRL49oP8dgtw,2024-09-30 06:00:00,2024-09-30 05:22:00,52.18888958151362,5.880093025251729e-05,0.003068755256238909
6bpjeELchA92GxGkpcb9EHX1mQA1EhW7uRL49oP8dgtw,2024-09-30 06:00:00,2024-09-30 05:23:00,35.82075350665947,8.566975721681549e-05,0.003068755256238909
6bpjeELchA92GxGkpcb9EHX1mQA1EhW7uRL49oP8dgtw,2024-09-30 06:00:00,2024-09-30 05:24:00,63.10329604432455,4.863066509368031e-05,0.003068755256238909
6bpjeELchA92GxGkpcb9EHX1mQA1EhW7uRL49oP8dgtw,2024-09-30 06:00:00,2024-09-30 05:25:00,76.58820369334116,4.006824952477267e-05,0.003068755256238909
6bpjeELchA92GxGkpcb9EHX1mQA1EhW7uRL49oP8dgtw,2024-09-30 06:00:00,2024-09-30 05:26:00,65.80798266268071,4.6631960623512324e-05,0.003068755256238909
6bpjeELchA92GxGkpcb9EHX1mQA1EhW7uRL49oP8dgtw,2024-09-30 06:00:00,2024-09-30 05:27:00,84.78044243979156,3.619649966344825e-05,0.003068755256238909
6bpjeELchA92GxGkpcb9EHX1mQA1EhW7uRL49oP8dgtw,2024-09-30 06:00:00,2024-09-30 05:28:00,82.78234183595916,3.7070167238321555e-05,0.003068755256238909
6bpjeELchA92GxGkpcb9EHX1mQA1EhW7uRL49oP8dgtw,2024-09-30 06:00:00,2024-09-30 05:29:00,93.79886192724476,3.2716337844474e-05,0.003068755256238909
6bpjeELchA92GxGkpcb9EHX1mQA1EhW7uRL49oP8dgtw,2024-09-30 06:00:00,2024-09-30 05:30:00,96.13453927552077,3.192146422467249e-05,0.003068755256238909
6bpjeELchA92GxGkpcb9EHX1mQA1EhW7uRL49oP8dgtw,2024-09-30 06:00:00,2024-09-30 05:31:00,123.72327625979923,2.4803378547744e-05,0.003068755256238909
6bpjeELchA92GxGkpcb9EHX1mQA1EhW7uRL49oP8dgtw,2024-09-30 06:00:00,2024-09-30 05:32:00,123.08253626188805,2.4932499357255566e-05,0.003068755256238909
6bpjeELchA92GxGkpcb9EHX1mQA1EhW7uRL49oP8dgtw,2024-09-30 06:00:00,2024-09-30 05:33:00,139.43936014213062,2.2007812235447186e-05,0.003068755256238909
6bpjeELchA92GxGkpcb9EHX1mQA1EhW7uRL49oP8dgtw,2024-09-30 06:00:00,2024-09-30 05:34:00,139.43936014213062,2.2007812235447186e-05,0.003068755256238909
6bpjeELchA92GxGkpcb9EHX1mQA1EhW7uRL49oP8dgtw,2024-09-30 06:00:00,2024-09-30 05:35:00,137.838362198227,2.226343383147353e-05,0.003068755256238909
6bpjeELchA92GxGkpcb9EHX1mQA1EhW7uRL49oP8dgtw,2024-09-30 06:00:00,2024-09-30 05:36:00,137.838362198227,2.226343383147353e-05,0.003068755256238909
6bpjeELchA92GxGkpcb9EHX1mQA1EhW7uRL49oP8dgtw,2024-09-30 06:00:00,2024-09-30 05:37:00,137.0396349764587,2.2393194908655978e-05,0.003068755256238909
6bpjeELchA92GxGkpcb9EHX1mQA1EhW7uRL49oP8dgtw,2024-09-30 06:00:00,2024-09-30 05:38:00,137.0396349764587,2.2393194908655978e-05,0.003068755256238909
6bpjeELchA92GxGkpcb9EHX1mQA1EhW7uRL49oP8dgtw,2024-09-30 06:00:00,2024-09-30 05:39:00,137.0396349764587,2.2393194908655978e-05,0.003068755256238909
6bpjeELchA92GxGkpcb9EHX1mQA1EhW7uRL49oP8dgtw,2024-09-30 06:00:00,2024-09-30 05:40:00,137.0396349764587,2.2393194908655978e-05,0.003068755256238909
6bpjeELchA92GxGkpcb9EHX1mQA1EhW7uRL49oP8dgtw,2024-09-30 06:00:00,2024-09-30 05:41:00,137.0396349764587,2.2393194908655978e-05,0.003068755256238909
6bpjeELchA92GxGkpcb9EHX1mQA1EhW7uRL49oP8dgtw,2024-09-30 06:00:00,2024-09-30 05:42:00,137.0396349764587,2.2393194908655978e-05,0.003068755256238909
6bpjeELchA92GxGkpcb9EHX1mQA1EhW7uRL49oP8dgtw,2024-09-30 06:00:00,2024-09-30 05:43:00,137.0396349764587,2.2393194908655978e-05,0.003068755256238909
6bpjeELchA92GxGkpcb9EHX1mQA1EhW7uRL49oP8dgtw,2024-09-30 06:00:00,2024-09-30 05:44:00,138.26138845082778,2.2195316354213394e-05,0.003068755256238909
6bpjeELchA92GxGkpcb9EHX1mQA1EhW7uRL49oP8dgtw,2024-09-30 06:00:00,2024-09-30 05:45:00,218.93833328431285,1.4016527897167417e-05,0.003068755256238909
6bpjeELchA92GxGkpcb9EHX1mQA1EhW7uRL49oP8dgtw,2024-09-30 06:00:00,2024-09-30 05:46:00,218.93833328431285,1.4016527897167417e-05,0.003068755256238909
6bpjeELchA92GxGkpcb9EHX1mQA1EhW7uRL49oP8dgtw,2024-09-30 06:00:00,2024-09-30 05:47:00,218.93833328431285,1.4016527897167417e-05,0.003068755256238909
6bpjeELchA92GxGkpcb9EHX1mQA1EhW7uRL49oP8dgtw,2024-09-30 06:00:00,2024-09-30 05:48:00,217.54558010815907,1.4106263407940481e-05,0.003068755256238909
6bpjeELchA92GxGkpcb9EHX1mQA1EhW7uRL49oP8dgtw,2024-09-30 06:00:00,2024-09-30 05:49:00,217.54558010815907,1.4106263407940481e-05,0.003068755256238909
6bpjeELchA92GxGkpcb9EHX1mQA1EhW7uRL49oP8dgtw,2024-09-30 06:00:00,2024-09-30 05:50:00,217.54558010815907,1.4106263407940481e-05,0.003068755256238909
6bpjeELchA92GxGkpcb9EHX1mQA1EhW7uRL49oP8dgtw,2024-09-30 06:00:00,2024-09-30 05:51:00,217.54558010815907,1.4106263407940481e-05,0.003068755256238909
6bpjeELchA92GxGkpcb9EHX1mQA1EhW7uRL49oP8dgtw,2024-09-30 06:00:00,2024-09-30 05:52:00,217.54558010815907,1.4106263407940481e-05,0.003068755256238909
6bpjeELchA92GxGkpcb9EHX1mQA1EhW7uRL49oP8dgtw,2024-09-30 06:00:00,2024-09-30 05:53:00,217.54558010815907,1.4106263407940481e-05,0.003068755256238909
6bpjeELchA92GxGkpcb9EHX1mQA1EhW7uRL49oP8dgtw,2024-09-30 06:00:00,2024-09-30 05:54:00,217.54558010815907,1.4106263407940481e-05,0.003068755256238909
6bpjeELchA92GxGkpcb9EHX1mQA1EhW7uRL49oP8dgtw,2024-09-30 06:00:00,2024-09-30 05:55:00,217.54558010815907,1.4106263407940481e-05,0.003068755256238909
6bpjeELchA92GxGkpcb9EHX1mQA1EhW7uRL49oP8dgtw,2024-09-30 06:00:00,2024-09-30 05:56:00,217.54558010815907,1.4106263407940481e-05,0.003068755256238909
6bpjeELchA92GxGkpcb9EHX1mQA1EhW7uRL49oP8dgtw,2024-09-30 06:00:00,2024-09-30 05:57:00,217.54558010815907,1.4106263407940481e-05,0.003068755256238909
6bpjeELchA92GxGkpcb9EHX1mQA1EhW7uRL49oP8dgtw,2024-09-30 06:00:00,2024-09-30 05:58:00,217.54558010815907,1.4106263407940481e-05,0.003068755256238909
4j2gUEmfbSAacvSSd6yXo8yEzXCAUVeoXrqLVV3apump,2024-09-29 19:24:00,2024-09-29 18:29:00,5.463490911904445,8.896160452041261e-05,0.00048604091780571167
4j2gUEmfbSAacvSSd6yXo8yEzXCAUVeoXrqLVV3apump,2024-09-29 19:24:00,2024-09-29 18:30:00,7.788949297278689,6.240134570853159e-05,0.00048604091780571167
4j2gUEmfbSAacvSSd6yXo8yEzXCAUVeoXrqLVV3apump,2024-09-29 19:24:00,2024-09-29 18:31:00,5.118912821651281,9.495002840250022e-05,0.00048604091780571167
4j2gUEmfbSAacvSSd6yXo8yEzXCAUVeoXrqLVV3apump,2024-09-29 19:24:00,2024-09-29 18:34:00,5.392381802049386,9.0134737421781e-05,0.00048604091780571167
4j2gUEmfbSAacvSSd6yXo8yEzXCAUVeoXrqLVV3apump,2024-09-29 19:24:00,2024-09-29 18:37:00,5.8847368936821995,8.259348320695881e-05,0.00048604091780571167
4j2gUEmfbSAacvSSd6yXo8yEzXCAUVeoXrqLVV3apump,2024-09-29 19:24:00,2024-09-29 18:38:00,8.347887479288673,5.822322342168506e-05,0.00048604091780571167
4j2gUEmfbSAacvSSd6yXo8yEzXCAUVeoXrqLVV3apump,2024-09-29 19:24:00,2024-09-29 18:39:00,5.722408930516821,8.49364181601427e-05,0.00048604091780571167
4j2gUEmfbSAacvSSd6yXo8yEzXCAUVeoXrqLVV3apump,2024-09-29 19:24:00,2024-09-29 18:40:00,8.125324622246941,5.9818030712882963e-05,0.00048604091780571167
4j2gUEmfbSAacvSSd6yXo8yEzXCAUVeoXrqLVV3apump,2024-09-29 19:40:00,2024-09-29 18:41:00,9.534950743565076,5.5979910807477704e-05,0.0005337656921784662
4j2gUEmfbSAacvSSd6yXo8yEzXCAUVeoXrqLVV3apump,2024-09-29 19:41:00,2024-09-29 18:42:00,8.385745707927018,6.642129327417921e-05,0.0005569920749889101
4j2gUEmfbSAacvSSd6yXo8yEzXCAUVeoXrqLVV3apump,2024-09-29 19:41:00,2024-09-29 18:43:00,5.088342541115091,0.0001094643433472243,0.0005569920749889101
DFwxYdmfLJsPTyrNJCapGadF58Y74e2TFpVAyhbgpump,2024-09-28 14:02:00,2024-09-28 13:08:00,5.769281526040385,4.437593695989505e-05,0.0002560172733034552
DFwxYdmfLJsPTyrNJCapGadF58Y74e2TFpVAyhbgpump,2024-09-28 14:02:00,2024-09-28 13:09:00,5.545311861937245,4.616823718441257e-05,0.0002560172733034552
DFwxYdmfLJsPTyrNJCapGadF58Y74e2TFpVAyhbgpump,2024-09-28 14:02:00,2024-09-28 13:10:00,5.548095190339193,4.614507583598311e-05,0.0002560172733034552
DFwxYdmfLJsPTyrNJCapGadF58Y74e2TFpVAyhbgpump,2024-09-28 14:02:00,2024-09-28 13:16:00,5.001916937766228,5.1183831416798426e-05,0.0002560172733034552
DFwxYdmfLJsPTyrNJCapGadF58Y74e2TFpVAyhbgpump,2024-09-28 14:02:00,2024-09-28 13:17:00,5.048460663143931,5.0711947737356506e-05,0.0002560172733034552
DFwxYdmfLJsPTyrNJCapGadF58Y74e2TFpVAyhbgpump,2024-09-28 14:02:00,2024-09-28 13:18:00,5.048460663143931,5.0711947737356506e-05,0.0002560172733034552
DFwxYdmfLJsPTyrNJCapGadF58Y74e2TFpVAyhbgpump,2024-09-28 14:02:00,2024-09-28 13:19:00,5.0207779968897865,5.099155418981876e-05,0.0002560172733034552
DFwxYdmfLJsPTyrNJCapGadF58Y74e2TFpVAyhbgpump,2024-09-28 14:02:00,2024-09-28 13:20:00,5.0207779968897865,5.099155418981876e-05,0.0002560172733034552
mTEAro5WhhxUvAXmyK5yr1VQhkTRBZHhRQXS1ZTpump,2024-09-24 05:42:00,2024-09-24 04:43:00,5.031807538612872,8.636916672062241e-06,4.345930242085399e-05
mTEAro5WhhxUvAXmyK5yr1VQhkTRBZHhRQXS1ZTpump,2024-09-24 05:43:00,2024-09-24 04:44:00,5.608622295789819,8.636916672062241e-06,4.844120341380709e-05
mTEAro5WhhxUvAXmyK5yr1VQhkTRBZHhRQXS1ZTpump,2024-09-24 05:44:00,2024-09-24 04:45:00,5.83199050237682,8.636916672062241e-06,5.037041600128701e-05
mTEAro5WhhxUvAXmyK5yr1VQhkTRBZHhRQXS1ZTpump,2024-09-24 05:45:00,2024-09-24 04:46:00,5.970747298871108,8.636916672062241e-06,5.1568846890290465e-05
mTEAro5WhhxUvAXmyK5yr1VQhkTRBZHhRQXS1ZTpump,2024-09-24 05:46:00,2024-09-24 04:47:00,6.252797564792957,8.636916672062241e-06,5.400489153439047e-05
mTEAro5WhhxUvAXmyK5yr1VQhkTRBZHhRQXS1ZTpump,2024-09-24 05:47:00,2024-09-24 04:48:00,6.434752526576249,8.636916672062241e-06,5.557642137738103e-05
mTEAro5WhhxUvAXmyK5yr1VQhkTRBZHhRQXS1ZTpump,2024-09-24 05:47:00,2024-09-24 04:49:00,6.434752526576249,8.636916672062241e-06,5.557642137738103e-05
mTEAro5WhhxUvAXmyK5yr1VQhkTRBZHhRQXS1ZTpump,2024-09-24 05:47:00,2024-09-24 04:50:00,6.434752526576249,8.636916672062241e-06,5.557642137738103e-05
mTEAro5WhhxUvAXmyK5yr1VQhkTRBZHhRQXS1ZTpump,2024-09-24 05:47:00,2024-09-24 04:51:00,6.434752526576249,8.636916672062241e-06,5.557642137738103e-05
mTEAro5WhhxUvAXmyK5yr1VQhkTRBZHhRQXS1ZTpump,2024-09-24 05:47:00,2024-09-24 04:52:00,6.434752526576249,8.636916672062241e-06,5.557642137738103e-05
mTEAro5WhhxUvAXmyK5yr1VQhkTRBZHhRQXS1ZTpump,2024-09-24 05:52:00,2024-09-24 04:53:00,6.435568964730011,8.636916672062241e-06,5.558347288568298e-05
mTEAro5WhhxUvAXmyK5yr1VQhkTRBZHhRQXS1ZTpump,2024-09-24 05:53:00,2024-09-24 04:54:00,6.507653219210514,8.636916672062241e-06,5.620605858499881e-05
mTEAro5WhhxUvAXmyK5yr1VQhkTRBZHhRQXS1ZTpump,2024-09-24 05:53:00,2024-09-24 04:55:00,6.507653219210514,8.636916672062241e-06,5.620605858499881e-05
mTEAro5WhhxUvAXmyK5yr1VQhkTRBZHhRQXS1ZTpump,2024-09-24 05:53:00,2024-09-24 04:56:00,6.507653219210514,8.636916672062241e-06,5.620605858499881e-05
mTEAro5WhhxUvAXmyK5yr1VQhkTRBZHhRQXS1ZTpump,2024-09-24 05:56:00,2024-09-24 04:57:00,6.779521326713898,8.636916672062241e-06,5.855416077529679e-05
mTEAro5WhhxUvAXmyK5yr1VQhkTRBZHhRQXS1ZTpump,2024-09-24 05:56:00,2024-09-24 04:58:00,6.779521326713898,8.636916672062241e-06,5.855416077529679e-05
mTEAro5WhhxUvAXmyK5yr1VQhkTRBZHhRQXS1ZTpump,2024-09-24 05:58:00,2024-09-24 04:59:00,7.260989303687434,8.636916672062241e-06,6.27125595726836e-05
mTEAro5WhhxUvAXmyK5yr1VQhkTRBZHhRQXS1ZTpump,2024-09-24 05:58:00,2024-09-24 05:00:00,7.260989303687434,8.636916672062241e-06,6.27125595726836e-05
mTEAro5WhhxUvAXmyK5yr1VQhkTRBZHhRQXS1ZTpump,2024-09-24 05:58:00,2024-09-24 05:01:00,7.260989303687434,8.636916672062241e-06,6.27125595726836e-05
mTEAro5WhhxUvAXmyK5yr1VQhkTRBZHhRQXS1ZTpump,2024-09-24 05:58:00,2024-09-24 05:02:00,7.260989303687434,8.636916672062241e-06,6.27125595726836e-05
mTEAro5WhhxUvAXmyK5yr1VQhkTRBZHhRQXS1ZTpump,2024-09-24 05:58:00,2024-09-24 05:03:00,7.260989303687434,8.636916672062241e-06,6.27125595726836e-05
mTEAro5WhhxUvAXmyK5yr1VQhkTRBZHhRQXS1ZTpump,2024-09-24 06:03:00,2024-09-24 05:04:00,7.406265706167243,8.636916672062241e-06,6.396729975531869e-05
mTEAro5WhhxUvAXmyK5yr1VQhkTRBZHhRQXS1ZTpump,2024-09-24 06:03:00,2024-09-24 05:05:00,7.406265706167243,8.636916672062241e-06,6.396729975531869e-05
mTEAro5WhhxUvAXmyK5yr1VQhkTRBZHhRQXS1ZTpump,2024-09-24 06:03:00,2024-09-24 05:06:00,7.406265706167243,8.636916672062241e-06,6.396729975531869e-05
mTEAro5WhhxUvAXmyK5yr1VQhkTRBZHhRQXS1ZTpump,2024-09-24 06:03:00,2024-09-24 05:07:00,7.406265706167243,8.636916672062241e-06,6.396729975531869e-05
mTEAro5WhhxUvAXmyK5yr1VQhkTRBZHhRQXS1ZTpump,2024-09-24 06:03:00,2024-09-24 05:08:00,7.406265706167243,8.636916672062241e-06,6.396729975531869e-05
mTEAro5WhhxUvAXmyK5yr1VQhkTRBZHhRQXS1ZTpump,2024-09-24 06:03:00,2024-09-24 05:09:00,7.406265706167243,8.636916672062241e-06,6.396729975531869e-05
mTEAro5WhhxUvAXmyK5yr1VQhkTRBZHhRQXS1ZTpump,2024-09-24 06:03:00,2024-09-24 05:10:00,7.406265706167243,8.636916672062241e-06,6.396729975531869e-05
mTEAro5WhhxUvAXmyK5yr1VQhkTRBZHhRQXS1ZTpump,2024-09-24 06:03:00,2024-09-24 05:11:00,7.406265706167243,8.636916672062241e-06,6.396729975531869e-05
mTEAro5WhhxUvAXmyK5yr1VQhkTRBZHhRQXS1ZTpump,2024-09-24 06:03:00,2024-09-24 05:12:00,7.406265706167243,8.636916672062241e-06,6.396729975531869e-05
mTEAro5WhhxUvAXmyK5yr1VQhkTRBZHhRQXS1ZTpump,2024-09-24 06:03:00,2024-09-24 05:13:00,7.406265706167243,8.636916672062241e-06,6.396729975531869e-05
mTEAro5WhhxUvAXmyK5yr1VQhkTRBZHhRQXS1ZTpump,2024-09-24 06:03:00,2024-09-24 05:14:00,7.406265706167243,8.636916672062241e-06,6.396729975531869e-05
mTEAro5WhhxUvAXmyK5yr1VQhkTRBZHhRQXS1ZTpump,2024-09-24 06:03:00,2024-09-24 05:15:00,7.6313412157250395,8.382183150650967e-06,6.396729975531869e-05
mTEAro5WhhxUvAXmyK5yr1VQhkTRBZHhRQXS1ZTpump,2024-09-24 06:03:00,2024-09-24 05:16:00,7.6313412157250395,8.382183150650967e-06,6.396729975531869e-05
mTEAro5WhhxUvAXmyK5yr1VQhkTRBZHhRQXS1ZTpump,2024-09-24 06:03:00,2024-09-24 05:17:00,7.6313412157250395,8.382183150650967e-06,6.396729975531869e-05
mTEAro5WhhxUvAXmyK5yr1VQhkTRBZHhRQXS1ZTpump,2024-09-24 06:03:00,2024-09-24 05:18:00,7.6313412157250395,8.382183150650967e-06,6.396729975531869e-05
mTEAro5WhhxUvAXmyK5yr1VQhkTRBZHhRQXS1ZTpump,2024-09-24 06:03:00,2024-09-24 05:19:00,7.6313412157250395,8.382183150650967e-06,6.396729975531869e-05
mTEAro5WhhxUvAXmyK5yr1VQhkTRBZHhRQXS1ZTpump,2024-09-24 11:27:00,2024-09-24 10:28:00,5.112542116787394,3.955203344659228e-05,0.00020221143680028672
mTEAro5WhhxUvAXmyK5yr1VQhkTRBZHhRQXS1ZTpump,2024-09-24 11:28:00,2024-09-24 10:29:00,5.332007208838944,3.955203344659228e-05,0.00021089172746146907
mTEAro5WhhxUvAXmyK5yr1VQhkTRBZHhRQXS1ZTpump,2024-09-24 11:29:00,2024-09-24 10:30:00,5.853046890756256,3.955203344659228e-05,0.0002314999063876644
mTEAro5WhhxUvAXmyK5yr1VQhkTRBZHhRQXS1ZTpump,2024-09-24 11:30:00,2024-09-24 10:31:00,5.937093249450384,3.9245302779884045e-05,0.00023300302220708596
mTEAro5WhhxUvAXmyK5yr1VQhkTRBZHhRQXS1ZTpump,2024-09-24 11:30:00,2024-09-24 10:32:00,5.904454692064589,3.9462242384590585e-05,0.00023300302220708596
mTEAro5WhhxUvAXmyK5yr1VQhkTRBZHhRQXS1ZTpump,2024-09-24 11:30:00,2024-09-24 10:33:00,5.904454692064589,3.9462242384590585e-05,0.00023300302220708596
mTEAro5WhhxUvAXmyK5yr1VQhkTRBZHhRQXS1ZTpump,2024-09-24 11:30:00,2024-09-24 10:34:00,5.7800392686927715,4.031166768522362e-05,0.00023300302220708596
mTEAro5WhhxUvAXmyK5yr1VQhkTRBZHhRQXS1ZTpump,2024-09-24 11:30:00,2024-09-24 10:35:00,5.771225731709025,4.037322971563739e-05,0.00023300302220708596
mTEAro5WhhxUvAXmyK5yr1VQhkTRBZHhRQXS1ZTpump,2024-09-24 11:30:00,2024-09-24 10:36:00,5.799602072492556,4.01756912447867e-05,0.00023300302220708596
mTEAro5WhhxUvAXmyK5yr1VQhkTRBZHhRQXS1ZTpump,2024-09-24 11:30:00,2024-09-24 10:37:00,5.799602072492556,4.01756912447867e-05,0.00023300302220708596
mTEAro5WhhxUvAXmyK5yr1VQhkTRBZHhRQXS1ZTpump,2024-09-24 11:30:00,2024-09-24 10:38:00,5.800492245585579,4.016952567851654e-05,0.00023300302220708596
mTEAro5WhhxUvAXmyK5yr1VQhkTRBZHhRQXS1ZTpump,2024-09-24 11:30:00,2024-09-24 10:39:00,5.998225022266144,3.884532863341243e-05,0.00023300302220708596
mTEAro5WhhxUvAXmyK5yr1VQhkTRBZHhRQXS1ZTpump,2024-09-24 11:30:00,2024-09-24 10:40:00,5.998225022266144,3.884532863341243e-05,0.00023300302220708596
mTEAro5WhhxUvAXmyK5yr1VQhkTRBZHhRQXS1ZTpump,2024-09-24 11:30:00,2024-09-24 10:41:00,5.998225022266144,3.884532863341243e-05,0.00023300302220708596
mTEAro5WhhxUvAXmyK5yr1VQhkTRBZHhRQXS1ZTpump,2024-09-24 11:30:00,2024-09-24 10:42:00,6.12985003013403,3.8011210887975234e-05,0.00023300302220708596
mTEAro5WhhxUvAXmyK5yr1VQhkTRBZHhRQXS1ZTpump,2024-09-24 11:30:00,2024-09-24 10:43:00,6.12985003013403,3.8011210887975234e-05,0.00023300302220708596
mTEAro5WhhxUvAXmyK5yr1VQhkTRBZHhRQXS1ZTpump,2024-09-24 11:30:00,2024-09-24 10:44:00,6.12985003013403,3.8011210887975234e-05,0.00023300302220708596
mTEAro5WhhxUvAXmyK5yr1VQhkTRBZHhRQXS1ZTpump,2024-09-24 11:30:00,2024-09-24 10:45:00,6.201768601671541,3.757041533995407e-05,0.00023300302220708596
mTEAro5WhhxUvAXmyK5yr1VQhkTRBZHhRQXS1ZTpump,2024-09-24 11:30:00,2024-09-24 10:46:00,6.2844648063641895,3.707603262749233e-05,0.00023300302220708596
mTEAro5WhhxUvAXmyK5yr1VQhkTRBZHhRQXS1ZTpump,2024-09-24 11:30:00,2024-09-24 10:47:00,6.2844648063641895,3.707603262749233e-05,0.00023300302220708596
mTEAro5WhhxUvAXmyK5yr1VQhkTRBZHhRQXS1ZTpump,2024-09-24 11:30:00,2024-09-24 10:48:00,5.532664887176824,4.211406744462728e-05,0.00023300302220708596
mTEAro5WhhxUvAXmyK5yr1VQhkTRBZHhRQXS1ZTpump,2024-09-24 11:30:00,2024-09-24 10:49:00,5.532664887176824,4.211406744462728e-05,0.00023300302220708596
mTEAro5WhhxUvAXmyK5yr1VQhkTRBZHhRQXS1ZTpump,2024-09-24 11:30:00,2024-09-24 10:50:00,5.505437526262229,4.232234424523153e-05,0.00023300302220708596
mTEAro5WhhxUvAXmyK5yr1VQhkTRBZHhRQXS1ZTpump,2024-09-24 11:30:00,2024-09-24 10:51:00,5.356941588464845,4.34955316124435e-05,0.00023300302220708596
JCmiuEvazeTRhmL57NjjFedQYbQLYeRDDua9dSohpump,2024-09-26 03:58:00,2024-09-26 02:59:00,5.07194189842304,4.0863900189621004e-05,0.00020725932750471598
JCmiuEvazeTRhmL57NjjFedQYbQLYeRDDua9dSohpump,2024-09-26 03:59:00,2024-09-26 03:00:00,6.071124183205977,4.0863900189621004e-05,0.0002480898126613234
JCmiuEvazeTRhmL57NjjFedQYbQLYeRDDua9dSohpump,2024-09-26 03:59:00,2024-09-26 03:01:00,6.071124183205977,4.0863900189621004e-05,0.0002480898126613234
JCmiuEvazeTRhmL57NjjFedQYbQLYeRDDua9dSohpump,2024-09-26 03:59:00,2024-09-26 03:02:00,6.071124183205977,4.0863900189621004e-05,0.0002480898126613234
JCmiuEvazeTRhmL57NjjFedQYbQLYeRDDua9dSohpump,2024-09-26 03:59:00,2024-09-26 03:03:00,6.071124183205977,4.0863900189621004e-05,0.0002480898126613234
JCmiuEvazeTRhmL57NjjFedQYbQLYeRDDua9dSohpump,2024-09-26 06:01:00,2024-09-26 05:02:00,5.023504636285712,0.00013572657418918648,0.000681823074706555
JCmiuEvazeTRhmL57NjjFedQYbQLYeRDDua9dSohpump,2024-09-26 06:02:00,2024-09-26 05:03:00,6.279429896335005,0.00012246577934238461,0.0007690152760805358
JCmiuEvazeTRhmL57NjjFedQYbQLYeRDDua9dSohpump,2024-09-26 06:03:00,2024-09-26 05:04:00,6.84141121415903,0.00012246577934238461,0.0008378387561437154
JCmiuEvazeTRhmL57NjjFedQYbQLYeRDDua9dSohpump,2024-09-26 06:03:00,2024-09-26 05:05:00,6.84141121415903,0.00012246577934238461,0.0008378387561437154
JCmiuEvazeTRhmL57NjjFedQYbQLYeRDDua9dSohpump,2024-09-26 06:03:00,2024-09-26 05:06:00,7.054737721728028,0.00011876256626284476,0.0008378387561437154
JCmiuEvazeTRhmL57NjjFedQYbQLYeRDDua9dSohpump,2024-09-26 06:03:00,2024-09-26 05:07:00,7.255501053675599,0.00011547634683607008,0.0008378387561437154
JCmiuEvazeTRhmL57NjjFedQYbQLYeRDDua9dSohpump,2024-09-26 06:03:00,2024-09-26 05:08:00,7.255501053675599,0.00011547634683607008,0.0008378387561437154
JCmiuEvazeTRhmL57NjjFedQYbQLYeRDDua9dSohpump,2024-09-26 06:03:00,2024-09-26 05:09:00,7.148891696450268,0.00011719841224615815,0.0008378387561437154
JCmiuEvazeTRhmL57NjjFedQYbQLYeRDDua9dSohpump,2024-09-26 06:03:00,2024-09-26 05:10:00,7.148891696450268,0.00011719841224615815,0.0008378387561437154
JCmiuEvazeTRhmL57NjjFedQYbQLYeRDDua9dSohpump,2024-09-26 06:03:00,2024-09-26 05:11:00,7.0528710995858965,0.0001187939981198449,0.0008378387561437154
JCmiuEvazeTRhmL57NjjFedQYbQLYeRDDua9dSohpump,2024-09-26 06:03:00,2024-09-26 05:12:00,7.0528710995858965,0.0001187939981198449,0.0008378387561437154
JCmiuEvazeTRhmL57NjjFedQYbQLYeRDDua9dSohpump,2024-09-26 06:03:00,2024-09-26 05:13:00,6.050692642595952,0.0001384698919005501,0.0008378387561437154
JCmiuEvazeTRhmL57NjjFedQYbQLYeRDDua9dSohpump,2024-09-26 06:03:00,2024-09-26 05:14:00,6.050692642595952,0.0001384698919005501,0.0008378387561437154
JCmiuEvazeTRhmL57NjjFedQYbQLYeRDDua9dSohpump,2024-09-26 06:03:00,2024-09-26 05:15:00,5.64733019185546,0.0001483601503152836,0.0008378387561437154
JCmiuEvazeTRhmL57NjjFedQYbQLYeRDDua9dSohpump,2024-09-26 06:03:00,2024-09-26 05:16:00,5.44397763381819,0.00015390194679328403,0.0008378387561437154
JCmiuEvazeTRhmL57NjjFedQYbQLYeRDDua9dSohpump,2024-09-26 06:03:00,2024-09-26 05:17:00,5.4681422329587965,0.00015322182936166297,0.0008378387561437154
JCmiuEvazeTRhmL57NjjFedQYbQLYeRDDua9dSohpump,2024-09-26 06:03:00,2024-09-26 05:18:00,5.4681422329587965,0.00015322182936166297,0.0008378387561437154
JCmiuEvazeTRhmL57NjjFedQYbQLYeRDDua9dSohpump,2024-09-26 06:03:00,2024-09-26 05:19:00,5.4681422329587965,0.00015322182936166297,0.0008378387561437154
JCmiuEvazeTRhmL57NjjFedQYbQLYeRDDua9dSohpump,2024-09-26 06:03:00,2024-09-26 05:20:00,5.562890634861949,0.0001506121207728017,0.0008378387561437154
JCmiuEvazeTRhmL57NjjFedQYbQLYeRDDua9dSohpump,2024-09-26 06:03:00,2024-09-26 05:21:00,5.562890634861949,0.0001506121207728017,0.0008378387561437154
JCmiuEvazeTRhmL57NjjFedQYbQLYeRDDua9dSohpump,2024-09-26 06:03:00,2024-09-26 05:22:00,5.76148937479908,0.0001454205157104769,0.0008378387561437154
JCmiuEvazeTRhmL57NjjFedQYbQLYeRDDua9dSohpump,2024-09-26 06:03:00,2024-09-26 05:23:00,5.76148937479908,0.0001454205157104769,0.0008378387561437154
JCmiuEvazeTRhmL57NjjFedQYbQLYeRDDua9dSohpump,2024-09-26 06:03:00,2024-09-26 05:24:00,5.76148937479908,0.0001454205157104769,0.0008378387561437154
JCmiuEvazeTRhmL57NjjFedQYbQLYeRDDua9dSohpump,2024-09-26 06:03:00,2024-09-26 05:25:00,5.76148937479908,0.0001454205157104769,0.0008378387561437154
JCmiuEvazeTRhmL57NjjFedQYbQLYeRDDua9dSohpump,2024-09-26 06:03:00,2024-09-26 05:26:00,5.76148937479908,0.0001454205157104769,0.0008378387561437154
JCmiuEvazeTRhmL57NjjFedQYbQLYeRDDua9dSohpump,2024-09-26 06:03:00,2024-09-26 05:27:00,5.76148937479908,0.0001454205157104769,0.0008378387561437154
JCmiuEvazeTRhmL57NjjFedQYbQLYeRDDua9dSohpump,2024-09-26 06:03:00,2024-09-26 05:28:00,5.838193062245531,0.00014350994343812593,0.0008378387561437154
JCmiuEvazeTRhmL57NjjFedQYbQLYeRDDua9dSohpump,2024-09-26 06:03:00,2024-09-26 05:29:00,5.838193062245531,0.00014350994343812593,0.0008378387561437154
JCmiuEvazeTRhmL57NjjFedQYbQLYeRDDua9dSohpump,2024-09-26 06:03:00,2024-09-26 05:30:00,5.838193062245531,0.00014350994343812593,0.0008378387561437154
JCmiuEvazeTRhmL57NjjFedQYbQLYeRDDua9dSohpump,2024-09-26 06:03:00,2024-09-26 05:31:00,5.9032261276594555,0.00014192896189729843,0.0008378387561437154
JCmiuEvazeTRhmL57NjjFedQYbQLYeRDDua9dSohpump,2024-09-26 06:03:00,2024-09-26 05:32:00,5.9032261276594555,0.00014192896189729843,0.0008378387561437154
JCmiuEvazeTRhmL57NjjFedQYbQLYeRDDua9dSohpump,2024-09-26 06:03:00,2024-09-26 05:33:00,5.9032261276594555,0.00014192896189729843,0.0008378387561437154
JCmiuEvazeTRhmL57NjjFedQYbQLYeRDDua9dSohpump,2024-09-26 16:01:00,2024-09-26 15:02:00,5.54685194652776,3.608164447903919e-05,0.00020013953991248115
JCmiuEvazeTRhmL57NjjFedQYbQLYeRDDua9dSohpump,2024-09-26 16:02:00,2024-09-26 15:03:00,5.9185562181772156,3.5649908764037204e-05,0.0002109959891928428
JCmiuEvazeTRhmL57NjjFedQYbQLYeRDDua9dSohpump,2024-09-26 16:03:00,2024-09-26 15:04:00,6.11119106355105,3.5649908764037204e-05,0.0002178634038551944
JCmiuEvazeTRhmL57NjjFedQYbQLYeRDDua9dSohpump,2024-09-26 16:03:00,2024-09-26 15:05:00,6.20165058196351,3.512990630088296e-05,0.0002178634038551944
JCmiuEvazeTRhmL57NjjFedQYbQLYeRDDua9dSohpump,2024-09-26 16:03:00,2024-09-26 15:06:00,6.3137069922088065,3.450641661452465e-05,0.0002178634038551944
JCmiuEvazeTRhmL57NjjFedQYbQLYeRDDua9dSohpump,2024-09-26 16:03:00,2024-09-26 15:07:00,6.337919658675826,3.4374592230270134e-05,0.0002178634038551944
JCmiuEvazeTRhmL57NjjFedQYbQLYeRDDua9dSohpump,2024-09-26 16:07:00,2024-09-26 15:08:00,6.63789945795712,3.438378153477907e-05,0.00022823608481222602
JCmiuEvazeTRhmL57NjjFedQYbQLYeRDDua9dSohpump,2024-09-26 16:08:00,2024-09-26 15:09:00,6.944874853198046,3.43393729230022e-05,0.00023848264748754788
JCmiuEvazeTRhmL57NjjFedQYbQLYeRDDua9dSohpump,2024-09-26 16:08:00,2024-09-26 15:10:00,6.627076742491267,3.598610016969517e-05,0.00023848264748754788
JCmiuEvazeTRhmL57NjjFedQYbQLYeRDDua9dSohpump,2024-09-26 16:08:00,2024-09-26 15:11:00,6.627076742491267,3.598610016969517e-05,0.00023848264748754788
JCmiuEvazeTRhmL57NjjFedQYbQLYeRDDua9dSohpump,2024-09-26 16:11:00,2024-09-26 15:12:00,6.847897203117788,3.669789011634851e-05,0.0002513033790880669
JCmiuEvazeTRhmL57NjjFedQYbQLYeRDDua9dSohpump,2024-09-26 16:12:00,2024-09-26 15:13:00,7.440296028073209,3.669789011634851e-05,0.0002730431660713349
JCmiuEvazeTRhmL57NjjFedQYbQLYeRDDua9dSohpump,2024-09-26 16:13:00,2024-09-26 15:14:00,7.552129255328332,3.700721971067333e-05,0.0002794833066353393
JCmiuEvazeTRhmL57NjjFedQYbQLYeRDDua9dSohpump,2024-09-26 16:14:00,2024-09-26 15:15:00,7.623721193064594,3.779566847111953e-05,0.00028814363872931725
JCmiuEvazeTRhmL57NjjFedQYbQLYeRDDua9dSohpump,2024-09-26 16:15:00,2024-09-26 15:16:00,7.861491911177906,3.779566847111953e-05,0.000297130341963268
JCmiuEvazeTRhmL57NjjFedQYbQLYeRDDua9dSohpump,2024-09-26 16:16:00,2024-09-26 15:17:00,8.178085506381533,3.976374725278168e-05,0.00032519132508739235
JCmiuEvazeTRhmL57NjjFedQYbQLYeRDDua9dSohpump,2024-09-26 16:17:00,2024-09-26 15:18:00,8.099113053239535,4.355602549160216e-05,0.00035276517460626895
JCmiuEvazeTRhmL57NjjFedQYbQLYeRDDua9dSohpump,2024-09-26 16:18:00,2024-09-26 15:19:00,7.371281303459399,5.136060067455534e-05,0.00037859343548679396
JCmiuEvazeTRhmL57NjjFedQYbQLYeRDDua9dSohpump,2024-09-26 16:18:00,2024-09-26 15:20:00,7.09255425522594,5.3378997447617485e-05,0.00037859343548679396
JCmiuEvazeTRhmL57NjjFedQYbQLYeRDDua9dSohpump,2024-09-26 16:18:00,2024-09-26 15:21:00,7.099345729824558,5.332793329057239e-05,0.00037859343548679396
JCmiuEvazeTRhmL57NjjFedQYbQLYeRDDua9dSohpump,2024-09-26 16:18:00,2024-09-26 15:22:00,7.116093802975766,5.3202423403760643e-05,0.00037859343548679396
JCmiuEvazeTRhmL57NjjFedQYbQLYeRDDua9dSohpump,2024-09-26 16:18:00,2024-09-26 15:23:00,7.134031115804356,5.306865492191057e-05,0.00037859343548679396
JCmiuEvazeTRhmL57NjjFedQYbQLYeRDDua9dSohpump,2024-09-26 16:18:00,2024-09-26 15:24:00,7.34230543947264,5.1563291476741724e-05,0.00037859343548679396
JCmiuEvazeTRhmL57NjjFedQYbQLYeRDDua9dSohpump,2024-09-26 16:18:00,2024-09-26 15:25:00,7.34230543947264,5.1563291476741724e-05,0.00037859343548679396
JCmiuEvazeTRhmL57NjjFedQYbQLYeRDDua9dSohpump,2024-09-26 16:18:00,2024-09-26 15:26:00,7.048357843493645,5.371370805701564e-05,0.00037859343548679396
JCmiuEvazeTRhmL57NjjFedQYbQLYeRDDua9dSohpump,2024-09-26 16:18:00,2024-09-26 15:27:00,7.278925884451589,5.201226685045688e-05,0.00037859343548679396
JCmiuEvazeTRhmL57NjjFedQYbQLYeRDDua9dSohpump,2024-09-26 16:18:00,2024-09-26 15:28:00,6.829082772186896,5.5438401922540456e-05,0.00037859343548679396
JCmiuEvazeTRhmL57NjjFedQYbQLYeRDDua9dSohpump,2024-09-26 16:18:00,2024-09-26 15:29:00,6.818203720510798,5.552685883349213e-05,0.00037859343548679396
JCmiuEvazeTRhmL57NjjFedQYbQLYeRDDua9dSohpump,2024-09-26 16:18:00,2024-09-26 15:30:00,6.623345813784636,5.716045124789619e-05,0.00037859343548679396
JCmiuEvazeTRhmL57NjjFedQYbQLYeRDDua9dSohpump,2024-09-26 16:18:00,2024-09-26 15:31:00,6.487183282767224,5.836021875511095e-05,0.00037859343548679396
JCmiuEvazeTRhmL57NjjFedQYbQLYeRDDua9dSohpump,2024-09-26 16:18:00,2024-09-26 15:32:00,6.487183282767224,5.836021875511095e-05,0.00037859343548679396
JCmiuEvazeTRhmL57NjjFedQYbQLYeRDDua9dSohpump,2024-09-26 16:18:00,2024-09-26 15:33:00,6.4366604787153685,5.881830131303644e-05,0.00037859343548679396
JCmiuEvazeTRhmL57NjjFedQYbQLYeRDDua9dSohpump,2024-09-26 16:18:00,2024-09-26 15:34:00,6.275180885369771,6.033187606901709e-05,0.00037859343548679396
JCmiuEvazeTRhmL57NjjFedQYbQLYeRDDua9dSohpump,2024-09-26 16:34:00,2024-09-26 15:35:00,6.1413185642058625,6.31687125276705e-05,0.00038793918692316625
JCmiuEvazeTRhmL57NjjFedQYbQLYeRDDua9dSohpump,2024-09-26 16:35:00,2024-09-26 15:36:00,5.8868432613498065,6.78177137798292e-05,0.0003992322513649375
AqaMVjPS7sauunxejZf3fRUME7Dd5fevS4HdpZmVH52T,2024-10-01 05:54:00,2024-10-01 04:59:00,291.91948915337775,0.0008521657483000983,0.24876378991777057
AqaMVjPS7sauunxejZf3fRUME7Dd5fevS4HdpZmVH52T,2024-10-01 05:54:00,2024-10-01 05:00:00,216.12801748749226,0.0011510020441110418,0.24876378991777057
AqaMVjPS7sauunxejZf3fRUME7Dd5fevS4HdpZmVH52T,2024-10-01 05:54:00,2024-10-01 05:01:00,191.42291066643693,0.0012995507645960555,0.24876378991777057
AqaMVjPS7sauunxejZf3fRUME7Dd5fevS4HdpZmVH52T,2024-10-01 05:54:00,2024-10-01 05:02:00,188.81192886740894,0.0013175215750931826,0.24876378991777057
AqaMVjPS7sauunxejZf3fRUME7Dd5fevS4HdpZmVH52T,2024-10-01 05:54:00,2024-10-01 05:03:00,283.61274871441765,0.0008771248508587389,0.24876378991777057
AqaMVjPS7sauunxejZf3fRUME7Dd5fevS4HdpZmVH52T,2024-10-01 05:54:00,2024-10-01 05:04:00,239.0931797818931,0.0010404470346862225,0.24876378991777057
AqaMVjPS7sauunxejZf3fRUME7Dd5fevS4HdpZmVH52T,2024-10-01 05:54:00,2024-10-01 05:05:00,247.51055503632725,0.0010050633593434405,0.24876378991777057
AqaMVjPS7sauunxejZf3fRUME7Dd5fevS4HdpZmVH52T,2024-10-01 05:54:00,2024-10-01 05:06:00,216.0448849814823,0.001151444941356018,0.24876378991777057
AqaMVjPS7sauunxejZf3fRUME7Dd5fevS4HdpZmVH52T,2024-10-01 05:54:00,2024-10-01 05:07:00,180.53545338112798,0.0013779220937430274,0.24876378991777057
AqaMVjPS7sauunxejZf3fRUME7Dd5fevS4HdpZmVH52T,2024-10-01 05:54:00,2024-10-01 05:08:00,177.28771555786204,0.0014031642809260556,0.24876378991777057
AqaMVjPS7sauunxejZf3fRUME7Dd5fevS4HdpZmVH52T,2024-10-01 05:54:00,2024-10-01 05:09:00,151.60240569149093,0.0016408960582327558,0.24876378991777057
AqaMVjPS7sauunxejZf3fRUME7Dd5fevS4HdpZmVH52T,2024-10-01 05:54:00,2024-10-01 05:10:00,103.03447435664249,0.002414374329282276,0.24876378991777057
AqaMVjPS7sauunxejZf3fRUME7Dd5fevS4HdpZmVH52T,2024-10-01 05:54:00,2024-10-01 05:11:00,99.49633929623847,0.0025002305781030403,0.24876378991777057
AqaMVjPS7sauunxejZf3fRUME7Dd5fevS4HdpZmVH52T,2024-10-01 05:54:00,2024-10-01 05:12:00,127.10142983009199,0.001957206856369088,0.24876378991777057
AqaMVjPS7sauunxejZf3fRUME7Dd5fevS4HdpZmVH52T,2024-10-01 05:54:00,2024-10-01 05:13:00,131.2712926597994,0.0018950357300317204,0.24876378991777057
AqaMVjPS7sauunxejZf3fRUME7Dd5fevS4HdpZmVH52T,2024-10-01 05:54:00,2024-10-01 05:14:00,173.31003302700648,0.0014353686602725782,0.24876378991777057
AqaMVjPS7sauunxejZf3fRUME7Dd5fevS4HdpZmVH52T,2024-10-01 05:54:00,2024-10-01 05:15:00,127.47253676632192,0.001951508899315273,0.24876378991777057
AqaMVjPS7sauunxejZf3fRUME7Dd5fevS4HdpZmVH52T,2024-10-01 05:54:00,2024-10-01 05:16:00,188.07192414574453,0.0013227056140766309,0.24876378991777057
AqaMVjPS7sauunxejZf3fRUME7Dd5fevS4HdpZmVH52T,2024-10-01 05:54:00,2024-10-01 05:17:00,291.79756197025586,0.0008525218245076636,0.24876378991777057
AqaMVjPS7sauunxejZf3fRUME7Dd5fevS4HdpZmVH52T,2024-10-01 05:54:00,2024-10-01 05:18:00,140.79736962017975,0.0017668212878468189,0.24876378991777057
AqaMVjPS7sauunxejZf3fRUME7Dd5fevS4HdpZmVH52T,2024-10-01 05:54:00,2024-10-01 05:19:00,84.83282392134657,0.002932400200993119,0.24876378991777057
AqaMVjPS7sauunxejZf3fRUME7Dd5fevS4HdpZmVH52T,2024-10-01 05:54:00,2024-10-01 05:20:00,109.68164606359298,0.0022680530320773845,0.24876378991777057
AqaMVjPS7sauunxejZf3fRUME7Dd5fevS4HdpZmVH52T,2024-10-01 05:54:00,2024-10-01 05:21:00,120.4598580069398,0.002065117741575281,0.24876378991777057
AqaMVjPS7sauunxejZf3fRUME7Dd5fevS4HdpZmVH52T,2024-10-01 05:54:00,2024-10-01 05:22:00,126.95438270286947,0.001959473825334491,0.24876378991777057
AqaMVjPS7sauunxejZf3fRUME7Dd5fevS4HdpZmVH52T,2024-10-01 05:54:00,2024-10-01 05:23:00,192.05019311548875,0.0012953061170221125,0.24876378991777057
AqaMVjPS7sauunxejZf3fRUME7Dd5fevS4HdpZmVH52T,2024-10-01 05:54:00,2024-10-01 05:24:00,195.893372186449,0.0012698938567508049,0.24876378991777057
AqaMVjPS7sauunxejZf3fRUME7Dd5fevS4HdpZmVH52T,2024-10-01 05:54:00,2024-10-01 05:25:00,372.1900303438574,0.0006683784347687757,0.24876378991777057
AqaMVjPS7sauunxejZf3fRUME7Dd5fevS4HdpZmVH52T,2024-10-01 05:54:00,2024-10-01 05:26:00,289.7393129135567,0.0008585779658833831,0.24876378991777057
AqaMVjPS7sauunxejZf3fRUME7Dd5fevS4HdpZmVH52T,2024-10-01 05:54:00,2024-10-01 05:27:00,406.5292923863905,0.000611920947830077,0.24876378991777057
AqaMVjPS7sauunxejZf3fRUME7Dd5fevS4HdpZmVH52T,2024-10-01 05:54:00,2024-10-01 05:28:00,333.560633870677,0.0007457828192466424,0.24876378991777057
AqaMVjPS7sauunxejZf3fRUME7Dd5fevS4HdpZmVH52T,2024-10-01 05:54:00,2024-10-01 05:29:00,232.39475107162397,0.0010704363535349456,0.24876378991777057
AqaMVjPS7sauunxejZf3fRUME7Dd5fevS4HdpZmVH52T,2024-10-01 05:54:00,2024-10-01 05:30:00,152.7529487591061,0.0016285367447149916,0.24876378991777057
AqaMVjPS7sauunxejZf3fRUME7Dd5fevS4HdpZmVH52T,2024-10-01 05:54:00,2024-10-01 05:31:00,134.015880304127,0.0018562262125446781,0.24876378991777057
AqaMVjPS7sauunxejZf3fRUME7Dd5fevS4HdpZmVH52T,2024-10-01 05:54:00,2024-10-01 05:32:00,108.81380940872536,0.0022861417247453074,0.24876378991777057
AqaMVjPS7sauunxejZf3fRUME7Dd5fevS4HdpZmVH52T,2024-10-01 05:54:00,2024-10-01 05:33:00,93.26664368097484,0.002667232143237455,0.24876378991777057
AqaMVjPS7sauunxejZf3fRUME7Dd5fevS4HdpZmVH52T,2024-10-01 05:54:00,2024-10-01 05:34:00,94.37004254954402,0.0026360461773360993,0.24876378991777057
AqaMVjPS7sauunxejZf3fRUME7Dd5fevS4HdpZmVH52T,2024-10-01 05:54:00,2024-10-01 05:35:00,109.9873133962189,0.0022617498531091722,0.24876378991777057
AqaMVjPS7sauunxejZf3fRUME7Dd5fevS4HdpZmVH52T,2024-10-01 05:54:00,2024-10-01 05:36:00,71.3452380896189,0.0034867609468944637,0.24876378991777057
AqaMVjPS7sauunxejZf3fRUME7Dd5fevS4HdpZmVH52T,2024-10-01 05:54:00,2024-10-01 05:37:00,74.77775336025306,0.0033267085294648216,0.24876378991777057
AqaMVjPS7sauunxejZf3fRUME7Dd5fevS4HdpZmVH52T,2024-10-01 05:54:00,2024-10-01 05:38:00,89.37411216323105,0.0027833987258349875,0.24876378991777057
AqaMVjPS7sauunxejZf3fRUME7Dd5fevS4HdpZmVH52T,2024-10-01 05:54:00,2024-10-01 05:39:00,106.18469875124187,0.0023427461097812944,0.24876378991777057
AqaMVjPS7sauunxejZf3fRUME7Dd5fevS4HdpZmVH52T,2024-10-01 05:54:00,2024-10-01 05:40:00,147.10447621742946,0.0016910687989540331,0.24876378991777057
AqaMVjPS7sauunxejZf3fRUME7Dd5fevS4HdpZmVH52T,2024-10-01 05:54:00,2024-10-01 05:41:00,147.61100226007713,0.0016852659091052809,0.24876378991777057
AqaMVjPS7sauunxejZf3fRUME7Dd5fevS4HdpZmVH52T,2024-10-01 05:54:00,2024-10-01 05:42:00,116.1493776875983,0.002141757406456875,0.24876378991777057
AqaMVjPS7sauunxejZf3fRUME7Dd5fevS4HdpZmVH52T,2024-10-01 05:54:00,2024-10-01 05:43:00,168.81915795065885,0.0014735518938583814,0.24876378991777057
AqaMVjPS7sauunxejZf3fRUME7Dd5fevS4HdpZmVH52T,2024-10-01 05:54:00,2024-10-01 05:44:00,203.26304979065728,0.001223851507561138,0.24876378991777057
AqaMVjPS7sauunxejZf3fRUME7Dd5fevS4HdpZmVH52T,2024-10-01 05:54:00,2024-10-01 05:45:00,207.0103678478859,0.0012016972507414008,0.24876378991777057
AqaMVjPS7sauunxejZf3fRUME7Dd5fevS4HdpZmVH52T,2024-10-01 05:54:00,2024-10-01 05:46:00,304.61475849343236,0.0008166504838705444,0.24876378991777057
AqaMVjPS7sauunxejZf3fRUME7Dd5fevS4HdpZmVH52T,2024-10-01 05:54:00,2024-10-01 05:47:00,395.4198144895717,0.0006291131116908941,0.24876378991777057
AqaMVjPS7sauunxejZf3fRUME7Dd5fevS4HdpZmVH52T,2024-10-01 05:54:00,2024-10-01 05:48:00,269.9703645107394,0.0009214485092413719,0.24876378991777057
AqaMVjPS7sauunxejZf3fRUME7Dd5fevS4HdpZmVH52T,2024-10-01 05:54:00,2024-10-01 05:49:00,479.84436524498045,0.0005184259896242948,0.24876378991777057
AqaMVjPS7sauunxejZf3fRUME7Dd5fevS4HdpZmVH52T,2024-10-01 05:54:00,2024-10-01 05:50:00,673.1920557996644,0.00036952870696353,0.24876378991777057
AqaMVjPS7sauunxejZf3fRUME7Dd5fevS4HdpZmVH52T,2024-10-01 05:54:00,2024-10-01 05:51:00,551.79404548537,0.00045082724605872206,0.24876378991777057
AqaMVjPS7sauunxejZf3fRUME7Dd5fevS4HdpZmVH52T,2024-10-01 05:54:00,2024-10-01 05:52:00,1635.92398279155,0.00015206317196553266,0.24876378991777057
AqaMVjPS7sauunxejZf3fRUME7Dd5fevS4HdpZmVH52T,2024-10-01 05:54:00,2024-10-01 05:53:00,1301.501699885669,0.00019113597004108662,0.24876378991777057
AxUx31tmanQ2r8xG3nBvW1L9miHHZNqMfALzc1ygpump,2024-09-27 00:18:00,2024-09-26 23:22:00,5.547426181807188,2.1706198071114566e-05,0.00012041353148719361
AxUx31tmanQ2r8xG3nBvW1L9miHHZNqMfALzc1ygpump,2024-09-27 00:18:00,2024-09-26 23:23:00,5.701836183174434,2.1118377943323288e-05,0.00012041353148719361
AxUx31tmanQ2r8xG3nBvW1L9miHHZNqMfALzc1ygpump,2024-09-27 00:18:00,2024-09-26 23:25:00,5.901426929925506,2.0404138340947584e-05,0.00012041353148719361
AxUx31tmanQ2r8xG3nBvW1L9miHHZNqMfALzc1ygpump,2024-09-27 00:18:00,2024-09-26 23:26:00,5.789080179973462,2.0800114654439904e-05,0.00012041353148719361
AxUx31tmanQ2r8xG3nBvW1L9miHHZNqMfALzc1ygpump,2024-09-27 00:18:00,2024-09-26 23:27:00,5.791962160685978,2.0789764875282316e-05,0.00012041353148719361
AxUx31tmanQ2r8xG3nBvW1L9miHHZNqMfALzc1ygpump,2024-09-27 00:18:00,2024-09-26 23:28:00,5.1513776567381155,2.3375015289296456e-05,0.00012041353148719361
AxUx31tmanQ2r8xG3nBvW1L9miHHZNqMfALzc1ygpump,2024-09-27 02:05:00,2024-09-27 01:06:00,5.292618599716797,7.532395787188429e-05,0.00039866098043701923
AxUx31tmanQ2r8xG3nBvW1L9miHHZNqMfALzc1ygpump,2024-09-27 02:06:00,2024-09-27 01:07:00,6.932611706491914,6.399326137225973e-05,0.00044364043292592463
AxUx31tmanQ2r8xG3nBvW1L9miHHZNqMfALzc1ygpump,2024-09-27 02:07:00,2024-09-27 01:08:00,7.1321074813356296,6.499172904076537e-05,0.0004635279969165808
AxUx31tmanQ2r8xG3nBvW1L9miHHZNqMfALzc1ygpump,2024-09-27 02:07:00,2024-09-27 01:10:00,5.025895269260157,9.222794588491595e-05,0.0004635279969165808
AxUx31tmanQ2r8xG3nBvW1L9miHHZNqMfALzc1ygpump,2024-09-27 02:07:00,2024-09-27 01:11:00,5.4501873579776134,8.504808485860584e-05,0.0004635279969165808
AxUx31tmanQ2r8xG3nBvW1L9miHHZNqMfALzc1ygpump,2024-09-27 02:07:00,2024-09-27 01:14:00,5.334842344142116,8.688691567906487e-05,0.0004635279969165808
AxUx31tmanQ2r8xG3nBvW1L9miHHZNqMfALzc1ygpump,2024-09-27 02:07:00,2024-09-27 01:15:00,5.334842344142116,8.688691567906487e-05,0.0004635279969165808
AxUx31tmanQ2r8xG3nBvW1L9miHHZNqMfALzc1ygpump,2024-09-27 02:07:00,2024-09-27 01:16:00,5.3546004772488285,8.656630852032112e-05,0.0004635279969165808
AxUx31tmanQ2r8xG3nBvW1L9miHHZNqMfALzc1ygpump,2024-09-27 02:07:00,2024-09-27 01:17:00,5.351650539241387,8.661402562026917e-05,0.0004635279969165808
AxUx31tmanQ2r8xG3nBvW1L9miHHZNqMfALzc1ygpump,2024-09-27 02:07:00,2024-09-27 01:18:00,5.210914267030927,8.895329555684469e-05,0.0004635279969165808
AxUx31tmanQ2r8xG3nBvW1L9miHHZNqMfALzc1ygpump,2024-09-27 02:07:00,2024-09-27 01:19:00,5.188130643436366,8.934393306055269e-05,0.0004635279969165808
AxUx31tmanQ2r8xG3nBvW1L9miHHZNqMfALzc1ygpump,2024-09-27 02:07:00,2024-09-27 01:20:00,5.106710910771331,9.076840358025443e-05,0.0004635279969165808
AxUx31tmanQ2r8xG3nBvW1L9miHHZNqMfALzc1ygpump,2024-09-27 02:07:00,2024-09-27 01:21:00,5.130037383907004,9.035567623165367e-05,0.0004635279969165808
AxUx31tmanQ2r8xG3nBvW1L9miHHZNqMfALzc1ygpump,2024-09-27 02:07:00,2024-09-27 01:22:00,5.080826121038628,9.123083252095741e-05,0.0004635279969165808
AxUx31tmanQ2r8xG3nBvW1L9miHHZNqMfALzc1ygpump,2024-09-27 02:07:00,2024-09-27 01:23:00,5.002304707402274,9.26628872149001e-05,0.0004635279969165808
AxUx31tmanQ2r8xG3nBvW1L9miHHZNqMfALzc1ygpump,2024-09-27 02:07:00,2024-09-27 01:24:00,5.002304707402274,9.26628872149001e-05,0.0004635279969165808
AxUx31tmanQ2r8xG3nBvW1L9miHHZNqMfALzc1ygpump,2024-09-27 02:40:00,2024-09-27 01:41:00,5.4464913422291685,0.000102154060698801,0.0005563812071695726
AxUx31tmanQ2r8xG3nBvW1L9miHHZNqMfALzc1ygpump,2024-09-27 02:41:00,2024-09-27 01:42:00,6.360328726242221,9.910218765194406e-05,0.0006303224909561069
AxUx31tmanQ2r8xG3nBvW1L9miHHZNqMfALzc1ygpump,2024-09-27 02:42:00,2024-09-27 01:43:00,7.118554005206165,0.00010172411171710156,0.0007241285828898127
AxUx31tmanQ2r8xG3nBvW1L9miHHZNqMfALzc1ygpump,2024-09-27 02:42:00,2024-09-27 01:44:00,7.170043475900252,0.00010099361117177786,0.0007241285828898127
AxUx31tmanQ2r8xG3nBvW1L9miHHZNqMfALzc1ygpump,2024-09-27 02:42:00,2024-09-27 01:45:00,7.081455806372577,0.00010225702209963268,0.0007241285828898127
AxUx31tmanQ2r8xG3nBvW1L9miHHZNqMfALzc1ygpump,2024-09-27 02:45:00,2024-09-27 01:46:00,6.6957316289404085,0.00011184854233118597,0.0007489078225378021
AxUx31tmanQ2r8xG3nBvW1L9miHHZNqMfALzc1ygpump,2024-09-27 02:46:00,2024-09-27 01:47:00,8.422626009774758,0.00010783176586099176,0.000908226635820731
AxUx31tmanQ2r8xG3nBvW1L9miHHZNqMfALzc1ygpump,2024-09-27 02:46:00,2024-09-27 01:48:00,8.455837647520775,0.00010740823957127655,0.000908226635820731
AxUx31tmanQ2r8xG3nBvW1L9miHHZNqMfALzc1ygpump,2024-09-27 02:46:00,2024-09-27 01:49:00,7.766070840187942,0.00011694802359010564,0.000908226635820731
AxUx31tmanQ2r8xG3nBvW1L9miHHZNqMfALzc1ygpump,2024-09-27 02:46:00,2024-09-27 01:50:00,7.5189187293248985,0.0001207921868178349,0.000908226635820731
AxUx31tmanQ2r8xG3nBvW1L9miHHZNqMfALzc1ygpump,2024-09-27 02:46:00,2024-09-27 01:51:00,7.703355045597177,0.00011790013967223598,0.000908226635820731
AxUx31tmanQ2r8xG3nBvW1L9miHHZNqMfALzc1ygpump,2024-09-27 02:46:00,2024-09-27 01:52:00,7.634539060631543,0.00011896286450404262,0.000908226635820731
AxUx31tmanQ2r8xG3nBvW1L9miHHZNqMfALzc1ygpump,2024-09-27 02:46:00,2024-09-27 01:53:00,7.634539060631543,0.00011896286450404262,0.000908226635820731
AxUx31tmanQ2r8xG3nBvW1L9miHHZNqMfALzc1ygpump,2024-09-27 02:46:00,2024-09-27 01:54:00,6.414003957240693,0.0001416005730391614,0.000908226635820731
AxUx31tmanQ2r8xG3nBvW1L9miHHZNqMfALzc1ygpump,2024-09-27 02:46:00,2024-09-27 01:55:00,5.609475368205469,0.00016190937230397043,0.000908226635820731
AxUx31tmanQ2r8xG3nBvW1L9miHHZNqMfALzc1ygpump,2024-09-27 03:21:00,2024-09-27 02:22:00,5.666979748132365,0.00027301283912939536,0.0015471582303264028
AxUx31tmanQ2r8xG3nBvW1L9miHHZNqMfALzc1ygpump,2024-09-27 03:21:00,2024-09-27 02:23:00,5.752019436741378,0.0002689765303023551,0.0015471582303264028
AxUx31tmanQ2r8xG3nBvW1L9miHHZNqMfALzc1ygpump,2024-09-27 03:21:00,2024-09-27 02:24:00,5.390620172585581,0.0002870093200397603,0.0015471582303264028
3gHTnDrkd6x4ERgR6i8mpTkpEajxkDS2rtw534TN7AoW,2024-10-01 01:39:00,2024-10-01 01:04:00,9.077270245288986,6.139271111082062e-05,0.0005572782298438745
3gHTnDrkd6x4ERgR6i8mpTkpEajxkDS2rtw534TN7AoW,2024-10-01 01:39:00,2024-10-01 01:05:00,9.095368544056647,6.127054963682885e-05,0.0005572782298438745
3gHTnDrkd6x4ERgR6i8mpTkpEajxkDS2rtw534TN7AoW,2024-10-01 01:39:00,2024-10-01 01:06:00,8.168930139456405,6.821924295229169e-05,0.0005572782298438745
3gHTnDrkd6x4ERgR6i8mpTkpEajxkDS2rtw534TN7AoW,2024-10-01 01:39:00,2024-10-01 01:07:00,8.029963336614635,6.939984735706382e-05,0.0005572782298438745
3gHTnDrkd6x4ERgR6i8mpTkpEajxkDS2rtw534TN7AoW,2024-10-01 01:39:00,2024-10-01 01:08:00,8.315193088999987,6.701927710868043e-05,0.0005572782298438745
3gHTnDrkd6x4ERgR6i8mpTkpEajxkDS2rtw534TN7AoW,2024-10-01 01:39:00,2024-10-01 01:09:00,8.331161126724215,6.689082366397522e-05,0.0005572782298438745
3gHTnDrkd6x4ERgR6i8mpTkpEajxkDS2rtw534TN7AoW,2024-10-01 01:39:00,2024-10-01 01:10:00,8.24320439100079,6.760456291151318e-05,0.0005572782298438745
3gHTnDrkd6x4ERgR6i8mpTkpEajxkDS2rtw534TN7AoW,2024-10-01 01:39:00,2024-10-01 01:11:00,7.911637699073078,7.04377843172931e-05,0.0005572782298438745
3gHTnDrkd6x4ERgR6i8mpTkpEajxkDS2rtw534TN7AoW,2024-10-01 01:39:00,2024-10-01 01:12:00,7.904208636563764,7.05039878712188e-05,0.0005572782298438745
3gHTnDrkd6x4ERgR6i8mpTkpEajxkDS2rtw534TN7AoW,2024-10-01 01:39:00,2024-10-01 01:13:00,7.438264219240824,7.492046711682318e-05,0.0005572782298438745
3gHTnDrkd6x4ERgR6i8mpTkpEajxkDS2rtw534TN7AoW,2024-10-01 01:39:00,2024-10-01 01:14:00,7.025685064712428,7.932012675075478e-05,0.0005572782298438745
3gHTnDrkd6x4ERgR6i8mpTkpEajxkDS2rtw534TN7AoW,2024-10-01 01:39:00,2024-10-01 01:15:00,6.805939459211629,8.188116176813998e-05,0.0005572782298438745
3gHTnDrkd6x4ERgR6i8mpTkpEajxkDS2rtw534TN7AoW,2024-10-01 01:39:00,2024-10-01 01:16:00,6.73803887086385,8.270629489147318e-05,0.0005572782298438745
3gHTnDrkd6x4ERgR6i8mpTkpEajxkDS2rtw534TN7AoW,2024-10-01 01:39:00,2024-10-01 01:17:00,6.642419149010165,8.389687813165457e-05,0.0005572782298438745
3gHTnDrkd6x4ERgR6i8mpTkpEajxkDS2rtw534TN7AoW,2024-10-01 01:39:00,2024-10-01 01:18:00,6.630510840900276,8.404755579408849e-05,0.0005572782298438745
3gHTnDrkd6x4ERgR6i8mpTkpEajxkDS2rtw534TN7AoW,2024-10-01 01:39:00,2024-10-01 01:19:00,7.667990378702706,7.267591667716158e-05,0.0005572782298438745
3gHTnDrkd6x4ERgR6i8mpTkpEajxkDS2rtw534TN7AoW,2024-10-01 01:39:00,2024-10-01 01:20:00,7.245923607603706,7.690920578559227e-05,0.0005572782298438745
3gHTnDrkd6x4ERgR6i8mpTkpEajxkDS2rtw534TN7AoW,2024-10-01 01:39:00,2024-10-01 01:21:00,7.189036051538403,7.751779596718269e-05,0.0005572782298438745
3gHTnDrkd6x4ERgR6i8mpTkpEajxkDS2rtw534TN7AoW,2024-10-01 01:39:00,2024-10-01 01:22:00,5.430996072285626,0.00010261068548505595,0.0005572782298438745
FNLK4bSwHNrVCeCXCKjY5y6ZCbYM25saKLD6cHhBpump,2024-09-28 17:09:00,2024-09-28 16:10:00,26.606465861027708,0.00010299418492471997,0.0027403112650839366
FNLK4bSwHNrVCeCXCKjY5y6ZCbYM25saKLD6cHhBpump,2024-09-28 17:09:00,2024-09-28 16:11:00,15.399982994019068,0.0001779424864396408,0.0027403112650839366
FNLK4bSwHNrVCeCXCKjY5y6ZCbYM25saKLD6cHhBpump,2024-09-28 17:11:00,2024-09-28 16:12:00,15.570521623835841,0.00020112069512512803,0.0031315541324467015
FNLK4bSwHNrVCeCXCKjY5y6ZCbYM25saKLD6cHhBpump,2024-09-28 17:11:00,2024-09-28 16:13:00,13.173575945721657,0.0002377148122384892,0.0031315541324467015
FNLK4bSwHNrVCeCXCKjY5y6ZCbYM25saKLD6cHhBpump,2024-09-28 17:11:00,2024-09-28 16:14:00,12.358061451895244,0.00025340172846983566,0.0031315541324467015
FNLK4bSwHNrVCeCXCKjY5y6ZCbYM25saKLD6cHhBpump,2024-09-28 17:11:00,2024-09-28 16:15:00,17.24352250265121,0.00018160756492562478,0.0031315541324467015
FNLK4bSwHNrVCeCXCKjY5y6ZCbYM25saKLD6cHhBpump,2024-09-28 17:11:00,2024-09-28 16:16:00,13.714544177416615,0.00022833818550115217,0.0031315541324467015
FNLK4bSwHNrVCeCXCKjY5y6ZCbYM25saKLD6cHhBpump,2024-09-28 17:11:00,2024-09-28 16:17:00,16.33291996536475,0.00019173265644400453,0.0031315541324467015
FNLK4bSwHNrVCeCXCKjY5y6ZCbYM25saKLD6cHhBpump,2024-09-28 17:11:00,2024-09-28 16:18:00,12.928635638087076,0.00024221845367977644,0.0031315541324467015
FNLK4bSwHNrVCeCXCKjY5y6ZCbYM25saKLD6cHhBpump,2024-09-28 17:11:00,2024-09-28 16:19:00,13.396226124597277,0.00023376390509687994,0.0031315541324467015
FNLK4bSwHNrVCeCXCKjY5y6ZCbYM25saKLD6cHhBpump,2024-09-28 17:11:00,2024-09-28 16:20:00,11.918181375233928,0.00026275436107677425,0.0031315541324467015
FNLK4bSwHNrVCeCXCKjY5y6ZCbYM25saKLD6cHhBpump,2024-09-28 17:11:00,2024-09-28 16:21:00,8.678087838176605,0.0003608576210384023,0.0031315541324467015
FNLK4bSwHNrVCeCXCKjY5y6ZCbYM25saKLD6cHhBpump,2024-09-28 17:11:00,2024-09-28 16:22:00,5.917687454526355,0.0005291854557224749,0.0031315541324467015
FNLK4bSwHNrVCeCXCKjY5y6ZCbYM25saKLD6cHhBpump,2024-09-28 17:11:00,2024-09-28 16:23:00,7.103738994207121,0.0004408318119514789,0.0031315541324467015
FNLK4bSwHNrVCeCXCKjY5y6ZCbYM25saKLD6cHhBpump,2024-09-28 17:11:00,2024-09-28 16:24:00,5.439712052622092,0.0005756838049795679,0.0031315541324467015
FNLK4bSwHNrVCeCXCKjY5y6ZCbYM25saKLD6cHhBpump,2024-09-28 17:11:00,2024-09-28 16:25:00,5.2821425481552575,0.0005928568007958001,0.0031315541324467015
FNLK4bSwHNrVCeCXCKjY5y6ZCbYM25saKLD6cHhBpump,2024-09-28 17:11:00,2024-09-28 16:27:00,5.514798705218925,0.0005678455914416528,0.0031315541324467015
FNLK4bSwHNrVCeCXCKjY5y6ZCbYM25saKLD6cHhBpump,2024-09-28 17:11:00,2024-09-28 16:29:00,6.469694607668438,0.00048403430491679076,0.0031315541324467015
FNLK4bSwHNrVCeCXCKjY5y6ZCbYM25saKLD6cHhBpump,2024-09-28 17:11:00,2024-09-28 16:30:00,6.710850655597331,0.0004666404146298146,0.0031315541324467015
FNLK4bSwHNrVCeCXCKjY5y6ZCbYM25saKLD6cHhBpump,2024-09-28 17:11:00,2024-09-28 16:31:00,5.71686784691451,0.0005477744485797156,0.0031315541324467015
FNLK4bSwHNrVCeCXCKjY5y6ZCbYM25saKLD6cHhBpump,2024-09-28 17:11:00,2024-09-28 16:32:00,5.916697929880188,0.0005292739581366654,0.0031315541324467015
FNLK4bSwHNrVCeCXCKjY5y6ZCbYM25saKLD6cHhBpump,2024-09-28 17:11:00,2024-09-28 16:33:00,7.662729357137608,0.00040867346169935526,0.0031315541324467015
FNLK4bSwHNrVCeCXCKjY5y6ZCbYM25saKLD6cHhBpump,2024-09-28 17:11:00,2024-09-28 16:34:00,6.568562874221368,0.00047674874891380454,0.0031315541324467015
FNLK4bSwHNrVCeCXCKjY5y6ZCbYM25saKLD6cHhBpump,2024-09-28 17:11:00,2024-09-28 16:35:00,6.477787029937193,0.0004834296215627614,0.0031315541324467015
FNLK4bSwHNrVCeCXCKjY5y6ZCbYM25saKLD6cHhBpump,2024-09-28 17:11:00,2024-09-28 16:36:00,8.256552456965167,0.0003792810799385094,0.0031315541324467015
FNLK4bSwHNrVCeCXCKjY5y6ZCbYM25saKLD6cHhBpump,2024-09-28 17:11:00,2024-09-28 16:37:00,7.942098451518664,0.0003942980751954662,0.0031315541324467015
FNLK4bSwHNrVCeCXCKjY5y6ZCbYM25saKLD6cHhBpump,2024-09-28 17:11:00,2024-09-28 16:38:00,8.51559869561415,0.0003677432725968602,0.0031315541324467015
FNLK4bSwHNrVCeCXCKjY5y6ZCbYM25saKLD6cHhBpump,2024-09-28 17:11:00,2024-09-28 16:39:00,7.05288453325786,0.0004440104070440776,0.0031315541324467015
FNLK4bSwHNrVCeCXCKjY5y6ZCbYM25saKLD6cHhBpump,2024-09-28 17:11:00,2024-09-28 16:40:00,6.022635846923397,0.0005199640509639022,0.0031315541324467015
FNLK4bSwHNrVCeCXCKjY5y6ZCbYM25saKLD6cHhBpump,2024-09-28 17:11:00,2024-09-28 16:41:00,5.184337539243043,0.0006040413280852725,0.0031315541324467015
FNLK4bSwHNrVCeCXCKjY5y6ZCbYM25saKLD6cHhBpump,2024-09-28 17:11:00,2024-09-28 16:42:00,5.011548030489461,0.0006248676284044021,0.0031315541324467015
