token_address,spike_time,volatility_3m,volume_momentum_5m,price_change_15m
ohyRE8Gj46Y9JeVe6CuRgateGewCJgPi2pNAu5Npump,2024-09-27T13:47:00,0.0725623989155747,16.978135154363414,0.884907462529589
ohyRE8Gj46Y9JeVe6CuRgateGewCJgPi2pNAu5Npump,2024-09-27T13:47:00,0.0725623989155747,16.978135154363414,0.884907462529589
ohyRE8Gj46Y9JeVe6CuRgateGewCJgPi2pNAu5Npump,2024-09-27T13:47:00,0.0725623989155747,16.978135154363414,0.884907462529589
ohyRE8Gj46Y9JeVe6CuRgateGewCJgPi2pNAu5Npump,2024-09-27T13:47:00,0.0725623989155747,16.978135154363414,0.884907462529589
ohyRE8Gj46Y9JeVe6CuRgateGewCJgPi2pNAu5Npump,2024-09-27T13:47:00,0.0725623989155747,16.978135154363414,0.884907462529589
ohyRE8Gj46Y9JeVe6CuRgateGewCJgPi2pNAu5Npump,2024-09-27T13:47:00,0.0725623989155747,16.978135154363414,0.884907462529589
ohyRE8Gj46Y9JeVe6CuRgateGewCJgPi2pNAu5Npump,2024-09-27T13:47:00,0.0725623989155747,16.978135154363414,0.884907462529589
ohyRE8Gj46Y9JeVe6CuRgateGewCJgPi2pNAu5Npump,2024-09-27T13:47:00,0.0725623989155747,16.978135154363414,0.884907462529589
ohyRE8Gj46Y9JeVe6CuRgateGewCJgPi2pNAu5Npump,2024-09-27T13:47:00,0.0725623989155747,16.978135154363414,0.884907462529589
ohyRE8Gj46Y9JeVe6CuRgateGewCJgPi2pNAu5Npump,2024-09-27T13:47:00,0.0725623989155747,16.978135154363414,0.884907462529589
ohyRE8Gj46Y9JeVe6CuRgateGewCJgPi2pNAu5Npump,2024-09-27T13:47:00,0.0725623989155747,16.978135154363414,0.884907462529589
ohyRE8Gj46Y9JeVe6CuRgateGewCJgPi2pNAu5Npump,2024-09-27T14:05:00,0.05888738048020437,16.978135154363414,0.17034955542642022
ohyRE8Gj46Y9JeVe6CuRgateGewCJgPi2pNAu5Npump,2024-09-27T14:06:00,0.06868485206816867,16.978135154363414,0.26639535712276924
9mt4LkTG28B1mQKPjCKkGwMjGywS9q3v59XBomFNpump,2024-09-27T23:27:00,0.11286658517262556,1.2719328160334282,0.12224918913762138
9mt4LkTG28B1mQKPjCKkGwMjGywS9q3v59XBomFNpump,2024-09-27T23:27:00,0.11286658517262556,1.2719328160334282,0.12224918913762138
9mt4LkTG28B1mQKPjCKkGwMjGywS9q3v59XBomFNpump,2024-09-27T23:27:00,0.11286658517262556,1.2719328160334282,0.12224918913762138
9mt4LkTG28B1mQKPjCKkGwMjGywS9q3v59XBomFNpump,2024-09-27T23:27:00,0.11286658517262556,1.2719328160334282,0.12224918913762138
9mt4LkTG28B1mQKPjCKkGwMjGywS9q3v59XBomFNpump,2024-09-27T23:27:00,0.11286658517262556,1.2719328160334282,0.12224918913762138
9mt4LkTG28B1mQKPjCKkGwMjGywS9q3v59XBomFNpump,2024-09-27T23:27:00,0.11286658517262556,1.2719328160334282,0.12224918913762138
9mt4LkTG28B1mQKPjCKkGwMjGywS9q3v59XBomFNpump,2024-09-27T23:27:00,0.11286658517262556,1.2719328160334282,0.12224918913762138
9mt4LkTG28B1mQKPjCKkGwMjGywS9q3v59XBomFNpump,2024-09-27T23:27:00,0.11286658517262556,1.2719328160334282,0.12224918913762138
9mt4LkTG28B1mQKPjCKkGwMjGywS9q3v59XBomFNpump,2024-09-27T23:27:00,0.11286658517262556,1.2719328160334282,0.12224918913762138
9mt4LkTG28B1mQKPjCKkGwMjGywS9q3v59XBomFNpump,2024-09-27T23:27:00,0.11286658517262556,1.2719328160334282,0.12224918913762138
9mt4LkTG28B1mQKPjCKkGwMjGywS9q3v59XBomFNpump,2024-09-27T23:27:00,0.11286658517262556,1.2719328160334282,0.12224918913762138
9mt4LkTG28B1mQKPjCKkGwMjGywS9q3v59XBomFNpump,2024-09-27T23:27:00,0.11286658517262556,1.2719328160334282,0.12224918913762138
9mt4LkTG28B1mQKPjCKkGwMjGywS9q3v59XBomFNpump,2024-09-27T23:27:00,0.11286658517262556,1.2719328160334282,0.12224918913762138
9mt4LkTG28B1mQKPjCKkGwMjGywS9q3v59XBomFNpump,2024-09-27T23:27:00,0.11286658517262556,1.2719328160334282,0.12224918913762138
9mt4LkTG28B1mQKPjCKkGwMjGywS9q3v59XBomFNpump,2024-09-27T23:27:00,0.11286658517262556,1.2719328160334282,0.12224918913762138
9mt4LkTG28B1mQKPjCKkGwMjGywS9q3v59XBomFNpump,2024-09-28T01:27:00,0.0394090794126513,1.2719328160334282,0.7454472533451203
9mt4LkTG28B1mQKPjCKkGwMjGywS9q3v59XBomFNpump,2024-09-28T01:27:00,0.0394090794126513,1.2719328160334282,0.7454472533451203
iQuoGfqmXh6J3PShHDntayXGVixfp44wzGkVaH8r8RE,2024-09-24T12:57:00,0.04397847141701364,-0.20728647236036413,5.831417356467208
GFhZ4RNnfvPt7MRaUosZtmp1TedwMUcHgu31AuFWgv5h,2024-09-29T22:11:00,0.12243718437261139,0.09838907442290978,0.1289562127802032
GFhZ4RNnfvPt7MRaUosZtmp1TedwMUcHgu31AuFWgv5h,2024-09-29T22:11:00,0.12243718437261139,0.09838907442290978,0.1289562127802032
GFhZ4RNnfvPt7MRaUosZtmp1TedwMUcHgu31AuFWgv5h,2024-09-29T22:11:00,0.12243718437261139,0.09838907442290978,0.1289562127802032
GFhZ4RNnfvPt7MRaUosZtmp1TedwMUcHgu31AuFWgv5h,2024-09-29T22:11:00,0.12243718437261139,0.09838907442290978,0.1289562127802032
GFhZ4RNnfvPt7MRaUosZtmp1TedwMUcHgu31AuFWgv5h,2024-09-29T22:11:00,0.12243718437261139,0.09838907442290978,0.1289562127802032
4CejUSxbgDXpLwFDyzgG8Ey8r6A3qwtCnLYwN4gRyRFC,2024-09-29T15:21:00,0.045664208723066334,3.001441558676783,0.28201971147895377
4CejUSxbgDXpLwFDyzgG8Ey8r6A3qwtCnLYwN4gRyRFC,2024-09-29T15:22:00,0.037280930619265906,3.001441558676783,0.230292751450977
4CejUSxbgDXpLwFDyzgG8Ey8r6A3qwtCnLYwN4gRyRFC,2024-09-29T15:22:00,0.037280930619265906,3.001441558676783,0.230292751450977
4CejUSxbgDXpLwFDyzgG8Ey8r6A3qwtCnLYwN4gRyRFC,2024-09-29T15:22:00,0.037280930619265906,3.001441558676783,0.230292751450977
4CejUSxbgDXpLwFDyzgG8Ey8r6A3qwtCnLYwN4gRyRFC,2024-09-29T15:22:00,0.037280930619265906,3.001441558676783,0.230292751450977
4CejUSxbgDXpLwFDyzgG8Ey8r6A3qwtCnLYwN4gRyRFC,2024-09-29T15:22:00,0.037280930619265906,3.001441558676783,0.230292751450977
4CejUSxbgDXpLwFDyzgG8Ey8r6A3qwtCnLYwN4gRyRFC,2024-09-29T15:22:00,0.037280930619265906,3.001441558676783,0.230292751450977
4CejUSxbgDXpLwFDyzgG8Ey8r6A3qwtCnLYwN4gRyRFC,2024-09-29T15:22:00,0.037280930619265906,3.001441558676783,0.230292751450977
4CejUSxbgDXpLwFDyzgG8Ey8r6A3qwtCnLYwN4gRyRFC,2024-09-29T15:29:00,0.05077650589868735,3.001441558676783,0.2633584985802908
4CejUSxbgDXpLwFDyzgG8Ey8r6A3qwtCnLYwN4gRyRFC,2024-09-29T15:30:00,0.047687143767988285,3.001441558676783,0.29370369384803763
4CejUSxbgDXpLwFDyzgG8Ey8r6A3qwtCnLYwN4gRyRFC,2024-09-29T15:30:00,0.047687143767988285,3.001441558676783,0.29370369384803763
4CejUSxbgDXpLwFDyzgG8Ey8r6A3qwtCnLYwN4gRyRFC,2024-09-29T15:30:00,0.047687143767988285,3.001441558676783,0.29370369384803763
4CejUSxbgDXpLwFDyzgG8Ey8r6A3qwtCnLYwN4gRyRFC,2024-09-29T15:30:00,0.047687143767988285,3.001441558676783,0.29370369384803763
4CejUSxbgDXpLwFDyzgG8Ey8r6A3qwtCnLYwN4gRyRFC,2024-09-29T15:30:00,0.047687143767988285,3.001441558676783,0.29370369384803763
4CejUSxbgDXpLwFDyzgG8Ey8r6A3qwtCnLYwN4gRyRFC,2024-09-29T15:30:00,0.047687143767988285,3.001441558676783,0.29370369384803763
4CejUSxbgDXpLwFDyzgG8Ey8r6A3qwtCnLYwN4gRyRFC,2024-09-29T15:36:00,0.08253211874817933,3.001441558676783,0.1587402482314369
4CejUSxbgDXpLwFDyzgG8Ey8r6A3qwtCnLYwN4gRyRFC,2024-09-29T15:37:00,0.07001845947871285,3.001441558676783,0.29004035182522675
4CejUSxbgDXpLwFDyzgG8Ey8r6A3qwtCnLYwN4gRyRFC,2024-09-29T15:38:00,0.0765731782758421,3.001441558676783,0.4609534942209873
4CejUSxbgDXpLwFDyzgG8Ey8r6A3qwtCnLYwN4gRyRFC,2024-09-29T15:38:00,0.0765731782758421,3.001441558676783,0.4609534942209873
4CejUSxbgDXpLwFDyzgG8Ey8r6A3qwtCnLYwN4gRyRFC,2024-09-29T15:38:00,0.0765731782758421,3.001441558676783,0.4609534942209873
4CejUSxbgDXpLwFDyzgG8Ey8r6A3qwtCnLYwN4gRyRFC,2024-09-29T15:38:00,0.0765731782758421,3.001441558676783,0.4609534942209873
4CejUSxbgDXpLwFDyzgG8Ey8r6A3qwtCnLYwN4gRyRFC,2024-09-29T15:38:00,0.0765731782758421,3.001441558676783,0.4609534942209873
4CejUSxbgDXpLwFDyzgG8Ey8r6A3qwtCnLYwN4gRyRFC,2024-09-29T15:38:00,0.0765731782758421,3.001441558676783,0.4609534942209873
4CejUSxbgDXpLwFDyzgG8Ey8r6A3qwtCnLYwN4gRyRFC,2024-09-29T15:38:00,0.0765731782758421,3.001441558676783,0.4609534942209873
4CejUSxbgDXpLwFDyzgG8Ey8r6A3qwtCnLYwN4gRyRFC,2024-09-29T15:38:00,0.0765731782758421,3.001441558676783,0.4609534942209873
4CejUSxbgDXpLwFDyzgG8Ey8r6A3qwtCnLYwN4gRyRFC,2024-09-29T15:38:00,0.0765731782758421,3.001441558676783,0.4609534942209873
4CejUSxbgDXpLwFDyzgG8Ey8r6A3qwtCnLYwN4gRyRFC,2024-09-29T15:38:00,0.0765731782758421,3.001441558676783,0.4609534942209873
4CejUSxbgDXpLwFDyzgG8Ey8r6A3qwtCnLYwN4gRyRFC,2024-09-29T15:48:00,0.057192331388721505,3.001441558676783,0.43675377062932713
4CejUSxbgDXpLwFDyzgG8Ey8r6A3qwtCnLYwN4gRyRFC,2024-09-29T15:49:00,0.07277954693196916,3.001441558676783,0.40992680363107076
4CejUSxbgDXpLwFDyzgG8Ey8r6A3qwtCnLYwN4gRyRFC,2024-09-29T15:50:00,0.06218480219408102,3.001441558676783,0.37891228527680715
4CejUSxbgDXpLwFDyzgG8Ey8r6A3qwtCnLYwN4gRyRFC,2024-09-29T15:50:00,0.06218480219408102,3.001441558676783,0.37891228527680715
4CejUSxbgDXpLwFDyzgG8Ey8r6A3qwtCnLYwN4gRyRFC,2024-09-29T15:50:00,0.06218480219408102,3.001441558676783,0.37891228527680715
4CejUSxbgDXpLwFDyzgG8Ey8r6A3qwtCnLYwN4gRyRFC,2024-09-29T15:50:00,0.06218480219408102,3.001441558676783,0.37891228527680715
4CejUSxbgDXpLwFDyzgG8Ey8r6A3qwtCnLYwN4gRyRFC,2024-09-29T15:50:00,0.06218480219408102,3.001441558676783,0.37891228527680715
4CejUSxbgDXpLwFDyzgG8Ey8r6A3qwtCnLYwN4gRyRFC,2024-09-29T15:50:00,0.06218480219408102,3.001441558676783,0.37891228527680715
4CejUSxbgDXpLwFDyzgG8Ey8r6A3qwtCnLYwN4gRyRFC,2024-09-29T15:50:00,0.06218480219408102,3.001441558676783,0.37891228527680715
4CejUSxbgDXpLwFDyzgG8Ey8r6A3qwtCnLYwN4gRyRFC,2024-09-29T15:50:00,0.06218480219408102,3.001441558676783,0.37891228527680715
nrq7aErKK5bHyVFMCKaoTXFHbq4oC9N6vsn1cLG3wHi,2024-09-29T13:58:00,0.04392594054107531,10.165831125227479,0.2504409279242419
nrq7aErKK5bHyVFMCKaoTXFHbq4oC9N6vsn1cLG3wHi,2024-09-29T13:58:00,0.04392594054107531,10.165831125227479,0.2504409279242419
nrq7aErKK5bHyVFMCKaoTXFHbq4oC9N6vsn1cLG3wHi,2024-09-29T13:58:00,0.04392594054107531,10.165831125227479,0.2504409279242419
nrq7aErKK5bHyVFMCKaoTXFHbq4oC9N6vsn1cLG3wHi,2024-09-29T13:58:00,0.04392594054107531,10.165831125227479,0.2504409279242419
nrq7aErKK5bHyVFMCKaoTXFHbq4oC9N6vsn1cLG3wHi,2024-09-29T13:58:00,0.04392594054107531,10.165831125227479,0.2504409279242419
nrq7aErKK5bHyVFMCKaoTXFHbq4oC9N6vsn1cLG3wHi,2024-09-29T13:58:00,0.04392594054107531,10.165831125227479,0.2504409279242419
nrq7aErKK5bHyVFMCKaoTXFHbq4oC9N6vsn1cLG3wHi,2024-09-29T13:58:00,0.04392594054107531,10.165831125227479,0.2504409279242419
nrq7aErKK5bHyVFMCKaoTXFHbq4oC9N6vsn1cLG3wHi,2024-09-29T13:58:00,0.04392594054107531,10.165831125227479,0.2504409279242419
nrq7aErKK5bHyVFMCKaoTXFHbq4oC9N6vsn1cLG3wHi,2024-09-29T13:58:00,0.04392594054107531,10.165831125227479,0.2504409279242419
nrq7aErKK5bHyVFMCKaoTXFHbq4oC9N6vsn1cLG3wHi,2024-09-29T13:58:00,0.04392594054107531,10.165831125227479,0.2504409279242419
nrq7aErKK5bHyVFMCKaoTXFHbq4oC9N6vsn1cLG3wHi,2024-09-29T13:58:00,0.04392594054107531,10.165831125227479,0.2504409279242419
nrq7aErKK5bHyVFMCKaoTXFHbq4oC9N6vsn1cLG3wHi,2024-09-29T13:58:00,0.04392594054107531,10.165831125227479,0.2504409279242419
nrq7aErKK5bHyVFMCKaoTXFHbq4oC9N6vsn1cLG3wHi,2024-09-29T13:58:00,0.04392594054107531,10.165831125227479,0.2504409279242419
nrq7aErKK5bHyVFMCKaoTXFHbq4oC9N6vsn1cLG3wHi,2024-09-29T13:58:00,0.04392594054107531,10.165831125227479,0.2504409279242419
nrq7aErKK5bHyVFMCKaoTXFHbq4oC9N6vsn1cLG3wHi,2024-09-29T13:58:00,0.04392594054107531,10.165831125227479,0.2504409279242419
nrq7aErKK5bHyVFMCKaoTXFHbq4oC9N6vsn1cLG3wHi,2024-09-29T13:58:00,0.04392594054107531,10.165831125227479,0.2504409279242419
nrq7aErKK5bHyVFMCKaoTXFHbq4oC9N6vsn1cLG3wHi,2024-09-29T13:58:00,0.04392594054107531,10.165831125227479,0.2504409279242419
nrq7aErKK5bHyVFMCKaoTXFHbq4oC9N6vsn1cLG3wHi,2024-09-29T13:58:00,0.04392594054107531,10.165831125227479,0.2504409279242419
nrq7aErKK5bHyVFMCKaoTXFHbq4oC9N6vsn1cLG3wHi,2024-09-29T13:58:00,0.04392594054107531,10.165831125227479,0.2504409279242419
nrq7aErKK5bHyVFMCKaoTXFHbq4oC9N6vsn1cLG3wHi,2024-09-29T13:58:00,0.04392594054107531,10.165831125227479,0.2504409279242419
nrq7aErKK5bHyVFMCKaoTXFHbq4oC9N6vsn1cLG3wHi,2024-09-29T13:58:00,0.04392594054107531,10.165831125227479,0.2504409279242419
nrq7aErKK5bHyVFMCKaoTXFHbq4oC9N6vsn1cLG3wHi,2024-09-29T13:58:00,0.04392594054107531,10.165831125227479,0.2504409279242419
nrq7aErKK5bHyVFMCKaoTXFHbq4oC9N6vsn1cLG3wHi,2024-09-29T13:58:00,0.04392594054107531,10.165831125227479,0.2504409279242419
nrq7aErKK5bHyVFMCKaoTXFHbq4oC9N6vsn1cLG3wHi,2024-09-29T13:58:00,0.04392594054107531,10.165831125227479,0.2504409279242419
nrq7aErKK5bHyVFMCKaoTXFHbq4oC9N6vsn1cLG3wHi,2024-09-29T13:58:00,0.04392594054107531,10.165831125227479,0.2504409279242419
nrq7aErKK5bHyVFMCKaoTXFHbq4oC9N6vsn1cLG3wHi,2024-09-29T13:58:00,0.04392594054107531,10.165831125227479,0.2504409279242419
nrq7aErKK5bHyVFMCKaoTXFHbq4oC9N6vsn1cLG3wHi,2024-09-29T13:58:00,0.04392594054107531,10.165831125227479,0.2504409279242419
nrq7aErKK5bHyVFMCKaoTXFHbq4oC9N6vsn1cLG3wHi,2024-09-29T13:58:00,0.04392594054107531,10.165831125227479,0.2504409279242419
nrq7aErKK5bHyVFMCKaoTXFHbq4oC9N6vsn1cLG3wHi,2024-09-29T13:58:00,0.04392594054107531,10.165831125227479,0.2504409279242419
nrq7aErKK5bHyVFMCKaoTXFHbq4oC9N6vsn1cLG3wHi,2024-09-29T13:58:00,0.04392594054107531,10.165831125227479,0.2504409279242419
nrq7aErKK5bHyVFMCKaoTXFHbq4oC9N6vsn1cLG3wHi,2024-09-29T13:58:00,0.04392594054107531,10.165831125227479,0.2504409279242419
nrq7aErKK5bHyVFMCKaoTXFHbq4oC9N6vsn1cLG3wHi,2024-09-29T13:58:00,0.04392594054107531,10.165831125227479,0.2504409279242419
nrq7aErKK5bHyVFMCKaoTXFHbq4oC9N6vsn1cLG3wHi,2024-09-29T20:55:00,0.01299672737044688,10.165831125227479,3.61699954266315
nrq7aErKK5bHyVFMCKaoTXFHbq4oC9N6vsn1cLG3wHi,2024-09-29T20:55:00,0.01299672737044688,10.165831125227479,3.61699954266315
nrq7aErKK5bHyVFMCKaoTXFHbq4oC9N6vsn1cLG3wHi,2024-09-29T20:55:00,0.01299672737044688,10.165831125227479,3.61699954266315
nrq7aErKK5bHyVFMCKaoTXFHbq4oC9N6vsn1cLG3wHi,2024-09-29T20:55:00,0.01299672737044688,10.165831125227479,3.61699954266315
nrq7aErKK5bHyVFMCKaoTXFHbq4oC9N6vsn1cLG3wHi,2024-09-29T20:55:00,0.01299672737044688,10.165831125227479,3.61699954266315
nrq7aErKK5bHyVFMCKaoTXFHbq4oC9N6vsn1cLG3wHi,2024-09-29T20:55:00,0.01299672737044688,10.165831125227479,3.61699954266315
6bpjeELchA92GxGkpcb9EHX1mQA1EhW7uRL49oP8dgtw,2024-09-30T05:59:00,1.6692186238149616,1484.5347458976782,80.21554320619944
6bpjeELchA92GxGkpcb9EHX1mQA1EhW7uRL49oP8dgtw,2024-09-30T06:00:00,1.0979890285095104,1484.5347458976782,217.93833328431228
6bpjeELchA92GxGkpcb9EHX1mQA1EhW7uRL49oP8dgtw,2024-09-30T06:00:00,1.0979890285095104,1484.5347458976782,217.93833328431228
6bpjeELchA92GxGkpcb9EHX1mQA1EhW7uRL49oP8dgtw,2024-09-30T06:00:00,1.0979890285095104,1484.5347458976782,217.93833328431228
6bpjeELchA92GxGkpcb9EHX1mQA1EhW7uRL49oP8dgtw,2024-09-30T06:00:00,1.0979890285095104,1484.5347458976782,217.93833328431228
6bpjeELchA92GxGkpcb9EHX1mQA1EhW7uRL49oP8dgtw,2024-09-30T06:00:00,1.0979890285095104,1484.5347458976782,217.93833328431228
6bpjeELchA92GxGkpcb9EHX1mQA1EhW7uRL49oP8dgtw,2024-09-30T06:00:00,1.0979890285095104,1484.5347458976782,217.93833328431228
6bpjeELchA92GxGkpcb9EHX1mQA1EhW7uRL49oP8dgtw,2024-09-30T06:00:00,1.0979890285095104,1484.5347458976782,217.93833328431228
6bpjeELchA92GxGkpcb9EHX1mQA1EhW7uRL49oP8dgtw,2024-09-30T06:00:00,1.0979890285095104,1484.5347458976782,217.93833328431228
6bpjeELchA92GxGkpcb9EHX1mQA1EhW7uRL49oP8dgtw,2024-09-30T06:00:00,1.0979890285095104,1484.5347458976782,217.93833328431228
6bpjeELchA92GxGkpcb9EHX1mQA1EhW7uRL49oP8dgtw,2024-09-30T06:00:00,1.0979890285095104,1484.5347458976782,217.93833328431228
6bpjeELchA92GxGkpcb9EHX1mQA1EhW7uRL49oP8dgtw,2024-09-30T06:00:00,1.0979890285095104,1484.5347458976782,217.93833328431228
6bpjeELchA92GxGkpcb9EHX1mQA1EhW7uRL49oP8dgtw,2024-09-30T06:00:00,1.0979890285095104,1484.5347458976782,217.93833328431228
6bpjeELchA92GxGkpcb9EHX1mQA1EhW7uRL49oP8dgtw,2024-09-30T06:00:00,1.0979890285095104,1484.5347458976782,217.93833328431228
6bpjeELchA92GxGkpcb9EHX1mQA1EhW7uRL49oP8dgtw,2024-09-30T06:00:00,1.0979890285095104,1484.5347458976782,217.93833328431228
6bpjeELchA92GxGkpcb9EHX1mQA1EhW7uRL49oP8dgtw,2024-09-30T06:00:00,1.0979890285095104,1484.5347458976782,217.93833328431228
6bpjeELchA92GxGkpcb9EHX1mQA1EhW7uRL49oP8dgtw,2024-09-30T06:00:00,1.0979890285095104,1484.5347458976782,217.93833328431228
6bpjeELchA92GxGkpcb9EHX1mQA1EhW7uRL49oP8dgtw,2024-09-30T06:00:00,1.0979890285095104,1484.5347458976782,217.93833328431228
6bpjeELchA92GxGkpcb9EHX1mQA1EhW7uRL49oP8dgtw,2024-09-30T06:00:00,1.0979890285095104,1484.5347458976782,217.93833328431228
6bpjeELchA92GxGkpcb9EHX1mQA1EhW7uRL49oP8dgtw,2024-09-30T06:00:00,1.0979890285095104,1484.5347458976782,217.93833328431228
6bpjeELchA92GxGkpcb9EHX1mQA1EhW7uRL49oP8dgtw,2024-09-30T06:00:00,1.0979890285095104,1484.5347458976782,217.93833328431228
6bpjeELchA92GxGkpcb9EHX1mQA1EhW7uRL49oP8dgtw,2024-09-30T06:00:00,1.0979890285095104,1484.5347458976782,217.93833328431228
6bpjeELchA92GxGkpcb9EHX1mQA1EhW7uRL49oP8dgtw,2024-09-30T06:00:00,1.0979890285095104,1484.5347458976782,217.93833328431228
6bpjeELchA92GxGkpcb9EHX1mQA1EhW7uRL49oP8dgtw,2024-09-30T06:00:00,1.0979890285095104,1484.5347458976782,217.93833328431228
6bpjeELchA92GxGkpcb9EHX1mQA1EhW7uRL49oP8dgtw,2024-09-30T06:00:00,1.0979890285095104,1484.5347458976782,217.93833328431228
6bpjeELchA92GxGkpcb9EHX1mQA1EhW7uRL49oP8dgtw,2024-09-30T06:00:00,1.0979890285095104,1484.5347458976782,217.93833328431228
6bpjeELchA92GxGkpcb9EHX1mQA1EhW7uRL49oP8dgtw,2024-09-30T06:00:00,1.0979890285095104,1484.5347458976782,217.93833328431228
6bpjeELchA92GxGkpcb9EHX1mQA1EhW7uRL49oP8dgtw,2024-09-30T06:00:00,1.0979890285095104,1484.5347458976782,217.93833328431228
6bpjeELchA92GxGkpcb9EHX1mQA1EhW7uRL49oP8dgtw,2024-09-30T06:00:00,1.0979890285095104,1484.5347458976782,217.93833328431228
6bpjeELchA92GxGkpcb9EHX1mQA1EhW7uRL49oP8dgtw,2024-09-30T06:00:00,1.0979890285095104,1484.5347458976782,217.93833328431228
6bpjeELchA92GxGkpcb9EHX1mQA1EhW7uRL49oP8dgtw,2024-09-30T06:00:00,1.0979890285095104,1484.5347458976782,217.93833328431228
6bpjeELchA92GxGkpcb9EHX1mQA1EhW7uRL49oP8dgtw,2024-09-30T06:00:00,1.0979890285095104,1484.5347458976782,217.93833328431228
6bpjeELchA92GxGkpcb9EHX1mQA1EhW7uRL49oP8dgtw,2024-09-30T06:00:00,1.0979890285095104,1484.5347458976782,217.93833328431228
6bpjeELchA92GxGkpcb9EHX1mQA1EhW7uRL49oP8dgtw,2024-09-30T06:00:00,1.0979890285095104,1484.5347458976782,217.93833328431228
6bpjeELchA92GxGkpcb9EHX1mQA1EhW7uRL49oP8dgtw,2024-09-30T06:00:00,1.0979890285095104,1484.5347458976782,217.93833328431228
6bpjeELchA92GxGkpcb9EHX1mQA1EhW7uRL49oP8dgtw,2024-09-30T06:00:00,1.0979890285095104,1484.5347458976782,217.93833328431228
6bpjeELchA92GxGkpcb9EHX1mQA1EhW7uRL49oP8dgtw,2024-09-30T06:00:00,1.0979890285095104,1484.5347458976782,217.93833328431228
6bpjeELchA92GxGkpcb9EHX1mQA1EhW7uRL49oP8dgtw,2024-09-30T06:00:00,1.0979890285095104,1484.5347458976782,217.93833328431228
6bpjeELchA92GxGkpcb9EHX1mQA1EhW7uRL49oP8dgtw,2024-09-30T06:00:00,1.0979890285095104,1484.5347458976782,217.93833328431228
6bpjeELchA92GxGkpcb9EHX1mQA1EhW7uRL49oP8dgtw,2024-09-30T06:00:00,1.0979890285095104,1484.5347458976782,217.93833328431228
6bpjeELchA92GxGkpcb9EHX1mQA1EhW7uRL49oP8dgtw,2024-09-30T06:00:00,1.0979890285095104,1484.5347458976782,217.93833328431228
6bpjeELchA92GxGkpcb9EHX1mQA1EhW7uRL49oP8dgtw,2024-09-30T06:00:00,1.0979890285095104,1484.5347458976782,217.93833328431228
6bpjeELchA92GxGkpcb9EHX1mQA1EhW7uRL49oP8dgtw,2024-09-30T06:00:00,1.0979890285095104,1484.5347458976782,217.93833328431228
6bpjeELchA92GxGkpcb9EHX1mQA1EhW7uRL49oP8dgtw,2024-09-30T06:00:00,1.0979890285095104,1484.5347458976782,217.93833328431228
6bpjeELchA92GxGkpcb9EHX1mQA1EhW7uRL49oP8dgtw,2024-09-30T06:00:00,1.0979890285095104,1484.5347458976782,217.93833328431228
6bpjeELchA92GxGkpcb9EHX1mQA1EhW7uRL49oP8dgtw,2024-09-30T06:00:00,1.0979890285095104,1484.5347458976782,217.93833328431228
6bpjeELchA92GxGkpcb9EHX1mQA1EhW7uRL49oP8dgtw,2024-09-30T06:00:00,1.0979890285095104,1484.5347458976782,217.93833328431228
6bpjeELchA92GxGkpcb9EHX1mQA1EhW7uRL49oP8dgtw,2024-09-30T06:00:00,1.0979890285095104,1484.5347458976782,217.93833328431228
6bpjeELchA92GxGkpcb9EHX1mQA1EhW7uRL49oP8dgtw,2024-09-30T06:00:00,1.0979890285095104,1484.5347458976782,217.93833328431228
6bpjeELchA92GxGkpcb9EHX1mQA1EhW7uRL49oP8dgtw,2024-09-30T06:00:00,1.0979890285095104,1484.5347458976782,217.93833328431228
6bpjeELchA92GxGkpcb9EHX1mQA1EhW7uRL49oP8dgtw,2024-09-30T06:00:00,1.0979890285095104,1484.5347458976782,217.93833328431228
6bpjeELchA92GxGkpcb9EHX1mQA1EhW7uRL49oP8dgtw,2024-09-30T06:00:00,1.0979890285095104,1484.5347458976782,217.93833328431228
6bpjeELchA92GxGkpcb9EHX1mQA1EhW7uRL49oP8dgtw,2024-09-30T06:00:00,1.0979890285095104,1484.5347458976782,217.93833328431228
6bpjeELchA92GxGkpcb9EHX1mQA1EhW7uRL49oP8dgtw,2024-09-30T06:00:00,1.0979890285095104,1484.5347458976782,217.93833328431228
6bpjeELchA92GxGkpcb9EHX1mQA1EhW7uRL49oP8dgtw,2024-09-30T06:00:00,1.0979890285095104,1484.5347458976782,217.93833328431228
6bpjeELchA92GxGkpcb9EHX1mQA1EhW7uRL49oP8dgtw,2024-09-30T06:00:00,1.0979890285095104,1484.5347458976782,217.93833328431228
6bpjeELchA92GxGkpcb9EHX1mQA1EhW7uRL49oP8dgtw,2024-09-30T06:00:00,1.0979890285095104,1484.5347458976782,217.93833328431228
6bpjeELchA92GxGkpcb9EHX1mQA1EhW7uRL49oP8dgtw,2024-09-30T06:00:00,1.0979890285095104,1484.5347458976782,217.93833328431228
6bpjeELchA92GxGkpcb9EHX1mQA1EhW7uRL49oP8dgtw,2024-09-30T06:00:00,1.0979890285095104,1484.5347458976782,217.93833328431228
4j2gUEmfbSAacvSSd6yXo8yEzXCAUVeoXrqLVV3apump,2024-09-29T19:24:00,0.1333989525491594,75.08194403172244,0.4323224782457458
4j2gUEmfbSAacvSSd6yXo8yEzXCAUVeoXrqLVV3apump,2024-09-29T19:24:00,0.1333989525491594,75.08194403172244,0.4323224782457458
4j2gUEmfbSAacvSSd6yXo8yEzXCAUVeoXrqLVV3apump,2024-09-29T19:24:00,0.1333989525491594,75.08194403172244,0.4323224782457458
4j2gUEmfbSAacvSSd6yXo8yEzXCAUVeoXrqLVV3apump,2024-09-29T19:24:00,0.1333989525491594,75.08194403172244,0.4323224782457458
4j2gUEmfbSAacvSSd6yXo8yEzXCAUVeoXrqLVV3apump,2024-09-29T19:24:00,0.1333989525491594,75.08194403172244,0.4323224782457458
4j2gUEmfbSAacvSSd6yXo8yEzXCAUVeoXrqLVV3apump,2024-09-29T19:24:00,0.1333989525491594,75.08194403172244,0.4323224782457458
4j2gUEmfbSAacvSSd6yXo8yEzXCAUVeoXrqLVV3apump,2024-09-29T19:24:00,0.1333989525491594,75.08194403172244,0.4323224782457458
4j2gUEmfbSAacvSSd6yXo8yEzXCAUVeoXrqLVV3apump,2024-09-29T19:24:00,0.1333989525491594,75.08194403172244,0.4323224782457458
4j2gUEmfbSAacvSSd6yXo8yEzXCAUVeoXrqLVV3apump,2024-09-29T19:40:00,0.1829232975767285,75.08194403172244,0.2716310001164894
4j2gUEmfbSAacvSSd6yXo8yEzXCAUVeoXrqLVV3apump,2024-09-29T19:41:00,0.16534799183791452,75.08194403172244,0.4990120327488295
4j2gUEmfbSAacvSSd6yXo8yEzXCAUVeoXrqLVV3apump,2024-09-29T19:41:00,0.16534799183791452,75.08194403172244,0.4990120327488295
DFwxYdmfLJsPTyrNJCapGadF58Y74e2TFpVAyhbgpump,2024-09-28T14:02:00,0.270131530734619,0.33932404203865335,1.8527661282975905
DFwxYdmfLJsPTyrNJCapGadF58Y74e2TFpVAyhbgpump,2024-09-28T14:02:00,0.270131530734619,0.33932404203865335,1.8527661282975905
DFwxYdmfLJsPTyrNJCapGadF58Y74e2TFpVAyhbgpump,2024-09-28T14:02:00,0.270131530734619,0.33932404203865335,1.8527661282975905
DFwxYdmfLJsPTyrNJCapGadF58Y74e2TFpVAyhbgpump,2024-09-28T14:02:00,0.270131530734619,0.33932404203865335,1.8527661282975905
DFwxYdmfLJsPTyrNJCapGadF58Y74e2TFpVAyhbgpump,2024-09-28T14:02:00,0.270131530734619,0.33932404203865335,1.8527661282975905
DFwxYdmfLJsPTyrNJCapGadF58Y74e2TFpVAyhbgpump,2024-09-28T14:02:00,0.270131530734619,0.33932404203865335,1.8527661282975905
DFwxYdmfLJsPTyrNJCapGadF58Y74e2TFpVAyhbgpump,2024-09-28T14:02:00,0.270131530734619,0.33932404203865335,1.8527661282975905
DFwxYdmfLJsPTyrNJCapGadF58Y74e2TFpVAyhbgpump,2024-09-28T14:02:00,0.270131530734619,0.33932404203865335,1.8527661282975905
mTEAro5WhhxUvAXmyK5yr1VQhkTRBZHhRQXS1ZTpump,2024-09-24T05:42:00,0.06157391285283451,1.0483959393205968,0.9178134430880732
mTEAro5WhhxUvAXmyK5yr1VQhkTRBZHhRQXS1ZTpump,2024-09-24T05:43:00,0.11303064752362982,1.0483959393205968,0.7562184270584663
mTEAro5WhhxUvAXmyK5yr1VQhkTRBZHhRQXS1ZTpump,2024-09-24T05:44:00,0.07519779379192687,1.0483959393205968,0.6122274095732623
mTEAro5WhhxUvAXmyK5yr1VQhkTRBZHhRQXS1ZTpump,2024-09-24T05:45:00,0.031479886424358484,1.0483959393205968,0.7402185931097717
mTEAro5WhhxUvAXmyK5yr1VQhkTRBZHhRQXS1ZTpump,2024-09-24T05:46:00,0.03562860507511604,1.0483959393205968,1.0247008896379495
mTEAro5WhhxUvAXmyK5yr1VQhkTRBZHhRQXS1ZTpump,2024-09-24T05:47:00,0.0375910619812619,1.0483959393205968,1.1600724998119858
mTEAro5WhhxUvAXmyK5yr1VQhkTRBZHhRQXS1ZTpump,2024-09-24T05:47:00,0.0375910619812619,1.0483959393205968,1.1600724998119858
mTEAro5WhhxUvAXmyK5yr1VQhkTRBZHhRQXS1ZTpump,2024-09-24T05:47:00,0.0375910619812619,1.0483959393205968,1.1600724998119858
mTEAro5WhhxUvAXmyK5yr1VQhkTRBZHhRQXS1ZTpump,2024-09-24T05:47:00,0.0375910619812619,1.0483959393205968,1.1600724998119858
mTEAro5WhhxUvAXmyK5yr1VQhkTRBZHhRQXS1ZTpump,2024-09-24T05:47:00,0.0375910619812619,1.0483959393205968,1.1600724998119858
mTEAro5WhhxUvAXmyK5yr1VQhkTRBZHhRQXS1ZTpump,2024-09-24T05:52:00,0.22218390289812864,1.0483959393205968,1.1806194265803458
mTEAro5WhhxUvAXmyK5yr1VQhkTRBZHhRQXS1ZTpump,2024-09-24T05:53:00,0.1183336986561756,1.0483959393205968,0.9051415512588816
mTEAro5WhhxUvAXmyK5yr1VQhkTRBZHhRQXS1ZTpump,2024-09-24T05:53:00,0.1183336986561756,1.0483959393205968,0.9051415512588816
mTEAro5WhhxUvAXmyK5yr1VQhkTRBZHhRQXS1ZTpump,2024-09-24T05:53:00,0.1183336986561756,1.0483959393205968,0.9051415512588816
mTEAro5WhhxUvAXmyK5yr1VQhkTRBZHhRQXS1ZTpump,2024-09-24T05:56:00,0.1281238192994382,1.0483959393205968,0.34733319481905717
mTEAro5WhhxUvAXmyK5yr1VQhkTRBZHhRQXS1ZTpump,2024-09-24T05:56:00,0.1281238192994382,1.0483959393205968,0.34733319481905717
mTEAro5WhhxUvAXmyK5yr1VQhkTRBZHhRQXS1ZTpump,2024-09-24T05:58:00,0.05630780166585099,1.0483959393205968,0.2450276283420261
mTEAro5WhhxUvAXmyK5yr1VQhkTRBZHhRQXS1ZTpump,2024-09-24T05:58:00,0.05630780166585099,1.0483959393205968,0.2450276283420261
mTEAro5WhhxUvAXmyK5yr1VQhkTRBZHhRQXS1ZTpump,2024-09-24T05:58:00,0.05630780166585099,1.0483959393205968,0.2450276283420261
mTEAro5WhhxUvAXmyK5yr1VQhkTRBZHhRQXS1ZTpump,2024-09-24T05:58:00,0.05630780166585099,1.0483959393205968,0.2450276283420261
mTEAro5WhhxUvAXmyK5yr1VQhkTRBZHhRQXS1ZTpump,2024-09-24T05:58:00,0.05630780166585099,1.0483959393205968,0.2450276283420261
mTEAro5WhhxUvAXmyK5yr1VQhkTRBZHhRQXS1ZTpump,2024-09-24T06:03:00,0.17456771381815359,1.0483959393205968,0.2664833688587984
mTEAro5WhhxUvAXmyK5yr1VQhkTRBZHhRQXS1ZTpump,2024-09-24T06:03:00,0.17456771381815359,1.0483959393205968,0.2664833688587984
mTEAro5WhhxUvAXmyK5yr1VQhkTRBZHhRQXS1ZTpump,2024-09-24T06:03:00,0.17456771381815359,1.0483959393205968,0.2664833688587984
mTEAro5WhhxUvAXmyK5yr1VQhkTRBZHhRQXS1ZTpump,2024-09-24T06:03:00,0.17456771381815359,1.0483959393205968,0.2664833688587984
mTEAro5WhhxUvAXmyK5yr1VQhkTRBZHhRQXS1ZTpump,2024-09-24T06:03:00,0.17456771381815359,1.0483959393205968,0.2664833688587984
mTEAro5WhhxUvAXmyK5yr1VQhkTRBZHhRQXS1ZTpump,2024-09-24T06:03:00,0.17456771381815359,1.0483959393205968,0.2664833688587984
mTEAro5WhhxUvAXmyK5yr1VQhkTRBZHhRQXS1ZTpump,2024-09-24T06:03:00,0.17456771381815359,1.0483959393205968,0.2664833688587984
mTEAro5WhhxUvAXmyK5yr1VQhkTRBZHhRQXS1ZTpump,2024-09-24T06:03:00,0.17456771381815359,1.0483959393205968,0.2664833688587984
mTEAro5WhhxUvAXmyK5yr1VQhkTRBZHhRQXS1ZTpump,2024-09-24T06:03:00,0.17456771381815359,1.0483959393205968,0.2664833688587984
mTEAro5WhhxUvAXmyK5yr1VQhkTRBZHhRQXS1ZTpump,2024-09-24T06:03:00,0.17456771381815359,1.0483959393205968,0.2664833688587984
mTEAro5WhhxUvAXmyK5yr1VQhkTRBZHhRQXS1ZTpump,2024-09-24T06:03:00,0.17456771381815359,1.0483959393205968,0.2664833688587984
mTEAro5WhhxUvAXmyK5yr1VQhkTRBZHhRQXS1ZTpump,2024-09-24T06:03:00,0.17456771381815359,1.0483959393205968,0.2664833688587984
mTEAro5WhhxUvAXmyK5yr1VQhkTRBZHhRQXS1ZTpump,2024-09-24T06:03:00,0.17456771381815359,1.0483959393205968,0.2664833688587984
mTEAro5WhhxUvAXmyK5yr1VQhkTRBZHhRQXS1ZTpump,2024-09-24T06:03:00,0.17456771381815359,1.0483959393205968,0.2664833688587984
mTEAro5WhhxUvAXmyK5yr1VQhkTRBZHhRQXS1ZTpump,2024-09-24T06:03:00,0.17456771381815359,1.0483959393205968,0.2664833688587984
mTEAro5WhhxUvAXmyK5yr1VQhkTRBZHhRQXS1ZTpump,2024-09-24T06:03:00,0.17456771381815359,1.0483959393205968,0.2664833688587984
mTEAro5WhhxUvAXmyK5yr1VQhkTRBZHhRQXS1ZTpump,2024-09-24T11:27:00,0.029815185568336875,1.0483959393205968,0.49073273213298507
mTEAro5WhhxUvAXmyK5yr1VQhkTRBZHhRQXS1ZTpump,2024-09-24T11:28:00,0.04191154843185324,1.0483959393205968,0.39388549257941763
mTEAro5WhhxUvAXmyK5yr1VQhkTRBZHhRQXS1ZTpump,2024-09-24T11:29:00,0.07001330623162393,1.0483959393205968,0.5516645855854696
mTEAro5WhhxUvAXmyK5yr1VQhkTRBZHhRQXS1ZTpump,2024-09-24T11:30:00,0.054878713133368326,1.0483959393205968,0.3034083450208626
mTEAro5WhhxUvAXmyK5yr1VQhkTRBZHhRQXS1ZTpump,2024-09-24T11:30:00,0.054878713133368326,1.0483959393205968,0.3034083450208626
mTEAro5WhhxUvAXmyK5yr1VQhkTRBZHhRQXS1ZTpump,2024-09-24T11:30:00,0.054878713133368326,1.0483959393205968,0.3034083450208626
mTEAro5WhhxUvAXmyK5yr1VQhkTRBZHhRQXS1ZTpump,2024-09-24T11:30:00,0.054878713133368326,1.0483959393205968,0.3034083450208626
mTEAro5WhhxUvAXmyK5yr1VQhkTRBZHhRQXS1ZTpump,2024-09-24T11:30:00,0.054878713133368326,1.0483959393205968,0.3034083450208626
mTEAro5WhhxUvAXmyK5yr1VQhkTRBZHhRQXS1ZTpump,2024-09-24T11:30:00,0.054878713133368326,1.0483959393205968,0.3034083450208626
mTEAro5WhhxUvAXmyK5yr1VQhkTRBZHhRQXS1ZTpump,2024-09-24T11:30:00,0.054878713133368326,1.0483959393205968,0.3034083450208626
mTEAro5WhhxUvAXmyK5yr1VQhkTRBZHhRQXS1ZTpump,2024-09-24T11:30:00,0.054878713133368326,1.0483959393205968,0.3034083450208626
mTEAro5WhhxUvAXmyK5yr1VQhkTRBZHhRQXS1ZTpump,2024-09-24T11:30:00,0.054878713133368326,1.0483959393205968,0.3034083450208626
mTEAro5WhhxUvAXmyK5yr1VQhkTRBZHhRQXS1ZTpump,2024-09-24T11:30:00,0.054878713133368326,1.0483959393205968,0.3034083450208626
mTEAro5WhhxUvAXmyK5yr1VQhkTRBZHhRQXS1ZTpump,2024-09-24T11:30:00,0.054878713133368326,1.0483959393205968,0.3034083450208626
mTEAro5WhhxUvAXmyK5yr1VQhkTRBZHhRQXS1ZTpump,2024-09-24T11:30:00,0.054878713133368326,1.0483959393205968,0.3034083450208626
mTEAro5WhhxUvAXmyK5yr1VQhkTRBZHhRQXS1ZTpump,2024-09-24T11:30:00,0.054878713133368326,1.0483959393205968,0.3034083450208626
mTEAro5WhhxUvAXmyK5yr1VQhkTRBZHhRQXS1ZTpump,2024-09-24T11:30:00,0.054878713133368326,1.0483959393205968,0.3034083450208626
mTEAro5WhhxUvAXmyK5yr1VQhkTRBZHhRQXS1ZTpump,2024-09-24T11:30:00,0.054878713133368326,1.0483959393205968,0.3034083450208626
mTEAro5WhhxUvAXmyK5yr1VQhkTRBZHhRQXS1ZTpump,2024-09-24T11:30:00,0.054878713133368326,1.0483959393205968,0.3034083450208626
mTEAro5WhhxUvAXmyK5yr1VQhkTRBZHhRQXS1ZTpump,2024-09-24T11:30:00,0.054878713133368326,1.0483959393205968,0.3034083450208626
mTEAro5WhhxUvAXmyK5yr1VQhkTRBZHhRQXS1ZTpump,2024-09-24T11:30:00,0.054878713133368326,1.0483959393205968,0.3034083450208626
mTEAro5WhhxUvAXmyK5yr1VQhkTRBZHhRQXS1ZTpump,2024-09-24T11:30:00,0.054878713133368326,1.0483959393205968,0.3034083450208626
mTEAro5WhhxUvAXmyK5yr1VQhkTRBZHhRQXS1ZTpump,2024-09-24T11:30:00,0.054878713133368326,1.0483959393205968,0.3034083450208626
mTEAro5WhhxUvAXmyK5yr1VQhkTRBZHhRQXS1ZTpump,2024-09-24T11:30:00,0.054878713133368326,1.0483959393205968,0.3034083450208626
JCmiuEvazeTRhmL57NjjFedQYbQLYeRDDua9dSohpump,2024-09-26T03:58:00,0.012319177100067188,2.9171890700926917,0.5358981528312748
JCmiuEvazeTRhmL57NjjFedQYbQLYeRDDua9dSohpump,2024-09-26T03:59:00,0.1136094744799542,2.9171890700926917,0.9380879036662153
JCmiuEvazeTRhmL57NjjFedQYbQLYeRDDua9dSohpump,2024-09-26T03:59:00,0.1136094744799542,2.9171890700926917,0.9380879036662153
JCmiuEvazeTRhmL57NjjFedQYbQLYeRDDua9dSohpump,2024-09-26T03:59:00,0.1136094744799542,2.9171890700926917,0.9380879036662153
JCmiuEvazeTRhmL57NjjFedQYbQLYeRDDua9dSohpump,2024-09-26T03:59:00,0.1136094744799542,2.9171890700926917,0.9380879036662153
JCmiuEvazeTRhmL57NjjFedQYbQLYeRDDua9dSohpump,2024-09-26T06:01:00,0.13348202530055334,2.9171890700926917,0.8626327958375573
JCmiuEvazeTRhmL57NjjFedQYbQLYeRDDua9dSohpump,2024-09-26T06:02:00,0.13513808565321675,2.9171890700926917,0.7790170275173023
JCmiuEvazeTRhmL57NjjFedQYbQLYeRDDua9dSohpump,2024-09-26T06:03:00,0.10248871062306594,2.9171890700926917,0.9289321271926567
JCmiuEvazeTRhmL57NjjFedQYbQLYeRDDua9dSohpump,2024-09-26T06:03:00,0.10248871062306594,2.9171890700926917,0.9289321271926567
JCmiuEvazeTRhmL57NjjFedQYbQLYeRDDua9dSohpump,2024-09-26T06:03:00,0.10248871062306594,2.9171890700926917,0.9289321271926567
JCmiuEvazeTRhmL57NjjFedQYbQLYeRDDua9dSohpump,2024-09-26T06:03:00,0.10248871062306594,2.9171890700926917,0.9289321271926567
JCmiuEvazeTRhmL57NjjFedQYbQLYeRDDua9dSohpump,2024-09-26T06:03:00,0.10248871062306594,2.9171890700926917,0.9289321271926567
JCmiuEvazeTRhmL57NjjFedQYbQLYeRDDua9dSohpump,2024-09-26T06:03:00,0.10248871062306594,2.9171890700926917,0.9289321271926567
JCmiuEvazeTRhmL57NjjFedQYbQLYeRDDua9dSohpump,2024-09-26T06:03:00,0.10248871062306594,2.9171890700926917,0.9289321271926567
JCmiuEvazeTRhmL57NjjFedQYbQLYeRDDua9dSohpump,2024-09-26T06:03:00,0.10248871062306594,2.9171890700926917,0.9289321271926567
JCmiuEvazeTRhmL57NjjFedQYbQLYeRDDua9dSohpump,2024-09-26T06:03:00,0.10248871062306594,2.9171890700926917,0.9289321271926567
JCmiuEvazeTRhmL57NjjFedQYbQLYeRDDua9dSohpump,2024-09-26T06:03:00,0.10248871062306594,2.9171890700926917,0.9289321271926567
JCmiuEvazeTRhmL57NjjFedQYbQLYeRDDua9dSohpump,2024-09-26T06:03:00,0.10248871062306594,2.9171890700926917,0.9289321271926567
JCmiuEvazeTRhmL57NjjFedQYbQLYeRDDua9dSohpump,2024-09-26T06:03:00,0.10248871062306594,2.9171890700926917,0.9289321271926567
JCmiuEvazeTRhmL57NjjFedQYbQLYeRDDua9dSohpump,2024-09-26T06:03:00,0.10248871062306594,2.9171890700926917,0.9289321271926567
JCmiuEvazeTRhmL57NjjFedQYbQLYeRDDua9dSohpump,2024-09-26T06:03:00,0.10248871062306594,2.9171890700926917,0.9289321271926567
JCmiuEvazeTRhmL57NjjFedQYbQLYeRDDua9dSohpump,2024-09-26T06:03:00,0.10248871062306594,2.9171890700926917,0.9289321271926567
JCmiuEvazeTRhmL57NjjFedQYbQLYeRDDua9dSohpump,2024-09-26T06:03:00,0.10248871062306594,2.9171890700926917,0.9289321271926567
JCmiuEvazeTRhmL57NjjFedQYbQLYeRDDua9dSohpump,2024-09-26T06:03:00,0.10248871062306594,2.9171890700926917,0.9289321271926567
JCmiuEvazeTRhmL57NjjFedQYbQLYeRDDua9dSohpump,2024-09-26T06:03:00,0.10248871062306594,2.9171890700926917,0.9289321271926567
JCmiuEvazeTRhmL57NjjFedQYbQLYeRDDua9dSohpump,2024-09-26T06:03:00,0.10248871062306594,2.9171890700926917,0.9289321271926567
JCmiuEvazeTRhmL57NjjFedQYbQLYeRDDua9dSohpump,2024-09-26T06:03:00,0.10248871062306594,2.9171890700926917,0.9289321271926567
JCmiuEvazeTRhmL57NjjFedQYbQLYeRDDua9dSohpump,2024-09-26T06:03:00,0.10248871062306594,2.9171890700926917,0.9289321271926567
JCmiuEvazeTRhmL57NjjFedQYbQLYeRDDua9dSohpump,2024-09-26T06:03:00,0.10248871062306594,2.9171890700926917,0.9289321271926567
JCmiuEvazeTRhmL57NjjFedQYbQLYeRDDua9dSohpump,2024-09-26T06:03:00,0.10248871062306594,2.9171890700926917,0.9289321271926567
JCmiuEvazeTRhmL57NjjFedQYbQLYeRDDua9dSohpump,2024-09-26T06:03:00,0.10248871062306594,2.9171890700926917,0.9289321271926567
JCmiuEvazeTRhmL57NjjFedQYbQLYeRDDua9dSohpump,2024-09-26T06:03:00,0.10248871062306594,2.9171890700926917,0.9289321271926567
JCmiuEvazeTRhmL57NjjFedQYbQLYeRDDua9dSohpump,2024-09-26T06:03:00,0.10248871062306594,2.9171890700926917,0.9289321271926567
JCmiuEvazeTRhmL57NjjFedQYbQLYeRDDua9dSohpump,2024-09-26T06:03:00,0.10248871062306594,2.9171890700926917,0.9289321271926567
JCmiuEvazeTRhmL57NjjFedQYbQLYeRDDua9dSohpump,2024-09-26T06:03:00,0.10248871062306594,2.9171890700926917,0.9289321271926567
JCmiuEvazeTRhmL57NjjFedQYbQLYeRDDua9dSohpump,2024-09-26T06:03:00,0.10248871062306594,2.9171890700926917,0.9289321271926567
JCmiuEvazeTRhmL57NjjFedQYbQLYeRDDua9dSohpump,2024-09-26T06:03:00,0.10248871062306594,2.9171890700926917,0.9289321271926567
JCmiuEvazeTRhmL57NjjFedQYbQLYeRDDua9dSohpump,2024-09-26T16:01:00,0.18626097921970344,2.9171890700926917,1.665482910553785
JCmiuEvazeTRhmL57NjjFedQYbQLYeRDDua9dSohpump,2024-09-26T16:02:00,0.14592619974639184,2.9171890700926917,1.7416892811421698
JCmiuEvazeTRhmL57NjjFedQYbQLYeRDDua9dSohpump,2024-09-26T16:03:00,0.04262217905080283,2.9171890700926917,1.8345933412250228
JCmiuEvazeTRhmL57NjjFedQYbQLYeRDDua9dSohpump,2024-09-26T16:03:00,0.04262217905080283,2.9171890700926917,1.8345933412250228
JCmiuEvazeTRhmL57NjjFedQYbQLYeRDDua9dSohpump,2024-09-26T16:03:00,0.04262217905080283,2.9171890700926917,1.8345933412250228
JCmiuEvazeTRhmL57NjjFedQYbQLYeRDDua9dSohpump,2024-09-26T16:03:00,0.04262217905080283,2.9171890700926917,1.8345933412250228
JCmiuEvazeTRhmL57NjjFedQYbQLYeRDDua9dSohpump,2024-09-26T16:07:00,0.17272696065034288,2.9171890700926917,1.6837994024881346
JCmiuEvazeTRhmL57NjjFedQYbQLYeRDDua9dSohpump,2024-09-26T16:08:00,0.09180377587314273,2.9171890700926917,1.1978493891570157
JCmiuEvazeTRhmL57NjjFedQYbQLYeRDDua9dSohpump,2024-09-26T16:08:00,0.09180377587314273,2.9171890700926917,1.1978493891570157
JCmiuEvazeTRhmL57NjjFedQYbQLYeRDDua9dSohpump,2024-09-26T16:08:00,0.09180377587314273,2.9171890700926917,1.1978493891570157
JCmiuEvazeTRhmL57NjjFedQYbQLYeRDDua9dSohpump,2024-09-26T16:11:00,0.048995772547513236,2.9171890700926917,1.4310379628213283
JCmiuEvazeTRhmL57NjjFedQYbQLYeRDDua9dSohpump,2024-09-26T16:12:00,0.08039918001220894,2.9171890700926917,1.2814582964754784
JCmiuEvazeTRhmL57NjjFedQYbQLYeRDDua9dSohpump,2024-09-26T16:13:00,0.055108541122378306,2.9171890700926917,1.000910141501699
JCmiuEvazeTRhmL57NjjFedQYbQLYeRDDua9dSohpump,2024-09-26T16:14:00,0.027040535575554848,2.9171890700926917,0.8178814601285344
JCmiuEvazeTRhmL57NjjFedQYbQLYeRDDua9dSohpump,2024-09-26T16:15:00,0.03061212937489637,2.9171890700926917,0.4846158939570479
JCmiuEvazeTRhmL57NjjFedQYbQLYeRDDua9dSohpump,2024-09-26T16:16:00,0.0636759040657863,2.9171890700926917,0.5412204105460636
JCmiuEvazeTRhmL57NjjFedQYbQLYeRDDua9dSohpump,2024-09-26T16:17:00,0.08558552091671962,2.9171890700926917,0.6192034474997122
JCmiuEvazeTRhmL57NjjFedQYbQLYeRDDua9dSohpump,2024-09-26T16:18:00,0.07582928780942584,2.9171890700926917,1.3627137589153835
JCmiuEvazeTRhmL57NjjFedQYbQLYeRDDua9dSohpump,2024-09-26T16:18:00,0.07582928780942584,2.9171890700926917,1.3627137589153835
JCmiuEvazeTRhmL57NjjFedQYbQLYeRDDua9dSohpump,2024-09-26T16:18:00,0.07582928780942584,2.9171890700926917,1.3627137589153835
JCmiuEvazeTRhmL57NjjFedQYbQLYeRDDua9dSohpump,2024-09-26T16:18:00,0.07582928780942584,2.9171890700926917,1.3627137589153835
JCmiuEvazeTRhmL57NjjFedQYbQLYeRDDua9dSohpump,2024-09-26T16:18:00,0.07582928780942584,2.9171890700926917,1.3627137589153835
JCmiuEvazeTRhmL57NjjFedQYbQLYeRDDua9dSohpump,2024-09-26T16:18:00,0.07582928780942584,2.9171890700926917,1.3627137589153835
JCmiuEvazeTRhmL57NjjFedQYbQLYeRDDua9dSohpump,2024-09-26T16:18:00,0.07582928780942584,2.9171890700926917,1.3627137589153835
JCmiuEvazeTRhmL57NjjFedQYbQLYeRDDua9dSohpump,2024-09-26T16:18:00,0.07582928780942584,2.9171890700926917,1.3627137589153835
JCmiuEvazeTRhmL57NjjFedQYbQLYeRDDua9dSohpump,2024-09-26T16:18:00,0.07582928780942584,2.9171890700926917,1.3627137589153835
JCmiuEvazeTRhmL57NjjFedQYbQLYeRDDua9dSohpump,2024-09-26T16:18:00,0.07582928780942584,2.9171890700926917,1.3627137589153835
JCmiuEvazeTRhmL57NjjFedQYbQLYeRDDua9dSohpump,2024-09-26T16:18:00,0.07582928780942584,2.9171890700926917,1.3627137589153835
JCmiuEvazeTRhmL57NjjFedQYbQLYeRDDua9dSohpump,2024-09-26T16:18:00,0.07582928780942584,2.9171890700926917,1.3627137589153835
JCmiuEvazeTRhmL57NjjFedQYbQLYeRDDua9dSohpump,2024-09-26T16:18:00,0.07582928780942584,2.9171890700926917,1.3627137589153835
JCmiuEvazeTRhmL57NjjFedQYbQLYeRDDua9dSohpump,2024-09-26T16:18:00,0.07582928780942584,2.9171890700926917,1.3627137589153835
JCmiuEvazeTRhmL57NjjFedQYbQLYeRDDua9dSohpump,2024-09-26T16:18:00,0.07582928780942584,2.9171890700926917,1.3627137589153835
JCmiuEvazeTRhmL57NjjFedQYbQLYeRDDua9dSohpump,2024-09-26T16:18:00,0.07582928780942584,2.9171890700926917,1.3627137589153835
JCmiuEvazeTRhmL57NjjFedQYbQLYeRDDua9dSohpump,2024-09-26T16:34:00,0.018012256084672287,2.9171890700926917,0.16597682959816598
JCmiuEvazeTRhmL57NjjFedQYbQLYeRDDua9dSohpump,2024-09-26T16:35:00,0.02815042505227591,2.9171890700926917,0.24957072994621485
AqaMVjPS7sauunxejZf3fRUME7Dd5fevS4HdpZmVH52T,2024-10-01T05:54:00,1.728471407644906,645.1697889960411,146.1044762174323
AqaMVjPS7sauunxejZf3fRUME7Dd5fevS4HdpZmVH52T,2024-10-01T05:54:00,1.728471407644906,645.1697889960411,146.1044762174323
AqaMVjPS7sauunxejZf3fRUME7Dd5fevS4HdpZmVH52T,2024-10-01T05:54:00,1.728471407644906,645.1697889960411,146.1044762174323
AqaMVjPS7sauunxejZf3fRUME7Dd5fevS4HdpZmVH52T,2024-10-01T05:54:00,1.728471407644906,645.1697889960411,146.1044762174323
AqaMVjPS7sauunxejZf3fRUME7Dd5fevS4HdpZmVH52T,2024-10-01T05:54:00,1.728471407644906,645.1697889960411,146.1044762174323
AqaMVjPS7sauunxejZf3fRUME7Dd5fevS4HdpZmVH52T,2024-10-01T05:54:00,1.728471407644906,645.1697889960411,146.1044762174323
AqaMVjPS7sauunxejZf3fRUME7Dd5fevS4HdpZmVH52T,2024-10-01T05:54:00,1.728471407644906,645.1697889960411,146.1044762174323
AqaMVjPS7sauunxejZf3fRUME7Dd5fevS4HdpZmVH52T,2024-10-01T05:54:00,1.728471407644906,645.1697889960411,146.1044762174323
AqaMVjPS7sauunxejZf3fRUME7Dd5fevS4HdpZmVH52T,2024-10-01T05:54:00,1.728471407644906,645.1697889960411,146.1044762174323
AqaMVjPS7sauunxejZf3fRUME7Dd5fevS4HdpZmVH52T,2024-10-01T05:54:00,1.728471407644906,645.1697889960411,146.1044762174323
AqaMVjPS7sauunxejZf3fRUME7Dd5fevS4HdpZmVH52T,2024-10-01T05:54:00,1.728471407644906,645.1697889960411,146.1044762174323
AqaMVjPS7sauunxejZf3fRUME7Dd5fevS4HdpZmVH52T,2024-10-01T05:54:00,1.728471407644906,645.1697889960411,146.1044762174323
AqaMVjPS7sauunxejZf3fRUME7Dd5fevS4HdpZmVH52T,2024-10-01T05:54:00,1.728471407644906,645.1697889960411,146.1044762174323
AqaMVjPS7sauunxejZf3fRUME7Dd5fevS4HdpZmVH52T,2024-10-01T05:54:00,1.728471407644906,645.1697889960411,146.1044762174323
AqaMVjPS7sauunxejZf3fRUME7Dd5fevS4HdpZmVH52T,2024-10-01T05:54:00,1.728471407644906,645.1697889960411,146.1044762174323
AqaMVjPS7sauunxejZf3fRUME7Dd5fevS4HdpZmVH52T,2024-10-01T05:54:00,1.728471407644906,645.1697889960411,146.1044762174323
AqaMVjPS7sauunxejZf3fRUME7Dd5fevS4HdpZmVH52T,2024-10-01T05:54:00,1.728471407644906,645.1697889960411,146.1044762174323
AqaMVjPS7sauunxejZf3fRUME7Dd5fevS4HdpZmVH52T,2024-10-01T05:54:00,1.728471407644906,645.1697889960411,146.1044762174323
AqaMVjPS7sauunxejZf3fRUME7Dd5fevS4HdpZmVH52T,2024-10-01T05:54:00,1.728471407644906,645.1697889960411,146.1044762174323
AqaMVjPS7sauunxejZf3fRUME7Dd5fevS4HdpZmVH52T,2024-10-01T05:54:00,1.728471407644906,645.1697889960411,146.1044762174323
AqaMVjPS7sauunxejZf3fRUME7Dd5fevS4HdpZmVH52T,2024-10-01T05:54:00,1.728471407644906,645.1697889960411,146.1044762174323
AqaMVjPS7sauunxejZf3fRUME7Dd5fevS4HdpZmVH52T,2024-10-01T05:54:00,1.728471407644906,645.1697889960411,146.1044762174323
AqaMVjPS7sauunxejZf3fRUME7Dd5fevS4HdpZmVH52T,2024-10-01T05:54:00,1.728471407644906,645.1697889960411,146.1044762174323
AqaMVjPS7sauunxejZf3fRUME7Dd5fevS4HdpZmVH52T,2024-10-01T05:54:00,1.728471407644906,645.1697889960411,146.1044762174323
AqaMVjPS7sauunxejZf3fRUME7Dd5fevS4HdpZmVH52T,2024-10-01T05:54:00,1.728471407644906,645.1697889960411,146.1044762174323
AqaMVjPS7sauunxejZf3fRUME7Dd5fevS4HdpZmVH52T,2024-10-01T05:54:00,1.728471407644906,645.1697889960411,146.1044762174323
AqaMVjPS7sauunxejZf3fRUME7Dd5fevS4HdpZmVH52T,2024-10-01T05:54:00,1.728471407644906,645.1697889960411,146.1044762174323
AqaMVjPS7sauunxejZf3fRUME7Dd5fevS4HdpZmVH52T,2024-10-01T05:54:00,1.728471407644906,645.1697889960411,146.1044762174323
AqaMVjPS7sauunxejZf3fRUME7Dd5fevS4HdpZmVH52T,2024-10-01T05:54:00,1.728471407644906,645.1697889960411,146.1044762174323
AqaMVjPS7sauunxejZf3fRUME7Dd5fevS4HdpZmVH52T,2024-10-01T05:54:00,1.728471407644906,645.1697889960411,146.1044762174323
AqaMVjPS7sauunxejZf3fRUME7Dd5fevS4HdpZmVH52T,2024-10-01T05:54:00,1.728471407644906,645.1697889960411,146.1044762174323
AqaMVjPS7sauunxejZf3fRUME7Dd5fevS4HdpZmVH52T,2024-10-01T05:54:00,1.728471407644906,645.1697889960411,146.1044762174323
AqaMVjPS7sauunxejZf3fRUME7Dd5fevS4HdpZmVH52T,2024-10-01T05:54:00,1.728471407644906,645.1697889960411,146.1044762174323
AqaMVjPS7sauunxejZf3fRUME7Dd5fevS4HdpZmVH52T,2024-10-01T05:54:00,1.728471407644906,645.1697889960411,146.1044762174323
AqaMVjPS7sauunxejZf3fRUME7Dd5fevS4HdpZmVH52T,2024-10-01T05:54:00,1.728471407644906,645.1697889960411,146.1044762174323
AqaMVjPS7sauunxejZf3fRUME7Dd5fevS4HdpZmVH52T,2024-10-01T05:54:00,1.728471407644906,645.1697889960411,146.1044762174323
AqaMVjPS7sauunxejZf3fRUME7Dd5fevS4HdpZmVH52T,2024-10-01T05:54:00,1.728471407644906,645.1697889960411,146.1044762174323
AqaMVjPS7sauunxejZf3fRUME7Dd5fevS4HdpZmVH52T,2024-10-01T05:54:00,1.728471407644906,645.1697889960411,146.1044762174323
AqaMVjPS7sauunxejZf3fRUME7Dd5fevS4HdpZmVH52T,2024-10-01T05:54:00,1.728471407644906,645.1697889960411,146.1044762174323
AqaMVjPS7sauunxejZf3fRUME7Dd5fevS4HdpZmVH52T,2024-10-01T05:54:00,1.728471407644906,645.1697889960411,146.1044762174323
AqaMVjPS7sauunxejZf3fRUME7Dd5fevS4HdpZmVH52T,2024-10-01T05:54:00,1.728471407644906,645.1697889960411,146.1044762174323
AqaMVjPS7sauunxejZf3fRUME7Dd5fevS4HdpZmVH52T,2024-10-01T05:54:00,1.728471407644906,645.1697889960411,146.1044762174323
AqaMVjPS7sauunxejZf3fRUME7Dd5fevS4HdpZmVH52T,2024-10-01T05:54:00,1.728471407644906,645.1697889960411,146.1044762174323
AqaMVjPS7sauunxejZf3fRUME7Dd5fevS4HdpZmVH52T,2024-10-01T05:54:00,1.728471407644906,645.1697889960411,146.1044762174323
AqaMVjPS7sauunxejZf3fRUME7Dd5fevS4HdpZmVH52T,2024-10-01T05:54:00,1.728471407644906,645.1697889960411,146.1044762174323
AqaMVjPS7sauunxejZf3fRUME7Dd5fevS4HdpZmVH52T,2024-10-01T05:54:00,1.728471407644906,645.1697889960411,146.1044762174323
AqaMVjPS7sauunxejZf3fRUME7Dd5fevS4HdpZmVH52T,2024-10-01T05:54:00,1.728471407644906,645.1697889960411,146.1044762174323
AqaMVjPS7sauunxejZf3fRUME7Dd5fevS4HdpZmVH52T,2024-10-01T05:54:00,1.728471407644906,645.1697889960411,146.1044762174323
AqaMVjPS7sauunxejZf3fRUME7Dd5fevS4HdpZmVH52T,2024-10-01T05:54:00,1.728471407644906,645.1697889960411,146.1044762174323
AqaMVjPS7sauunxejZf3fRUME7Dd5fevS4HdpZmVH52T,2024-10-01T05:54:00,1.728471407644906,645.1697889960411,146.1044762174323
AqaMVjPS7sauunxejZf3fRUME7Dd5fevS4HdpZmVH52T,2024-10-01T05:54:00,1.728471407644906,645.1697889960411,146.1044762174323
AqaMVjPS7sauunxejZf3fRUME7Dd5fevS4HdpZmVH52T,2024-10-01T05:54:00,1.728471407644906,645.1697889960411,146.1044762174323
AqaMVjPS7sauunxejZf3fRUME7Dd5fevS4HdpZmVH52T,2024-10-01T05:54:00,1.728471407644906,645.1697889960411,146.1044762174323
AqaMVjPS7sauunxejZf3fRUME7Dd5fevS4HdpZmVH52T,2024-10-01T05:54:00,1.728471407644906,645.1697889960411,146.1044762174323
AqaMVjPS7sauunxejZf3fRUME7Dd5fevS4HdpZmVH52T,2024-10-01T05:54:00,1.728471407644906,645.1697889960411,146.1044762174323
AxUx31tmanQ2r8xG3nBvW1L9miHHZNqMfALzc1ygpump,2024-09-27T00:18:00,0.16230536941068735,0.09197279748450751,0.868382111319201
AxUx31tmanQ2r8xG3nBvW1L9miHHZNqMfALzc1ygpump,2024-09-27T00:18:00,0.16230536941068735,0.09197279748450751,0.868382111319201
AxUx31tmanQ2r8xG3nBvW1L9miHHZNqMfALzc1ygpump,2024-09-27T00:18:00,0.16230536941068735,0.09197279748450751,0.868382111319201
AxUx31tmanQ2r8xG3nBvW1L9miHHZNqMfALzc1ygpump,2024-09-27T00:18:00,0.16230536941068735,0.09197279748450751,0.868382111319201
AxUx31tmanQ2r8xG3nBvW1L9miHHZNqMfALzc1ygpump,2024-09-27T00:18:00,0.16230536941068735,0.09197279748450751,0.868382111319201
AxUx31tmanQ2r8xG3nBvW1L9miHHZNqMfALzc1ygpump,2024-09-27T00:18:00,0.16230536941068735,0.09197279748450751,0.868382111319201
AxUx31tmanQ2r8xG3nBvW1L9miHHZNqMfALzc1ygpump,2024-09-27T02:05:00,0.05528063329736614,0.09197279748450751,2.3813444288141192
AxUx31tmanQ2r8xG3nBvW1L9miHHZNqMfALzc1ygpump,2024-09-27T02:06:00,0.08565690519201782,0.09197279748450751,2.7292346210357357
AxUx31tmanQ2r8xG3nBvW1L9miHHZNqMfALzc1ygpump,2024-09-27T02:07:00,0.0763480382931278,0.09197279748450751,2.8964091765032642
AxUx31tmanQ2r8xG3nBvW1L9miHHZNqMfALzc1ygpump,2024-09-27T02:07:00,0.0763480382931278,0.09197279748450751,2.8964091765032642
AxUx31tmanQ2r8xG3nBvW1L9miHHZNqMfALzc1ygpump,2024-09-27T02:07:00,0.0763480382931278,0.09197279748450751,2.8964091765032642
AxUx31tmanQ2r8xG3nBvW1L9miHHZNqMfALzc1ygpump,2024-09-27T02:07:00,0.0763480382931278,0.09197279748450751,2.8964091765032642
AxUx31tmanQ2r8xG3nBvW1L9miHHZNqMfALzc1ygpump,2024-09-27T02:07:00,0.0763480382931278,0.09197279748450751,2.8964091765032642
AxUx31tmanQ2r8xG3nBvW1L9miHHZNqMfALzc1ygpump,2024-09-27T02:07:00,0.0763480382931278,0.09197279748450751,2.8964091765032642
AxUx31tmanQ2r8xG3nBvW1L9miHHZNqMfALzc1ygpump,2024-09-27T02:07:00,0.0763480382931278,0.09197279748450751,2.8964091765032642
AxUx31tmanQ2r8xG3nBvW1L9miHHZNqMfALzc1ygpump,2024-09-27T02:07:00,0.0763480382931278,0.09197279748450751,2.8964091765032642
AxUx31tmanQ2r8xG3nBvW1L9miHHZNqMfALzc1ygpump,2024-09-27T02:07:00,0.0763480382931278,0.09197279748450751,2.8964091765032642
AxUx31tmanQ2r8xG3nBvW1L9miHHZNqMfALzc1ygpump,2024-09-27T02:07:00,0.0763480382931278,0.09197279748450751,2.8964091765032642
AxUx31tmanQ2r8xG3nBvW1L9miHHZNqMfALzc1ygpump,2024-09-27T02:07:00,0.0763480382931278,0.09197279748450751,2.8964091765032642
AxUx31tmanQ2r8xG3nBvW1L9miHHZNqMfALzc1ygpump,2024-09-27T02:07:00,0.0763480382931278,0.09197279748450751,2.8964091765032642
AxUx31tmanQ2r8xG3nBvW1L9miHHZNqMfALzc1ygpump,2024-09-27T02:07:00,0.0763480382931278,0.09197279748450751,2.8964091765032642
AxUx31tmanQ2r8xG3nBvW1L9miHHZNqMfALzc1ygpump,2024-09-27T02:07:00,0.0763480382931278,0.09197279748450751,2.8964091765032642
AxUx31tmanQ2r8xG3nBvW1L9miHHZNqMfALzc1ygpump,2024-09-27T02:40:00,0.06982237866396178,0.09197279748450751,0.4279670565736592
AxUx31tmanQ2r8xG3nBvW1L9miHHZNqMfALzc1ygpump,2024-09-27T02:41:00,0.106664890619915,0.09197279748450751,0.8148552865266933
AxUx31tmanQ2r8xG3nBvW1L9miHHZNqMfALzc1ygpump,2024-09-27T02:42:00,0.13198881079890196,0.09197279748450751,1.1378613139220077
AxUx31tmanQ2r8xG3nBvW1L9miHHZNqMfALzc1ygpump,2024-09-27T02:42:00,0.13198881079890196,0.09197279748450751,1.1378613139220077
AxUx31tmanQ2r8xG3nBvW1L9miHHZNqMfALzc1ygpump,2024-09-27T02:42:00,0.13198881079890196,0.09197279748450751,1.1378613139220077
AxUx31tmanQ2r8xG3nBvW1L9miHHZNqMfALzc1ygpump,2024-09-27T02:45:00,0.0775660384799507,0.09197279748450751,1.012084804130346
AxUx31tmanQ2r8xG3nBvW1L9miHHZNqMfALzc1ygpump,2024-09-27T02:46:00,0.15512460997682334,0.09197279748450751,1.4821446604490214
AxUx31tmanQ2r8xG3nBvW1L9miHHZNqMfALzc1ygpump,2024-09-27T02:46:00,0.15512460997682334,0.09197279748450751,1.4821446604490214
AxUx31tmanQ2r8xG3nBvW1L9miHHZNqMfALzc1ygpump,2024-09-27T02:46:00,0.15512460997682334,0.09197279748450751,1.4821446604490214
AxUx31tmanQ2r8xG3nBvW1L9miHHZNqMfALzc1ygpump,2024-09-27T02:46:00,0.15512460997682334,0.09197279748450751,1.4821446604490214
AxUx31tmanQ2r8xG3nBvW1L9miHHZNqMfALzc1ygpump,2024-09-27T02:46:00,0.15512460997682334,0.09197279748450751,1.4821446604490214
AxUx31tmanQ2r8xG3nBvW1L9miHHZNqMfALzc1ygpump,2024-09-27T02:46:00,0.15512460997682334,0.09197279748450751,1.4821446604490214
AxUx31tmanQ2r8xG3nBvW1L9miHHZNqMfALzc1ygpump,2024-09-27T02:46:00,0.15512460997682334,0.09197279748450751,1.4821446604490214
AxUx31tmanQ2r8xG3nBvW1L9miHHZNqMfALzc1ygpump,2024-09-27T02:46:00,0.15512460997682334,0.09197279748450751,1.4821446604490214
AxUx31tmanQ2r8xG3nBvW1L9miHHZNqMfALzc1ygpump,2024-09-27T02:46:00,0.15512460997682334,0.09197279748450751,1.4821446604490214
AxUx31tmanQ2r8xG3nBvW1L9miHHZNqMfALzc1ygpump,2024-09-27T03:21:00,0.1219580432332782,0.09197279748450751,0.5574792480146451
AxUx31tmanQ2r8xG3nBvW1L9miHHZNqMfALzc1ygpump,2024-09-27T03:21:00,0.1219580432332782,0.09197279748450751,0.5574792480146451
AxUx31tmanQ2r8xG3nBvW1L9miHHZNqMfALzc1ygpump,2024-09-27T03:21:00,0.1219580432332782,0.09197279748450751,0.5574792480146451
3gHTnDrkd6x4ERgR6i8mpTkpEajxkDS2rtw534TN7AoW,2024-10-01T01:39:00,0.3178571579939595,-0.17229065539672062,1.2095333799066867
3gHTnDrkd6x4ERgR6i8mpTkpEajxkDS2rtw534TN7AoW,2024-10-01T01:39:00,0.3178571579939595,-0.17229065539672062,1.2095333799066867
3gHTnDrkd6x4ERgR6i8mpTkpEajxkDS2rtw534TN7AoW,2024-10-01T01:39:00,0.3178571579939595,-0.17229065539672062,1.2095333799066867
3gHTnDrkd6x4ERgR6i8mpTkpEajxkDS2rtw534TN7AoW,2024-10-01T01:39:00,0.3178571579939595,-0.17229065539672062,1.2095333799066867
3gHTnDrkd6x4ERgR6i8mpTkpEajxkDS2rtw534TN7AoW,2024-10-01T01:39:00,0.3178571579939595,-0.17229065539672062,1.2095333799066867
3gHTnDrkd6x4ERgR6i8mpTkpEajxkDS2rtw534TN7AoW,2024-10-01T01:39:00,0.3178571579939595,-0.17229065539672062,1.2095333799066867
3gHTnDrkd6x4ERgR6i8mpTkpEajxkDS2rtw534TN7AoW,2024-10-01T01:39:00,0.3178571579939595,-0.17229065539672062,1.2095333799066867
3gHTnDrkd6x4ERgR6i8mpTkpEajxkDS2rtw534TN7AoW,2024-10-01T01:39:00,0.3178571579939595,-0.17229065539672062,1.2095333799066867
3gHTnDrkd6x4ERgR6i8mpTkpEajxkDS2rtw534TN7AoW,2024-10-01T01:39:00,0.3178571579939595,-0.17229065539672062,1.2095333799066867
3gHTnDrkd6x4ERgR6i8mpTkpEajxkDS2rtw534TN7AoW,2024-10-01T01:39:00,0.3178571579939595,-0.17229065539672062,1.2095333799066867
3gHTnDrkd6x4ERgR6i8mpTkpEajxkDS2rtw534TN7AoW,2024-10-01T01:39:00,0.3178571579939595,-0.17229065539672062,1.2095333799066867
3gHTnDrkd6x4ERgR6i8mpTkpEajxkDS2rtw534TN7AoW,2024-10-01T01:39:00,0.3178571579939595,-0.17229065539672062,1.2095333799066867
3gHTnDrkd6x4ERgR6i8mpTkpEajxkDS2rtw534TN7AoW,2024-10-01T01:39:00,0.3178571579939595,-0.17229065539672062,1.2095333799066867
3gHTnDrkd6x4ERgR6i8mpTkpEajxkDS2rtw534TN7AoW,2024-10-01T01:39:00,0.3178571579939595,-0.17229065539672062,1.2095333799066867
3gHTnDrkd6x4ERgR6i8mpTkpEajxkDS2rtw534TN7AoW,2024-10-01T01:39:00,0.3178571579939595,-0.17229065539672062,1.2095333799066867
3gHTnDrkd6x4ERgR6i8mpTkpEajxkDS2rtw534TN7AoW,2024-10-01T01:39:00,0.3178571579939595,-0.17229065539672062,1.2095333799066867
3gHTnDrkd6x4ERgR6i8mpTkpEajxkDS2rtw534TN7AoW,2024-10-01T01:39:00,0.3178571579939595,-0.17229065539672062,1.2095333799066867
3gHTnDrkd6x4ERgR6i8mpTkpEajxkDS2rtw534TN7AoW,2024-10-01T01:39:00,0.3178571579939595,-0.17229065539672062,1.2095333799066867
3gHTnDrkd6x4ERgR6i8mpTkpEajxkDS2rtw534TN7AoW,2024-10-01T01:39:00,0.3178571579939595,-0.17229065539672062,1.2095333799066867
FNLK4bSwHNrVCeCXCKjY5y6ZCbYM25saKLD6cHhBpump,2024-09-28T17:09:00,0.10234778889008983,12.518114527354783,1.1983350860684165
FNLK4bSwHNrVCeCXCKjY5y6ZCbYM25saKLD6cHhBpump,2024-09-28T17:09:00,0.10234778889008983,12.518114527354783,1.1983350860684165
FNLK4bSwHNrVCeCXCKjY5y6ZCbYM25saKLD6cHhBpump,2024-09-28T17:11:00,0.08253230522830181,12.518114527354783,1.0340703030641871
FNLK4bSwHNrVCeCXCKjY5y6ZCbYM25saKLD6cHhBpump,2024-09-28T17:11:00,0.08253230522830181,12.518114527354783,1.0340703030641871
FNLK4bSwHNrVCeCXCKjY5y6ZCbYM25saKLD6cHhBpump,2024-09-28T17:11:00,0.08253230522830181,12.518114527354783,1.0340703030641871
FNLK4bSwHNrVCeCXCKjY5y6ZCbYM25saKLD6cHhBpump,2024-09-28T17:11:00,0.08253230522830181,12.518114527354783,1.0340703030641871
FNLK4bSwHNrVCeCXCKjY5y6ZCbYM25saKLD6cHhBpump,2024-09-28T17:11:00,0.08253230522830181,12.518114527354783,1.0340703030641871
FNLK4bSwHNrVCeCXCKjY5y6ZCbYM25saKLD6cHhBpump,2024-09-28T17:11:00,0.08253230522830181,12.518114527354783,1.0340703030641871
FNLK4bSwHNrVCeCXCKjY5y6ZCbYM25saKLD6cHhBpump,2024-09-28T17:11:00,0.08253230522830181,12.518114527354783,1.0340703030641871
FNLK4bSwHNrVCeCXCKjY5y6ZCbYM25saKLD6cHhBpump,2024-09-28T17:11:00,0.08253230522830181,12.518114527354783,1.0340703030641871
FNLK4bSwHNrVCeCXCKjY5y6ZCbYM25saKLD6cHhBpump,2024-09-28T17:11:00,0.08253230522830181,12.518114527354783,1.0340703030641871
FNLK4bSwHNrVCeCXCKjY5y6ZCbYM25saKLD6cHhBpump,2024-09-28T17:11:00,0.08253230522830181,12.518114527354783,1.0340703030641871
FNLK4bSwHNrVCeCXCKjY5y6ZCbYM25saKLD6cHhBpump,2024-09-28T17:11:00,0.08253230522830181,12.518114527354783,1.0340703030641871
FNLK4bSwHNrVCeCXCKjY5y6ZCbYM25saKLD6cHhBpump,2024-09-28T17:11:00,0.08253230522830181,12.518114527354783,1.0340703030641871
FNLK4bSwHNrVCeCXCKjY5y6ZCbYM25saKLD6cHhBpump,2024-09-28T17:11:00,0.08253230522830181,12.518114527354783,1.0340703030641871
FNLK4bSwHNrVCeCXCKjY5y6ZCbYM25saKLD6cHhBpump,2024-09-28T17:11:00,0.08253230522830181,12.518114527354783,1.0340703030641871
FNLK4bSwHNrVCeCXCKjY5y6ZCbYM25saKLD6cHhBpump,2024-09-28T17:11:00,0.08253230522830181,12.518114527354783,1.0340703030641871
FNLK4bSwHNrVCeCXCKjY5y6ZCbYM25saKLD6cHhBpump,2024-09-28T17:11:00,0.08253230522830181,12.518114527354783,1.0340703030641871
FNLK4bSwHNrVCeCXCKjY5y6ZCbYM25saKLD6cHhBpump,2024-09-28T17:11:00,0.08253230522830181,12.518114527354783,1.0340703030641871
FNLK4bSwHNrVCeCXCKjY5y6ZCbYM25saKLD6cHhBpump,2024-09-28T17:11:00,0.08253230522830181,12.518114527354783,1.0340703030641871
FNLK4bSwHNrVCeCXCKjY5y6ZCbYM25saKLD6cHhBpump,2024-09-28T17:11:00,0.08253230522830181,12.518114527354783,1.0340703030641871
FNLK4bSwHNrVCeCXCKjY5y6ZCbYM25saKLD6cHhBpump,2024-09-28T17:11:00,0.08253230522830181,12.518114527354783,1.0340703030641871
FNLK4bSwHNrVCeCXCKjY5y6ZCbYM25saKLD6cHhBpump,2024-09-28T17:11:00,0.08253230522830181,12.518114527354783,1.0340703030641871
FNLK4bSwHNrVCeCXCKjY5y6ZCbYM25saKLD6cHhBpump,2024-09-28T17:11:00,0.08253230522830181,12.518114527354783,1.0340703030641871
FNLK4bSwHNrVCeCXCKjY5y6ZCbYM25saKLD6cHhBpump,2024-09-28T17:11:00,0.08253230522830181,12.518114527354783,1.0340703030641871
FNLK4bSwHNrVCeCXCKjY5y6ZCbYM25saKLD6cHhBpump,2024-09-28T17:11:00,0.08253230522830181,12.518114527354783,1.0340703030641871
FNLK4bSwHNrVCeCXCKjY5y6ZCbYM25saKLD6cHhBpump,2024-09-28T17:11:00,0.08253230522830181,12.518114527354783,1.0340703030641871
FNLK4bSwHNrVCeCXCKjY5y6ZCbYM25saKLD6cHhBpump,2024-09-28T17:11:00,0.08253230522830181,12.518114527354783,1.0340703030641871
FNLK4bSwHNrVCeCXCKjY5y6ZCbYM25saKLD6cHhBpump,2024-09-28T17:11:00,0.08253230522830181,12.518114527354783,1.0340703030641871
FNLK4bSwHNrVCeCXCKjY5y6ZCbYM25saKLD6cHhBpump,2024-09-28T17:11:00,0.08253230522830181,12.518114527354783,1.0340703030641871
FNLK4bSwHNrVCeCXCKjY5y6ZCbYM25saKLD6cHhBpump,2024-09-28T17:11:00,0.08253230522830181,12.518114527354783,1.0340703030641871
