address,unixTime,value,timestamp
6qocE7eQhug7pE7CggAvdNJJMtkHjKaVYRSND7Bwpump,1730178900,0.00036515991386441404,2024-10-29 05:15:00
6qocE7eQhug7pE7CggAvdNJJMtkHjKaVYRSND7Bwpump,1730179800,0.00017993407862346904,2024-10-29 05:30:00
6qocE7eQhug7pE7CggAvdNJJMtkHjKaVYRSND7Bwpump,1730180700,4.141509189785941e-05,2024-10-29 05:45:00
6qocE7eQhug7pE7CggAvdNJJMtkHjKaVYRSND7Bwpump,1730181600,2.631958272698847e-05,2024-10-29 06:00:00
6qocE7eQhug7pE7CggAvdNJJMtkHjKaVYRSND7Bwpump,1730182500,4.030175602414248e-05,2024-10-29 06:15:00
6qocE7eQhug7pE7CggAvdNJJMtkHjKaVYRSND7Bwpump,1730183400,5.822561624609571e-05,2024-10-29 06:30:00
6qocE7eQhug7pE7CggAvdNJJMtkHjKaVYRSND7Bwpump,1730184300,3.487502366594149e-05,2024-10-29 06:45:00
6qocE7eQhug7pE7CggAvdNJJMtkHjKaVYRSND7Bwpump,1730185200,3.910241680347768e-05,2024-10-29 07:00:00
6qocE7eQhug7pE7CggAvdNJJMtkHjKaVYRSND7Bwpump,1730186100,3.332924631263498e-05,2024-10-29 07:15:00
6qocE7eQhug7pE7CggAvdNJJMtkHjKaVYRSND7Bwpump,1730187000,2.7425155890903175e-05,2024-10-29 07:30:00
6qocE7eQhug7pE7CggAvdNJJMtkHjKaVYRSND7Bwpump,1730187900,2.8199368899450577e-05,2024-10-29 07:45:00
6qocE7eQhug7pE7CggAvdNJJMtkHjKaVYRSND7Bwpump,1730188800,2.9185794157085937e-05,2024-10-29 08:00:00
6qocE7eQhug7pE7CggAvdNJJMtkHjKaVYRSND7Bwpump,1730189700,3.19809504357183e-05,2024-10-29 08:15:00
6qocE7eQhug7pE7CggAvdNJJMtkHjKaVYRSND7Bwpump,1730190600,3.134972349573644e-05,2024-10-29 08:30:00
6qocE7eQhug7pE7CggAvdNJJMtkHjKaVYRSND7Bwpump,1730191500,3.605994201992723e-05,2024-10-29 08:45:00
6qocE7eQhug7pE7CggAvdNJJMtkHjKaVYRSND7Bwpump,1730192400,3.3321926964504025e-05,2024-10-29 09:00:00
6qocE7eQhug7pE7CggAvdNJJMtkHjKaVYRSND7Bwpump,1730193300,2.3525925474639465e-05,2024-10-29 09:15:00
6qocE7eQhug7pE7CggAvdNJJMtkHjKaVYRSND7Bwpump,1730194200,2.101369139605696e-05,2024-10-29 09:30:00
6qocE7eQhug7pE7CggAvdNJJMtkHjKaVYRSND7Bwpump,1730195100,2.0884211940955944e-05,2024-10-29 09:45:00
6qocE7eQhug7pE7CggAvdNJJMtkHjKaVYRSND7Bwpump,1730196000,2.062148731073906e-05,2024-10-29 10:00:00
6qocE7eQhug7pE7CggAvdNJJMtkHjKaVYRSND7Bwpump,1730196900,2.310615001609934e-05,2024-10-29 10:15:00
6qocE7eQhug7pE7CggAvdNJJMtkHjKaVYRSND7Bwpump,1730197800,1.9099260955706047e-05,2024-10-29 10:30:00
6qocE7eQhug7pE7CggAvdNJJMtkHjKaVYRSND7Bwpump,1730198700,1.7714220506912195e-05,2024-10-29 10:45:00
6qocE7eQhug7pE7CggAvdNJJMtkHjKaVYRSND7Bwpump,1730199600,1.6917820962327647e-05,2024-10-29 11:00:00
6qocE7eQhug7pE7CggAvdNJJMtkHjKaVYRSND7Bwpump,1730200500,1.6292140973638175e-05,2024-10-29 11:15:00
6qocE7eQhug7pE7CggAvdNJJMtkHjKaVYRSND7Bwpump,1730201400,1.6146679197217536e-05,2024-10-29 11:30:00
6qocE7eQhug7pE7CggAvdNJJMtkHjKaVYRSND7Bwpump,1730202300,1.6215748249879608e-05,2024-10-29 11:45:00
6qocE7eQhug7pE7CggAvdNJJMtkHjKaVYRSND7Bwpump,1730203200,1.5819739952803026e-05,2024-10-29 12:00:00
6qocE7eQhug7pE7CggAvdNJJMtkHjKaVYRSND7Bwpump,1730204100,1.5803406407453078e-05,2024-10-29 12:15:00
6qocE7eQhug7pE7CggAvdNJJMtkHjKaVYRSND7Bwpump,1730205000,1.5423008494110158e-05,2024-10-29 12:30:00
6qocE7eQhug7pE7CggAvdNJJMtkHjKaVYRSND7Bwpump,1730205900,1.5946971594045293e-05,2024-10-29 12:45:00
6qocE7eQhug7pE7CggAvdNJJMtkHjKaVYRSND7Bwpump,1730206800,1.483971918672139e-05,2024-10-29 13:00:00
6qocE7eQhug7pE7CggAvdNJJMtkHjKaVYRSND7Bwpump,1730207700,1.4653186321498478e-05,2024-10-29 13:15:00
6qocE7eQhug7pE7CggAvdNJJMtkHjKaVYRSND7Bwpump,1730208600,1.8663733728355025e-05,2024-10-29 13:30:00
6qocE7eQhug7pE7CggAvdNJJMtkHjKaVYRSND7Bwpump,1730209500,1.4708450839999555e-05,2024-10-29 13:45:00
6qocE7eQhug7pE7CggAvdNJJMtkHjKaVYRSND7Bwpump,1730210400,1.4453734603140422e-05,2024-10-29 14:00:00
6qocE7eQhug7pE7CggAvdNJJMtkHjKaVYRSND7Bwpump,1730211300,1.2887389107276975e-05,2024-10-29 14:15:00
6qocE7eQhug7pE7CggAvdNJJMtkHjKaVYRSND7Bwpump,1730212200,1.1673500813271597e-05,2024-10-29 14:30:00
6qocE7eQhug7pE7CggAvdNJJMtkHjKaVYRSND7Bwpump,1730213100,1.2128873882223503e-05,2024-10-29 14:45:00
6qocE7eQhug7pE7CggAvdNJJMtkHjKaVYRSND7Bwpump,1730214000,1.1950125806219923e-05,2024-10-29 15:00:00
6qocE7eQhug7pE7CggAvdNJJMtkHjKaVYRSND7Bwpump,1730214900,1.1950125806219923e-05,2024-10-29 15:15:00
6qocE7eQhug7pE7CggAvdNJJMtkHjKaVYRSND7Bwpump,1730215800,1.1248506969792494e-05,2024-10-29 15:30:00
6qocE7eQhug7pE7CggAvdNJJMtkHjKaVYRSND7Bwpump,1730216700,1.0837733000213086e-05,2024-10-29 15:45:00
6qocE7eQhug7pE7CggAvdNJJMtkHjKaVYRSND7Bwpump,1730217600,1.0905922899939837e-05,2024-10-29 16:00:00
6qocE7eQhug7pE7CggAvdNJJMtkHjKaVYRSND7Bwpump,1730218500,1.102926639734394e-05,2024-10-29 16:15:00
6qocE7eQhug7pE7CggAvdNJJMtkHjKaVYRSND7Bwpump,1730219400,1.28716398795825e-05,2024-10-29 16:30:00
6qocE7eQhug7pE7CggAvdNJJMtkHjKaVYRSND7Bwpump,1730220300,1.1121827678583576e-05,2024-10-29 16:45:00
6qocE7eQhug7pE7CggAvdNJJMtkHjKaVYRSND7Bwpump,1730221200,1.0923428197605027e-05,2024-10-29 17:00:00
6qocE7eQhug7pE7CggAvdNJJMtkHjKaVYRSND7Bwpump,1730222100,1.0436132999698223e-05,2024-10-29 17:15:00
6qocE7eQhug7pE7CggAvdNJJMtkHjKaVYRSND7Bwpump,1730223000,1.0436132999698223e-05,2024-10-29 17:30:00
6qocE7eQhug7pE7CggAvdNJJMtkHjKaVYRSND7Bwpump,1730223900,1.0429802793904917e-05,2024-10-29 17:45:00
6qocE7eQhug7pE7CggAvdNJJMtkHjKaVYRSND7Bwpump,1730224800,1.10461199359491e-05,2024-10-29 18:00:00
6qocE7eQhug7pE7CggAvdNJJMtkHjKaVYRSND7Bwpump,1730225700,1.0392659951314422e-05,2024-10-29 18:15:00
6qocE7eQhug7pE7CggAvdNJJMtkHjKaVYRSND7Bwpump,1730226600,1.0354309752222676e-05,2024-10-29 18:30:00
6qocE7eQhug7pE7CggAvdNJJMtkHjKaVYRSND7Bwpump,1730227500,1.0469473609725113e-05,2024-10-29 18:45:00
6qocE7eQhug7pE7CggAvdNJJMtkHjKaVYRSND7Bwpump,1730228400,1.0469473609725113e-05,2024-10-29 19:00:00
6qocE7eQhug7pE7CggAvdNJJMtkHjKaVYRSND7Bwpump,1730229300,1.0337521707275672e-05,2024-10-29 19:15:00
6qocE7eQhug7pE7CggAvdNJJMtkHjKaVYRSND7Bwpump,1730230200,1.0087683159980263e-05,2024-10-29 19:30:00
6qocE7eQhug7pE7CggAvdNJJMtkHjKaVYRSND7Bwpump,1730231100,9.866166066081732e-06,2024-10-29 19:45:00
6qocE7eQhug7pE7CggAvdNJJMtkHjKaVYRSND7Bwpump,1730232000,9.866166066081732e-06,2024-10-29 20:00:00
6qocE7eQhug7pE7CggAvdNJJMtkHjKaVYRSND7Bwpump,1730232900,9.866166066081732e-06,2024-10-29 20:15:00
6qocE7eQhug7pE7CggAvdNJJMtkHjKaVYRSND7Bwpump,1730233800,9.866166066081732e-06,2024-10-29 20:30:00
6qocE7eQhug7pE7CggAvdNJJMtkHjKaVYRSND7Bwpump,1730234700,9.866166066081732e-06,2024-10-29 20:45:00
6qocE7eQhug7pE7CggAvdNJJMtkHjKaVYRSND7Bwpump,1730235600,9.83304394743847e-06,2024-10-29 21:00:00
6qocE7eQhug7pE7CggAvdNJJMtkHjKaVYRSND7Bwpump,1730236500,9.874582992940672e-06,2024-10-29 21:15:00
6qocE7eQhug7pE7CggAvdNJJMtkHjKaVYRSND7Bwpump,1730237400,9.874582992940672e-06,2024-10-29 21:30:00
6qocE7eQhug7pE7CggAvdNJJMtkHjKaVYRSND7Bwpump,1730238300,9.858561600760893e-06,2024-10-29 21:45:00
6qocE7eQhug7pE7CggAvdNJJMtkHjKaVYRSND7Bwpump,1730239200,9.858561600760893e-06,2024-10-29 22:00:00
6qocE7eQhug7pE7CggAvdNJJMtkHjKaVYRSND7Bwpump,1730240100,9.858561600760893e-06,2024-10-29 22:15:00
6qocE7eQhug7pE7CggAvdNJJMtkHjKaVYRSND7Bwpump,1730241000,9.858561600760893e-06,2024-10-29 22:30:00
6qocE7eQhug7pE7CggAvdNJJMtkHjKaVYRSND7Bwpump,1730241900,9.858561600760893e-06,2024-10-29 22:45:00
6qocE7eQhug7pE7CggAvdNJJMtkHjKaVYRSND7Bwpump,1730242800,9.972656275048356e-06,2024-10-29 23:00:00
6qocE7eQhug7pE7CggAvdNJJMtkHjKaVYRSND7Bwpump,1730243700,9.896818563703265e-06,2024-10-29 23:15:00
6qocE7eQhug7pE7CggAvdNJJMtkHjKaVYRSND7Bwpump,1730244600,9.873807200916838e-06,2024-10-29 23:30:00
6qocE7eQhug7pE7CggAvdNJJMtkHjKaVYRSND7Bwpump,1730245500,1.1058415784282583e-05,2024-10-29 23:45:00
6qocE7eQhug7pE7CggAvdNJJMtkHjKaVYRSND7Bwpump,1730246400,1.1036235485562559e-05,2024-10-30 00:00:00
6qocE7eQhug7pE7CggAvdNJJMtkHjKaVYRSND7Bwpump,1730247300,1.1036235485562559e-05,2024-10-30 00:15:00
6qocE7eQhug7pE7CggAvdNJJMtkHjKaVYRSND7Bwpump,1730248200,1.1036235485562559e-05,2024-10-30 00:30:00
6qocE7eQhug7pE7CggAvdNJJMtkHjKaVYRSND7Bwpump,1730249100,1.09671263648745e-05,2024-10-30 00:45:00
6qocE7eQhug7pE7CggAvdNJJMtkHjKaVYRSND7Bwpump,1730250000,1.09671263648745e-05,2024-10-30 01:00:00
6qocE7eQhug7pE7CggAvdNJJMtkHjKaVYRSND7Bwpump,1730250900,1.09671263648745e-05,2024-10-30 01:15:00
6qocE7eQhug7pE7CggAvdNJJMtkHjKaVYRSND7Bwpump,1730251800,1.0814435736990572e-05,2024-10-30 01:30:00
6qocE7eQhug7pE7CggAvdNJJMtkHjKaVYRSND7Bwpump,1730252700,1.0814435736990572e-05,2024-10-30 01:45:00
6qocE7eQhug7pE7CggAvdNJJMtkHjKaVYRSND7Bwpump,1730253600,1.0814435736990572e-05,2024-10-30 02:00:00
6qocE7eQhug7pE7CggAvdNJJMtkHjKaVYRSND7Bwpump,1730254500,1.0785486248254158e-05,2024-10-30 02:15:00
6qocE7eQhug7pE7CggAvdNJJMtkHjKaVYRSND7Bwpump,1730255400,1.0599296694591528e-05,2024-10-30 02:30:00
6qocE7eQhug7pE7CggAvdNJJMtkHjKaVYRSND7Bwpump,1730256300,1.0770938828846941e-05,2024-10-30 02:45:00
6qocE7eQhug7pE7CggAvdNJJMtkHjKaVYRSND7Bwpump,1730257200,1.1202240510911834e-05,2024-10-30 03:00:00
6qocE7eQhug7pE7CggAvdNJJMtkHjKaVYRSND7Bwpump,1730258100,1.1202240510911834e-05,2024-10-30 03:15:00
6qocE7eQhug7pE7CggAvdNJJMtkHjKaVYRSND7Bwpump,1730259000,1.1202240510911834e-05,2024-10-30 03:30:00
6qocE7eQhug7pE7CggAvdNJJMtkHjKaVYRSND7Bwpump,1730259900,1.0902555712792587e-05,2024-10-30 03:45:00
6qocE7eQhug7pE7CggAvdNJJMtkHjKaVYRSND7Bwpump,1730260800,1.0791163851666354e-05,2024-10-30 04:00:00
6qocE7eQhug7pE7CggAvdNJJMtkHjKaVYRSND7Bwpump,1730261700,1.0768290079062842e-05,2024-10-30 04:15:00
6qocE7eQhug7pE7CggAvdNJJMtkHjKaVYRSND7Bwpump,1730262600,1.0748040562934186e-05,2024-10-30 04:30:00
6qocE7eQhug7pE7CggAvdNJJMtkHjKaVYRSND7Bwpump,1730263500,1.0760270746121242e-05,2024-10-30 04:45:00
6qocE7eQhug7pE7CggAvdNJJMtkHjKaVYRSND7Bwpump,1730264400,1.0760270746121242e-05,2024-10-30 05:00:00
6qocE7eQhug7pE7CggAvdNJJMtkHjKaVYRSND7Bwpump,1730265300,1.0737074509976191e-05,2024-10-30 05:15:00
6qocE7eQhug7pE7CggAvdNJJMtkHjKaVYRSND7Bwpump,1730266200,1.0737074509976191e-05,2024-10-30 05:30:00
6qocE7eQhug7pE7CggAvdNJJMtkHjKaVYRSND7Bwpump,1730267100,1.113514146597456e-05,2024-10-30 05:45:00
6qocE7eQhug7pE7CggAvdNJJMtkHjKaVYRSND7Bwpump,1730268000,1.2343960935554393e-05,2024-10-30 06:00:00
6qocE7eQhug7pE7CggAvdNJJMtkHjKaVYRSND7Bwpump,1730268900,1.3340069607130928e-05,2024-10-30 06:15:00
6qocE7eQhug7pE7CggAvdNJJMtkHjKaVYRSND7Bwpump,1730269800,1.2468581493001035e-05,2024-10-30 06:30:00
6qocE7eQhug7pE7CggAvdNJJMtkHjKaVYRSND7Bwpump,1730270700,1.2411467609254645e-05,2024-10-30 06:45:00
6qocE7eQhug7pE7CggAvdNJJMtkHjKaVYRSND7Bwpump,1730271600,1.2397963723797567e-05,2024-10-30 07:00:00
6qocE7eQhug7pE7CggAvdNJJMtkHjKaVYRSND7Bwpump,1730272500,1.2344440067305801e-05,2024-10-30 07:15:00
6qocE7eQhug7pE7CggAvdNJJMtkHjKaVYRSND7Bwpump,1730273400,1.3039025219370835e-05,2024-10-30 07:30:00
6qocE7eQhug7pE7CggAvdNJJMtkHjKaVYRSND7Bwpump,1730274300,1.3340992784453848e-05,2024-10-30 07:45:00
6qocE7eQhug7pE7CggAvdNJJMtkHjKaVYRSND7Bwpump,1730275200,1.333100299674866e-05,2024-10-30 08:00:00
6qocE7eQhug7pE7CggAvdNJJMtkHjKaVYRSND7Bwpump,1730276100,1.3349421725275092e-05,2024-10-30 08:15:00
6qocE7eQhug7pE7CggAvdNJJMtkHjKaVYRSND7Bwpump,1730277000,1.3349421725275092e-05,2024-10-30 08:30:00
6qocE7eQhug7pE7CggAvdNJJMtkHjKaVYRSND7Bwpump,1730277900,1.3349421725275092e-05,2024-10-30 08:45:00
6qocE7eQhug7pE7CggAvdNJJMtkHjKaVYRSND7Bwpump,1730278800,1.3222647980556578e-05,2024-10-30 09:00:00
6qocE7eQhug7pE7CggAvdNJJMtkHjKaVYRSND7Bwpump,1730279700,1.3202061428482392e-05,2024-10-30 09:15:00
6qocE7eQhug7pE7CggAvdNJJMtkHjKaVYRSND7Bwpump,1730280600,1.3202061428482392e-05,2024-10-30 09:30:00
6qocE7eQhug7pE7CggAvdNJJMtkHjKaVYRSND7Bwpump,1730281500,1.403305876308462e-05,2024-10-30 09:45:00
6qocE7eQhug7pE7CggAvdNJJMtkHjKaVYRSND7Bwpump,1730282400,1.437915547189768e-05,2024-10-30 10:00:00
6qocE7eQhug7pE7CggAvdNJJMtkHjKaVYRSND7Bwpump,1730283300,1.2617125011121309e-05,2024-10-30 10:15:00
6qocE7eQhug7pE7CggAvdNJJMtkHjKaVYRSND7Bwpump,1730284200,1.2617125011121309e-05,2024-10-30 10:30:00
6qocE7eQhug7pE7CggAvdNJJMtkHjKaVYRSND7Bwpump,1730285100,1.2617125011121309e-05,2024-10-30 10:45:00
6qocE7eQhug7pE7CggAvdNJJMtkHjKaVYRSND7Bwpump,1730286000,1.2617125011121309e-05,2024-10-30 11:00:00
6qocE7eQhug7pE7CggAvdNJJMtkHjKaVYRSND7Bwpump,1730286900,1.2617125011121309e-05,2024-10-30 11:15:00
6qocE7eQhug7pE7CggAvdNJJMtkHjKaVYRSND7Bwpump,1730287800,1.2002365747314059e-05,2024-10-30 11:30:00
6qocE7eQhug7pE7CggAvdNJJMtkHjKaVYRSND7Bwpump,1730288700,1.1943160936427226e-05,2024-10-30 11:45:00
6qocE7eQhug7pE7CggAvdNJJMtkHjKaVYRSND7Bwpump,1730289600,1.1212712509596576e-05,2024-10-30 12:00:00
6qocE7eQhug7pE7CggAvdNJJMtkHjKaVYRSND7Bwpump,1730290500,1.1224087939895278e-05,2024-10-30 12:15:00
6qocE7eQhug7pE7CggAvdNJJMtkHjKaVYRSND7Bwpump,1730291400,1.1342178678682374e-05,2024-10-30 12:30:00
6qocE7eQhug7pE7CggAvdNJJMtkHjKaVYRSND7Bwpump,1730292300,1.1315589826020393e-05,2024-10-30 12:45:00
6qocE7eQhug7pE7CggAvdNJJMtkHjKaVYRSND7Bwpump,1730293200,1.1449366427635339e-05,2024-10-30 13:00:00
6qocE7eQhug7pE7CggAvdNJJMtkHjKaVYRSND7Bwpump,1730294100,1.1449366427635339e-05,2024-10-30 13:15:00
6qocE7eQhug7pE7CggAvdNJJMtkHjKaVYRSND7Bwpump,1730295000,1.1449366427635339e-05,2024-10-30 13:30:00
6qocE7eQhug7pE7CggAvdNJJMtkHjKaVYRSND7Bwpump,1730295900,1.1449366427635339e-05,2024-10-30 13:45:00
6qocE7eQhug7pE7CggAvdNJJMtkHjKaVYRSND7Bwpump,1730296800,1.1421612994776017e-05,2024-10-30 14:00:00
6qocE7eQhug7pE7CggAvdNJJMtkHjKaVYRSND7Bwpump,1730297700,1.1392479614919186e-05,2024-10-30 14:15:00
6qocE7eQhug7pE7CggAvdNJJMtkHjKaVYRSND7Bwpump,1730298600,1.1392479614919186e-05,2024-10-30 14:30:00
6qocE7eQhug7pE7CggAvdNJJMtkHjKaVYRSND7Bwpump,1730299500,1.1392479614919186e-05,2024-10-30 14:45:00
6qocE7eQhug7pE7CggAvdNJJMtkHjKaVYRSND7Bwpump,1730300400,1.1392479614919186e-05,2024-10-30 15:00:00
6qocE7eQhug7pE7CggAvdNJJMtkHjKaVYRSND7Bwpump,1730301300,1.1392479614919186e-05,2024-10-30 15:15:00
6qocE7eQhug7pE7CggAvdNJJMtkHjKaVYRSND7Bwpump,1730302200,1.1236487994921143e-05,2024-10-30 15:30:00
6qocE7eQhug7pE7CggAvdNJJMtkHjKaVYRSND7Bwpump,1730303100,1.1207712604494186e-05,2024-10-30 15:45:00
6qocE7eQhug7pE7CggAvdNJJMtkHjKaVYRSND7Bwpump,1730304000,1.1207712604494186e-05,2024-10-30 16:00:00
6qocE7eQhug7pE7CggAvdNJJMtkHjKaVYRSND7Bwpump,1730304900,1.1207712604494186e-05,2024-10-30 16:15:00
6qocE7eQhug7pE7CggAvdNJJMtkHjKaVYRSND7Bwpump,1730305800,1.1207712604494186e-05,2024-10-30 16:30:00
6qocE7eQhug7pE7CggAvdNJJMtkHjKaVYRSND7Bwpump,1730306700,1.118143279909667e-05,2024-10-30 16:45:00
6qocE7eQhug7pE7CggAvdNJJMtkHjKaVYRSND7Bwpump,1730307600,1.118143279909667e-05,2024-10-30 17:00:00
6qocE7eQhug7pE7CggAvdNJJMtkHjKaVYRSND7Bwpump,1730308500,1.1208471701522018e-05,2024-10-30 17:15:00
6qocE7eQhug7pE7CggAvdNJJMtkHjKaVYRSND7Bwpump,1730309400,1.1208471701522018e-05,2024-10-30 17:30:00
6qocE7eQhug7pE7CggAvdNJJMtkHjKaVYRSND7Bwpump,1730310300,1.1208471701522018e-05,2024-10-30 17:45:00
6qocE7eQhug7pE7CggAvdNJJMtkHjKaVYRSND7Bwpump,1730311200,1.1208471701522018e-05,2024-10-30 18:00:00
6qocE7eQhug7pE7CggAvdNJJMtkHjKaVYRSND7Bwpump,1730312100,1.1254196981923377e-05,2024-10-30 18:15:00
6qocE7eQhug7pE7CggAvdNJJMtkHjKaVYRSND7Bwpump,1730313000,1.1254196981923377e-05,2024-10-30 18:30:00
6qocE7eQhug7pE7CggAvdNJJMtkHjKaVYRSND7Bwpump,1730313900,1.1167680218601001e-05,2024-10-30 18:45:00
6qocE7eQhug7pE7CggAvdNJJMtkHjKaVYRSND7Bwpump,1730314800,1.1161902186646291e-05,2024-10-30 19:00:00
6qocE7eQhug7pE7CggAvdNJJMtkHjKaVYRSND7Bwpump,1730315700,1.1161902186646291e-05,2024-10-30 19:15:00
6qocE7eQhug7pE7CggAvdNJJMtkHjKaVYRSND7Bwpump,1730316600,1.1161902186646291e-05,2024-10-30 19:30:00
6qocE7eQhug7pE7CggAvdNJJMtkHjKaVYRSND7Bwpump,1730317500,1.1161902186646291e-05,2024-10-30 19:45:00
6qocE7eQhug7pE7CggAvdNJJMtkHjKaVYRSND7Bwpump,1730318400,1.1161902186646291e-05,2024-10-30 20:00:00
6qocE7eQhug7pE7CggAvdNJJMtkHjKaVYRSND7Bwpump,1730319300,1.1161902186646291e-05,2024-10-30 20:15:00
6qocE7eQhug7pE7CggAvdNJJMtkHjKaVYRSND7Bwpump,1730320200,1.1161902186646291e-05,2024-10-30 20:30:00
6qocE7eQhug7pE7CggAvdNJJMtkHjKaVYRSND7Bwpump,1730321100,1.1161902186646291e-05,2024-10-30 20:45:00
6qocE7eQhug7pE7CggAvdNJJMtkHjKaVYRSND7Bwpump,1730322000,1.1161902186646291e-05,2024-10-30 21:00:00
6qocE7eQhug7pE7CggAvdNJJMtkHjKaVYRSND7Bwpump,1730322900,1.1161902186646291e-05,2024-10-30 21:15:00
6qocE7eQhug7pE7CggAvdNJJMtkHjKaVYRSND7Bwpump,1730323800,1.1161902186646291e-05,2024-10-30 21:30:00
6qocE7eQhug7pE7CggAvdNJJMtkHjKaVYRSND7Bwpump,1730324700,1.1193211947696355e-05,2024-10-30 21:45:00
6qocE7eQhug7pE7CggAvdNJJMtkHjKaVYRSND7Bwpump,1730325600,1.1148042332369409e-05,2024-10-30 22:00:00
6qocE7eQhug7pE7CggAvdNJJMtkHjKaVYRSND7Bwpump,1730326500,1.1148042332369409e-05,2024-10-30 22:15:00
6qocE7eQhug7pE7CggAvdNJJMtkHjKaVYRSND7Bwpump,1730327400,1.1148042332369409e-05,2024-10-30 22:30:00
6qocE7eQhug7pE7CggAvdNJJMtkHjKaVYRSND7Bwpump,1730328300,1.1148042332369409e-05,2024-10-30 22:45:00
6qocE7eQhug7pE7CggAvdNJJMtkHjKaVYRSND7Bwpump,1730329200,1.1148042332369409e-05,2024-10-30 23:00:00
6qocE7eQhug7pE7CggAvdNJJMtkHjKaVYRSND7Bwpump,1730330100,1.1148042332369409e-05,2024-10-30 23:15:00
6qocE7eQhug7pE7CggAvdNJJMtkHjKaVYRSND7Bwpump,1730331000,1.1148042332369409e-05,2024-10-30 23:30:00
6qocE7eQhug7pE7CggAvdNJJMtkHjKaVYRSND7Bwpump,1730331900,1.1148042332369409e-05,2024-10-30 23:45:00
6qocE7eQhug7pE7CggAvdNJJMtkHjKaVYRSND7Bwpump,1730332800,1.1148042332369409e-05,2024-10-31 00:00:00
6qocE7eQhug7pE7CggAvdNJJMtkHjKaVYRSND7Bwpump,1730333700,1.1148042332369409e-05,2024-10-31 00:15:00
6qocE7eQhug7pE7CggAvdNJJMtkHjKaVYRSND7Bwpump,1730334600,1.1009812918262454e-05,2024-10-31 00:30:00
6qocE7eQhug7pE7CggAvdNJJMtkHjKaVYRSND7Bwpump,1730335500,1.1009812918262454e-05,2024-10-31 00:45:00
6qocE7eQhug7pE7CggAvdNJJMtkHjKaVYRSND7Bwpump,1730336400,1.1009812918262454e-05,2024-10-31 01:00:00
6qocE7eQhug7pE7CggAvdNJJMtkHjKaVYRSND7Bwpump,1730337300,1.0994686633428514e-05,2024-10-31 01:15:00
6qocE7eQhug7pE7CggAvdNJJMtkHjKaVYRSND7Bwpump,1730338200,1.0994686633428514e-05,2024-10-31 01:30:00
6qocE7eQhug7pE7CggAvdNJJMtkHjKaVYRSND7Bwpump,1730339100,1.0994686633428514e-05,2024-10-31 01:45:00
6qocE7eQhug7pE7CggAvdNJJMtkHjKaVYRSND7Bwpump,1730340000,1.0994686633428514e-05,2024-10-31 02:00:00
6qocE7eQhug7pE7CggAvdNJJMtkHjKaVYRSND7Bwpump,1730340900,1.0994686633428514e-05,2024-10-31 02:15:00
6qocE7eQhug7pE7CggAvdNJJMtkHjKaVYRSND7Bwpump,1730341800,1.0994686633428514e-05,2024-10-31 02:30:00
6qocE7eQhug7pE7CggAvdNJJMtkHjKaVYRSND7Bwpump,1730342700,1.1004155705193168e-05,2024-10-31 02:45:00
6qocE7eQhug7pE7CggAvdNJJMtkHjKaVYRSND7Bwpump,1730343600,1.1004155705193168e-05,2024-10-31 03:00:00
6qocE7eQhug7pE7CggAvdNJJMtkHjKaVYRSND7Bwpump,1730344500,1.0995459926213358e-05,2024-10-31 03:15:00
6qocE7eQhug7pE7CggAvdNJJMtkHjKaVYRSND7Bwpump,1730345400,1.0995459926213358e-05,2024-10-31 03:30:00
6qocE7eQhug7pE7CggAvdNJJMtkHjKaVYRSND7Bwpump,1730346300,1.0911842818820117e-05,2024-10-31 03:45:00
6qocE7eQhug7pE7CggAvdNJJMtkHjKaVYRSND7Bwpump,1730347200,1.0911842818820117e-05,2024-10-31 04:00:00
6qocE7eQhug7pE7CggAvdNJJMtkHjKaVYRSND7Bwpump,1730348100,1.0911842818820117e-05,2024-10-31 04:15:00
6qocE7eQhug7pE7CggAvdNJJMtkHjKaVYRSND7Bwpump,1730349000,1.0933839014285262e-05,2024-10-31 04:30:00
6qocE7eQhug7pE7CggAvdNJJMtkHjKaVYRSND7Bwpump,1730349900,1.0933839014285262e-05,2024-10-31 04:45:00
6qocE7eQhug7pE7CggAvdNJJMtkHjKaVYRSND7Bwpump,1730350800,1.0925296597754155e-05,2024-10-31 05:00:00
6qocE7eQhug7pE7CggAvdNJJMtkHjKaVYRSND7Bwpump,1730351700,1.0925296597754155e-05,2024-10-31 05:15:00
6qocE7eQhug7pE7CggAvdNJJMtkHjKaVYRSND7Bwpump,1730352600,1.0975292313034293e-05,2024-10-31 05:30:00
6qocE7eQhug7pE7CggAvdNJJMtkHjKaVYRSND7Bwpump,1730353500,1.0975292313034293e-05,2024-10-31 05:45:00
6qocE7eQhug7pE7CggAvdNJJMtkHjKaVYRSND7Bwpump,1730354400,1.0975292313034293e-05,2024-10-31 06:00:00
6qocE7eQhug7pE7CggAvdNJJMtkHjKaVYRSND7Bwpump,1730355300,1.0975292313034293e-05,2024-10-31 06:15:00
6qocE7eQhug7pE7CggAvdNJJMtkHjKaVYRSND7Bwpump,1730356200,1.0975292313034293e-05,2024-10-31 06:30:00
6qocE7eQhug7pE7CggAvdNJJMtkHjKaVYRSND7Bwpump,1730357100,1.0975292313034293e-05,2024-10-31 06:45:00
6qocE7eQhug7pE7CggAvdNJJMtkHjKaVYRSND7Bwpump,1730358000,1.0975292313034293e-05,2024-10-31 07:00:00
6qocE7eQhug7pE7CggAvdNJJMtkHjKaVYRSND7Bwpump,1730358900,1.0975292313034293e-05,2024-10-31 07:15:00
6qocE7eQhug7pE7CggAvdNJJMtkHjKaVYRSND7Bwpump,1730359800,1.0975292313034293e-05,2024-10-31 07:30:00
6qocE7eQhug7pE7CggAvdNJJMtkHjKaVYRSND7Bwpump,1730360700,1.0975292313034293e-05,2024-10-31 07:45:00
6qocE7eQhug7pE7CggAvdNJJMtkHjKaVYRSND7Bwpump,1730361600,1.085340497020865e-05,2024-10-31 08:00:00
6qocE7eQhug7pE7CggAvdNJJMtkHjKaVYRSND7Bwpump,1730362500,1.085340497020865e-05,2024-10-31 08:15:00
6qocE7eQhug7pE7CggAvdNJJMtkHjKaVYRSND7Bwpump,1730363400,1.085340497020865e-05,2024-10-31 08:30:00
6qocE7eQhug7pE7CggAvdNJJMtkHjKaVYRSND7Bwpump,1730364300,1.085340497020865e-05,2024-10-31 08:45:00
6qocE7eQhug7pE7CggAvdNJJMtkHjKaVYRSND7Bwpump,1730365200,1.0806782193924153e-05,2024-10-31 09:00:00
6qocE7eQhug7pE7CggAvdNJJMtkHjKaVYRSND7Bwpump,1730366100,1.0806782193924153e-05,2024-10-31 09:15:00
6qocE7eQhug7pE7CggAvdNJJMtkHjKaVYRSND7Bwpump,1730367000,1.0789756503765338e-05,2024-10-31 09:30:00
6qocE7eQhug7pE7CggAvdNJJMtkHjKaVYRSND7Bwpump,1730367900,1.0795376511494226e-05,2024-10-31 09:45:00
6qocE7eQhug7pE7CggAvdNJJMtkHjKaVYRSND7Bwpump,1730368800,1.0795376511494226e-05,2024-10-31 10:00:00
6qocE7eQhug7pE7CggAvdNJJMtkHjKaVYRSND7Bwpump,1730369700,1.0617819711552511e-05,2024-10-31 10:15:00
6qocE7eQhug7pE7CggAvdNJJMtkHjKaVYRSND7Bwpump,1730370600,1.0617819711552511e-05,2024-10-31 10:30:00
6qocE7eQhug7pE7CggAvdNJJMtkHjKaVYRSND7Bwpump,1730371500,1.0617819711552511e-05,2024-10-31 10:45:00
6qocE7eQhug7pE7CggAvdNJJMtkHjKaVYRSND7Bwpump,1730372400,1.0378281905003652e-05,2024-10-31 11:00:00
6qocE7eQhug7pE7CggAvdNJJMtkHjKaVYRSND7Bwpump,1730373300,1.0378281905003652e-05,2024-10-31 11:15:00
6qocE7eQhug7pE7CggAvdNJJMtkHjKaVYRSND7Bwpump,1730374200,1.018039582406282e-05,2024-10-31 11:30:00
6qocE7eQhug7pE7CggAvdNJJMtkHjKaVYRSND7Bwpump,1730375100,1.0149077637806197e-05,2024-10-31 11:45:00
6qocE7eQhug7pE7CggAvdNJJMtkHjKaVYRSND7Bwpump,1730376000,1.0149077637806197e-05,2024-10-31 12:00:00
6qocE7eQhug7pE7CggAvdNJJMtkHjKaVYRSND7Bwpump,1730376900,1.0149077637806197e-05,2024-10-31 12:15:00
6qocE7eQhug7pE7CggAvdNJJMtkHjKaVYRSND7Bwpump,1730377800,1.0149077637806197e-05,2024-10-31 12:30:00
6qocE7eQhug7pE7CggAvdNJJMtkHjKaVYRSND7Bwpump,1730378700,1.0149077637806197e-05,2024-10-31 12:45:00
6qocE7eQhug7pE7CggAvdNJJMtkHjKaVYRSND7Bwpump,1730379600,1.0076984662705188e-05,2024-10-31 13:00:00
6qocE7eQhug7pE7CggAvdNJJMtkHjKaVYRSND7Bwpump,1730380500,1.0076984662705188e-05,2024-10-31 13:15:00
6qocE7eQhug7pE7CggAvdNJJMtkHjKaVYRSND7Bwpump,1730381400,1.0076984662705188e-05,2024-10-31 13:30:00
6qocE7eQhug7pE7CggAvdNJJMtkHjKaVYRSND7Bwpump,1730382300,9.948458462107442e-06,2024-10-31 13:45:00
6qocE7eQhug7pE7CggAvdNJJMtkHjKaVYRSND7Bwpump,1730383200,9.866868150898199e-06,2024-10-31 14:00:00
6qocE7eQhug7pE7CggAvdNJJMtkHjKaVYRSND7Bwpump,1730384100,9.725996749330643e-06,2024-10-31 14:15:00
6qocE7eQhug7pE7CggAvdNJJMtkHjKaVYRSND7Bwpump,1730385000,9.725996749330643e-06,2024-10-31 14:30:00
6qocE7eQhug7pE7CggAvdNJJMtkHjKaVYRSND7Bwpump,1730385900,9.658755001343328e-06,2024-10-31 14:45:00
6qocE7eQhug7pE7CggAvdNJJMtkHjKaVYRSND7Bwpump,1730386800,9.658755001343328e-06,2024-10-31 15:00:00
6qocE7eQhug7pE7CggAvdNJJMtkHjKaVYRSND7Bwpump,1730387700,9.73244504347832e-06,2024-10-31 15:15:00
6qocE7eQhug7pE7CggAvdNJJMtkHjKaVYRSND7Bwpump,1730388600,9.73244504347832e-06,2024-10-31 15:30:00
6qocE7eQhug7pE7CggAvdNJJMtkHjKaVYRSND7Bwpump,1730389500,9.73244504347832e-06,2024-10-31 15:45:00
6qocE7eQhug7pE7CggAvdNJJMtkHjKaVYRSND7Bwpump,1730390400,9.557764091775698e-06,2024-10-31 16:00:00
6qocE7eQhug7pE7CggAvdNJJMtkHjKaVYRSND7Bwpump,1730391300,9.446059972982581e-06,2024-10-31 16:15:00
6qocE7eQhug7pE7CggAvdNJJMtkHjKaVYRSND7Bwpump,1730392200,9.446059972982581e-06,2024-10-31 16:30:00
6qocE7eQhug7pE7CggAvdNJJMtkHjKaVYRSND7Bwpump,1730393100,9.369946440465258e-06,2024-10-31 16:45:00
6qocE7eQhug7pE7CggAvdNJJMtkHjKaVYRSND7Bwpump,1730394000,9.262885676980791e-06,2024-10-31 17:00:00
6qocE7eQhug7pE7CggAvdNJJMtkHjKaVYRSND7Bwpump,1730394900,9.095401054953668e-06,2024-10-31 17:15:00
6qocE7eQhug7pE7CggAvdNJJMtkHjKaVYRSND7Bwpump,1730395800,9.095401054953668e-06,2024-10-31 17:30:00
6qocE7eQhug7pE7CggAvdNJJMtkHjKaVYRSND7Bwpump,1730396700,9.033312619412138e-06,2024-10-31 17:45:00
6qocE7eQhug7pE7CggAvdNJJMtkHjKaVYRSND7Bwpump,1730397600,9.033312619412138e-06,2024-10-31 18:00:00
6qocE7eQhug7pE7CggAvdNJJMtkHjKaVYRSND7Bwpump,1730398500,9.033312619412138e-06,2024-10-31 18:15:00
6qocE7eQhug7pE7CggAvdNJJMtkHjKaVYRSND7Bwpump,1730399400,9.033312619412138e-06,2024-10-31 18:30:00
6qocE7eQhug7pE7CggAvdNJJMtkHjKaVYRSND7Bwpump,1730400300,9.033312619412138e-06,2024-10-31 18:45:00
6qocE7eQhug7pE7CggAvdNJJMtkHjKaVYRSND7Bwpump,1730401200,9.033312619412138e-06,2024-10-31 19:00:00
6qocE7eQhug7pE7CggAvdNJJMtkHjKaVYRSND7Bwpump,1730402100,9.033312619412138e-06,2024-10-31 19:15:00
6qocE7eQhug7pE7CggAvdNJJMtkHjKaVYRSND7Bwpump,1730403000,9.033312619412138e-06,2024-10-31 19:30:00
6qocE7eQhug7pE7CggAvdNJJMtkHjKaVYRSND7Bwpump,1730403900,9.033312619412138e-06,2024-10-31 19:45:00
6qocE7eQhug7pE7CggAvdNJJMtkHjKaVYRSND7Bwpump,1730404800,9.033312619412138e-06,2024-10-31 20:00:00
6qocE7eQhug7pE7CggAvdNJJMtkHjKaVYRSND7Bwpump,1730405700,9.033312619412138e-06,2024-10-31 20:15:00
6qocE7eQhug7pE7CggAvdNJJMtkHjKaVYRSND7Bwpump,1730406600,9.033312619412138e-06,2024-10-31 20:30:00
6qocE7eQhug7pE7CggAvdNJJMtkHjKaVYRSND7Bwpump,1730407500,9.033312619412138e-06,2024-10-31 20:45:00
6qocE7eQhug7pE7CggAvdNJJMtkHjKaVYRSND7Bwpump,1730408400,8.964659872715605e-06,2024-10-31 21:00:00
6qocE7eQhug7pE7CggAvdNJJMtkHjKaVYRSND7Bwpump,1730409300,8.964659872715605e-06,2024-10-31 21:15:00
6qocE7eQhug7pE7CggAvdNJJMtkHjKaVYRSND7Bwpump,1730410200,8.964659872715605e-06,2024-10-31 21:30:00
6qocE7eQhug7pE7CggAvdNJJMtkHjKaVYRSND7Bwpump,1730411100,8.964659872715605e-06,2024-10-31 21:45:00
6qocE7eQhug7pE7CggAvdNJJMtkHjKaVYRSND7Bwpump,1730412000,8.964659872715605e-06,2024-10-31 22:00:00
6qocE7eQhug7pE7CggAvdNJJMtkHjKaVYRSND7Bwpump,1730412900,8.964659872715605e-06,2024-10-31 22:15:00
6qocE7eQhug7pE7CggAvdNJJMtkHjKaVYRSND7Bwpump,1730413800,8.964659872715605e-06,2024-10-31 22:30:00
6qocE7eQhug7pE7CggAvdNJJMtkHjKaVYRSND7Bwpump,1730414700,8.964659872715605e-06,2024-10-31 22:45:00
6qocE7eQhug7pE7CggAvdNJJMtkHjKaVYRSND7Bwpump,1730415600,8.941842976816912e-06,2024-10-31 23:00:00
6qocE7eQhug7pE7CggAvdNJJMtkHjKaVYRSND7Bwpump,1730416500,8.941842976816912e-06,2024-10-31 23:15:00
6qocE7eQhug7pE7CggAvdNJJMtkHjKaVYRSND7Bwpump,1730417400,8.941842976816912e-06,2024-10-31 23:30:00
6qocE7eQhug7pE7CggAvdNJJMtkHjKaVYRSND7Bwpump,1730418300,8.941842976816912e-06,2024-10-31 23:45:00
6qocE7eQhug7pE7CggAvdNJJMtkHjKaVYRSND7Bwpump,1730419200,8.941842976816912e-06,2024-11-01 00:00:00
6qocE7eQhug7pE7CggAvdNJJMtkHjKaVYRSND7Bwpump,1730420100,8.941842976816912e-06,2024-11-01 00:15:00
6qocE7eQhug7pE7CggAvdNJJMtkHjKaVYRSND7Bwpump,1730421000,8.941842976816912e-06,2024-11-01 00:30:00
6qocE7eQhug7pE7CggAvdNJJMtkHjKaVYRSND7Bwpump,1730421900,8.941842976816912e-06,2024-11-01 00:45:00
6qocE7eQhug7pE7CggAvdNJJMtkHjKaVYRSND7Bwpump,1730422800,8.941842976816912e-06,2024-11-01 01:00:00
6qocE7eQhug7pE7CggAvdNJJMtkHjKaVYRSND7Bwpump,1730423700,8.941842976816912e-06,2024-11-01 01:15:00
6qocE7eQhug7pE7CggAvdNJJMtkHjKaVYRSND7Bwpump,1730424600,8.9254924320602e-06,2024-11-01 01:30:00
6qocE7eQhug7pE7CggAvdNJJMtkHjKaVYRSND7Bwpump,1730425500,1.8285414162119448e-05,2024-11-01 01:45:00
6qocE7eQhug7pE7CggAvdNJJMtkHjKaVYRSND7Bwpump,1730426400,1.5903615646205348e-05,2024-11-01 02:00:00
6qocE7eQhug7pE7CggAvdNJJMtkHjKaVYRSND7Bwpump,1730427300,1.631199142013648e-05,2024-11-01 02:15:00
6qocE7eQhug7pE7CggAvdNJJMtkHjKaVYRSND7Bwpump,1730428200,1.6182853529240377e-05,2024-11-01 02:30:00
6qocE7eQhug7pE7CggAvdNJJMtkHjKaVYRSND7Bwpump,1730429100,1.5008815198043593e-05,2024-11-01 02:45:00
6qocE7eQhug7pE7CggAvdNJJMtkHjKaVYRSND7Bwpump,1730430000,1.5008815198043593e-05,2024-11-01 03:00:00
6qocE7eQhug7pE7CggAvdNJJMtkHjKaVYRSND7Bwpump,1730430900,1.722564221334086e-05,2024-11-01 03:15:00
6qocE7eQhug7pE7CggAvdNJJMtkHjKaVYRSND7Bwpump,1730431800,2.7755152939118842e-05,2024-11-01 03:30:00
6qocE7eQhug7pE7CggAvdNJJMtkHjKaVYRSND7Bwpump,1730432700,4.2274005485737524e-05,2024-11-01 03:45:00
6qocE7eQhug7pE7CggAvdNJJMtkHjKaVYRSND7Bwpump,1730433600,3.733493721135452e-05,2024-11-01 04:00:00
6qocE7eQhug7pE7CggAvdNJJMtkHjKaVYRSND7Bwpump,1730434500,3.950557959081788e-05,2024-11-01 04:15:00
6qocE7eQhug7pE7CggAvdNJJMtkHjKaVYRSND7Bwpump,1730435400,3.539800898404836e-05,2024-11-01 04:30:00
6qocE7eQhug7pE7CggAvdNJJMtkHjKaVYRSND7Bwpump,1730436300,3.373760100671562e-05,2024-11-01 04:45:00
6qocE7eQhug7pE7CggAvdNJJMtkHjKaVYRSND7Bwpump,1730437200,2.6122559020989796e-05,2024-11-01 05:00:00
6qocE7eQhug7pE7CggAvdNJJMtkHjKaVYRSND7Bwpump,1730438100,2.6434930207309046e-05,2024-11-01 05:15:00
6qocE7eQhug7pE7CggAvdNJJMtkHjKaVYRSND7Bwpump,1730439000,2.574084867546646e-05,2024-11-01 05:30:00
6qocE7eQhug7pE7CggAvdNJJMtkHjKaVYRSND7Bwpump,1730439900,2.4893493860328243e-05,2024-11-01 05:45:00
6qocE7eQhug7pE7CggAvdNJJMtkHjKaVYRSND7Bwpump,1730440800,2.4416075846007576e-05,2024-11-01 06:00:00
6qocE7eQhug7pE7CggAvdNJJMtkHjKaVYRSND7Bwpump,1730441700,2.4308430685757523e-05,2024-11-01 06:15:00
6qocE7eQhug7pE7CggAvdNJJMtkHjKaVYRSND7Bwpump,1730442600,2.4308430685757523e-05,2024-11-01 06:30:00
6qocE7eQhug7pE7CggAvdNJJMtkHjKaVYRSND7Bwpump,1730443500,2.454408908197935e-05,2024-11-01 06:45:00
6qocE7eQhug7pE7CggAvdNJJMtkHjKaVYRSND7Bwpump,1730444400,2.4735150771961515e-05,2024-11-01 07:00:00
6qocE7eQhug7pE7CggAvdNJJMtkHjKaVYRSND7Bwpump,1730445300,2.4436604815022068e-05,2024-11-01 07:15:00
6qocE7eQhug7pE7CggAvdNJJMtkHjKaVYRSND7Bwpump,1730446200,2.4436604815022068e-05,2024-11-01 07:30:00
6qocE7eQhug7pE7CggAvdNJJMtkHjKaVYRSND7Bwpump,1730447100,2.4450470168256343e-05,2024-11-01 07:45:00
6qocE7eQhug7pE7CggAvdNJJMtkHjKaVYRSND7Bwpump,1730448000,2.4450470168256343e-05,2024-11-01 08:00:00
6qocE7eQhug7pE7CggAvdNJJMtkHjKaVYRSND7Bwpump,1730448900,2.4450470168256343e-05,2024-11-01 08:15:00
6qocE7eQhug7pE7CggAvdNJJMtkHjKaVYRSND7Bwpump,1730449800,2.4260457079599306e-05,2024-11-01 08:30:00
6qocE7eQhug7pE7CggAvdNJJMtkHjKaVYRSND7Bwpump,1730450700,2.4293620666108026e-05,2024-11-01 08:45:00
6qocE7eQhug7pE7CggAvdNJJMtkHjKaVYRSND7Bwpump,1730451600,2.4293620666108026e-05,2024-11-01 09:00:00
6qocE7eQhug7pE7CggAvdNJJMtkHjKaVYRSND7Bwpump,1730452500,2.3864325698586696e-05,2024-11-01 09:15:00
6qocE7eQhug7pE7CggAvdNJJMtkHjKaVYRSND7Bwpump,1730453400,2.3864325698586696e-05,2024-11-01 09:30:00
6qocE7eQhug7pE7CggAvdNJJMtkHjKaVYRSND7Bwpump,1730454300,2.3864325698586696e-05,2024-11-01 09:45:00
6qocE7eQhug7pE7CggAvdNJJMtkHjKaVYRSND7Bwpump,1730455200,2.3864325698586696e-05,2024-11-01 10:00:00
6qocE7eQhug7pE7CggAvdNJJMtkHjKaVYRSND7Bwpump,1730456100,2.2966475773081868e-05,2024-11-01 10:15:00
6qocE7eQhug7pE7CggAvdNJJMtkHjKaVYRSND7Bwpump,1730457000,2.2966475773081868e-05,2024-11-01 10:30:00
6qocE7eQhug7pE7CggAvdNJJMtkHjKaVYRSND7Bwpump,1730457900,2.2966475773081868e-05,2024-11-01 10:45:00
6qocE7eQhug7pE7CggAvdNJJMtkHjKaVYRSND7Bwpump,1730458800,2.2358772973569102e-05,2024-11-01 11:00:00
6qocE7eQhug7pE7CggAvdNJJMtkHjKaVYRSND7Bwpump,1730459700,2.2353929558777327e-05,2024-11-01 11:15:00
6qocE7eQhug7pE7CggAvdNJJMtkHjKaVYRSND7Bwpump,1730460600,2.2353929558777327e-05,2024-11-01 11:30:00
6qocE7eQhug7pE7CggAvdNJJMtkHjKaVYRSND7Bwpump,1730461500,2.2353929558777327e-05,2024-11-01 11:45:00
6qocE7eQhug7pE7CggAvdNJJMtkHjKaVYRSND7Bwpump,1730462400,2.2353929558777327e-05,2024-11-01 12:00:00
6qocE7eQhug7pE7CggAvdNJJMtkHjKaVYRSND7Bwpump,1730463300,2.225112875593609e-05,2024-11-01 12:15:00
6qocE7eQhug7pE7CggAvdNJJMtkHjKaVYRSND7Bwpump,1730464200,2.2553314114491436e-05,2024-11-01 12:30:00
6qocE7eQhug7pE7CggAvdNJJMtkHjKaVYRSND7Bwpump,1730465100,2.2553314114491436e-05,2024-11-01 12:45:00
6qocE7eQhug7pE7CggAvdNJJMtkHjKaVYRSND7Bwpump,1730466000,2.2553314114491436e-05,2024-11-01 13:00:00
6qocE7eQhug7pE7CggAvdNJJMtkHjKaVYRSND7Bwpump,1730466900,2.2553314114491436e-05,2024-11-01 13:15:00
6qocE7eQhug7pE7CggAvdNJJMtkHjKaVYRSND7Bwpump,1730467800,2.3311693216029173e-05,2024-11-01 13:30:00
6qocE7eQhug7pE7CggAvdNJJMtkHjKaVYRSND7Bwpump,1730468700,2.3311693216029173e-05,2024-11-01 13:45:00
6qocE7eQhug7pE7CggAvdNJJMtkHjKaVYRSND7Bwpump,1730469600,2.3311693216029173e-05,2024-11-01 14:00:00
6qocE7eQhug7pE7CggAvdNJJMtkHjKaVYRSND7Bwpump,1730470500,1.770070812120149e-05,2024-11-01 14:15:00
6qocE7eQhug7pE7CggAvdNJJMtkHjKaVYRSND7Bwpump,1730471400,1.7233395991394778e-05,2024-11-01 14:30:00
6qocE7eQhug7pE7CggAvdNJJMtkHjKaVYRSND7Bwpump,1730472300,1.7233395991394778e-05,2024-11-01 14:45:00
6qocE7eQhug7pE7CggAvdNJJMtkHjKaVYRSND7Bwpump,1730473200,1.7233395991394778e-05,2024-11-01 15:00:00
6qocE7eQhug7pE7CggAvdNJJMtkHjKaVYRSND7Bwpump,1730474100,1.7233395991394778e-05,2024-11-01 15:15:00
6qocE7eQhug7pE7CggAvdNJJMtkHjKaVYRSND7Bwpump,1730475000,1.6905523614996917e-05,2024-11-01 15:30:00
6qocE7eQhug7pE7CggAvdNJJMtkHjKaVYRSND7Bwpump,1730475900,1.645682456867366e-05,2024-11-01 15:45:00
6qocE7eQhug7pE7CggAvdNJJMtkHjKaVYRSND7Bwpump,1730476800,1.645682456867366e-05,2024-11-01 16:00:00
6qocE7eQhug7pE7CggAvdNJJMtkHjKaVYRSND7Bwpump,1730477700,1.645682456867366e-05,2024-11-01 16:15:00
6qocE7eQhug7pE7CggAvdNJJMtkHjKaVYRSND7Bwpump,1730478600,1.645682456867366e-05,2024-11-01 16:30:00
6qocE7eQhug7pE7CggAvdNJJMtkHjKaVYRSND7Bwpump,1730479500,1.9150572176043278e-05,2024-11-01 16:45:00
6qocE7eQhug7pE7CggAvdNJJMtkHjKaVYRSND7Bwpump,1730480400,1.957148282248542e-05,2024-11-01 17:00:00
6qocE7eQhug7pE7CggAvdNJJMtkHjKaVYRSND7Bwpump,1730481300,2.197063980548974e-05,2024-11-01 17:15:00
6qocE7eQhug7pE7CggAvdNJJMtkHjKaVYRSND7Bwpump,1730482200,2.2100021011848964e-05,2024-11-01 17:30:00
6qocE7eQhug7pE7CggAvdNJJMtkHjKaVYRSND7Bwpump,1730483100,2.122784249998821e-05,2024-11-01 17:45:00
6qocE7eQhug7pE7CggAvdNJJMtkHjKaVYRSND7Bwpump,1730484000,2.122784249998821e-05,2024-11-01 18:00:00
6qocE7eQhug7pE7CggAvdNJJMtkHjKaVYRSND7Bwpump,1730484900,2.122784249998821e-05,2024-11-01 18:15:00
6qocE7eQhug7pE7CggAvdNJJMtkHjKaVYRSND7Bwpump,1730485800,1.936007240286436e-05,2024-11-01 18:30:00
6qocE7eQhug7pE7CggAvdNJJMtkHjKaVYRSND7Bwpump,1730486700,1.7924409390275982e-05,2024-11-01 18:45:00
6qocE7eQhug7pE7CggAvdNJJMtkHjKaVYRSND7Bwpump,1730487600,1.7924409390275982e-05,2024-11-01 19:00:00
6qocE7eQhug7pE7CggAvdNJJMtkHjKaVYRSND7Bwpump,1730488500,1.7924409390275982e-05,2024-11-01 19:15:00
6qocE7eQhug7pE7CggAvdNJJMtkHjKaVYRSND7Bwpump,1730489400,1.7924409390275982e-05,2024-11-01 19:30:00
6qocE7eQhug7pE7CggAvdNJJMtkHjKaVYRSND7Bwpump,1730490300,1.735767006733158e-05,2024-11-01 19:45:00
6qocE7eQhug7pE7CggAvdNJJMtkHjKaVYRSND7Bwpump,1730491200,1.735767006733158e-05,2024-11-01 20:00:00
6qocE7eQhug7pE7CggAvdNJJMtkHjKaVYRSND7Bwpump,1730492100,1.735767006733158e-05,2024-11-01 20:15:00
6qocE7eQhug7pE7CggAvdNJJMtkHjKaVYRSND7Bwpump,1730493000,1.7322213497013825e-05,2024-11-01 20:30:00
6qocE7eQhug7pE7CggAvdNJJMtkHjKaVYRSND7Bwpump,1730493900,1.7322213497013825e-05,2024-11-01 20:45:00
6qocE7eQhug7pE7CggAvdNJJMtkHjKaVYRSND7Bwpump,1730494800,1.7322213497013825e-05,2024-11-01 21:00:00
6qocE7eQhug7pE7CggAvdNJJMtkHjKaVYRSND7Bwpump,1730495700,1.7322213497013825e-05,2024-11-01 21:15:00
6qocE7eQhug7pE7CggAvdNJJMtkHjKaVYRSND7Bwpump,1730496600,1.7322213497013825e-05,2024-11-01 21:30:00
6qocE7eQhug7pE7CggAvdNJJMtkHjKaVYRSND7Bwpump,1730497500,1.7322213497013825e-05,2024-11-01 21:45:00
6qocE7eQhug7pE7CggAvdNJJMtkHjKaVYRSND7Bwpump,1730498400,1.710358135950252e-05,2024-11-01 22:00:00
6qocE7eQhug7pE7CggAvdNJJMtkHjKaVYRSND7Bwpump,1730499300,1.710358135950252e-05,2024-11-01 22:15:00
6qocE7eQhug7pE7CggAvdNJJMtkHjKaVYRSND7Bwpump,1730500200,1.6447858824114405e-05,2024-11-01 22:30:00
6qocE7eQhug7pE7CggAvdNJJMtkHjKaVYRSND7Bwpump,1730501100,1.6717523049929533e-05,2024-11-01 22:45:00
6qocE7eQhug7pE7CggAvdNJJMtkHjKaVYRSND7Bwpump,1730502000,1.7120584237871646e-05,2024-11-01 23:00:00
6qocE7eQhug7pE7CggAvdNJJMtkHjKaVYRSND7Bwpump,1730502900,1.7120584237871646e-05,2024-11-01 23:15:00
6qocE7eQhug7pE7CggAvdNJJMtkHjKaVYRSND7Bwpump,1730503800,1.760202599432009e-05,2024-11-01 23:30:00
6qocE7eQhug7pE7CggAvdNJJMtkHjKaVYRSND7Bwpump,1730504700,1.760202599432009e-05,2024-11-01 23:45:00
6qocE7eQhug7pE7CggAvdNJJMtkHjKaVYRSND7Bwpump,1730505600,1.760202599432009e-05,2024-11-02 00:00:00
6qocE7eQhug7pE7CggAvdNJJMtkHjKaVYRSND7Bwpump,1730506500,1.760202599432009e-05,2024-11-02 00:15:00
6qocE7eQhug7pE7CggAvdNJJMtkHjKaVYRSND7Bwpump,1730507400,1.760202599432009e-05,2024-11-02 00:30:00
6qocE7eQhug7pE7CggAvdNJJMtkHjKaVYRSND7Bwpump,1730508300,1.760202599432009e-05,2024-11-02 00:45:00
6qocE7eQhug7pE7CggAvdNJJMtkHjKaVYRSND7Bwpump,1730509200,1.760202599432009e-05,2024-11-02 01:00:00
6qocE7eQhug7pE7CggAvdNJJMtkHjKaVYRSND7Bwpump,1730510100,1.760202599432009e-05,2024-11-02 01:15:00
6qocE7eQhug7pE7CggAvdNJJMtkHjKaVYRSND7Bwpump,1730511000,1.760202599432009e-05,2024-11-02 01:30:00
6qocE7eQhug7pE7CggAvdNJJMtkHjKaVYRSND7Bwpump,1730511900,1.760202599432009e-05,2024-11-02 01:45:00
6qocE7eQhug7pE7CggAvdNJJMtkHjKaVYRSND7Bwpump,1730512800,1.760202599432009e-05,2024-11-02 02:00:00
6qocE7eQhug7pE7CggAvdNJJMtkHjKaVYRSND7Bwpump,1730513700,1.760202599432009e-05,2024-11-02 02:15:00
6qocE7eQhug7pE7CggAvdNJJMtkHjKaVYRSND7Bwpump,1730514600,1.760202599432009e-05,2024-11-02 02:30:00
6qocE7eQhug7pE7CggAvdNJJMtkHjKaVYRSND7Bwpump,1730515500,1.760202599432009e-05,2024-11-02 02:45:00
6qocE7eQhug7pE7CggAvdNJJMtkHjKaVYRSND7Bwpump,1730516400,1.760202599432009e-05,2024-11-02 03:00:00
6qocE7eQhug7pE7CggAvdNJJMtkHjKaVYRSND7Bwpump,1730517300,1.760202599432009e-05,2024-11-02 03:15:00
6qocE7eQhug7pE7CggAvdNJJMtkHjKaVYRSND7Bwpump,1730518200,1.760202599432009e-05,2024-11-02 03:30:00
6qocE7eQhug7pE7CggAvdNJJMtkHjKaVYRSND7Bwpump,1730519100,1.760202599432009e-05,2024-11-02 03:45:00
6qocE7eQhug7pE7CggAvdNJJMtkHjKaVYRSND7Bwpump,1730520000,1.760202599432009e-05,2024-11-02 04:00:00
6qocE7eQhug7pE7CggAvdNJJMtkHjKaVYRSND7Bwpump,1730520900,1.7787666715494625e-05,2024-11-02 04:15:00
6qocE7eQhug7pE7CggAvdNJJMtkHjKaVYRSND7Bwpump,1730521800,1.7787666715494625e-05,2024-11-02 04:30:00
6qocE7eQhug7pE7CggAvdNJJMtkHjKaVYRSND7Bwpump,1730522700,1.7787666715494625e-05,2024-11-02 04:45:00
6qocE7eQhug7pE7CggAvdNJJMtkHjKaVYRSND7Bwpump,1730523600,1.7787666715494625e-05,2024-11-02 05:00:00
6qocE7eQhug7pE7CggAvdNJJMtkHjKaVYRSND7Bwpump,1730524500,1.7783992123913527e-05,2024-11-02 05:15:00
6qocE7eQhug7pE7CggAvdNJJMtkHjKaVYRSND7Bwpump,1730525400,1.7783992123913527e-05,2024-11-02 05:30:00
6qocE7eQhug7pE7CggAvdNJJMtkHjKaVYRSND7Bwpump,1730526300,1.7783992123913527e-05,2024-11-02 05:45:00
6qocE7eQhug7pE7CggAvdNJJMtkHjKaVYRSND7Bwpump,1730527200,1.7684221350468857e-05,2024-11-02 06:00:00
6qocE7eQhug7pE7CggAvdNJJMtkHjKaVYRSND7Bwpump,1730528100,1.7439242302408796e-05,2024-11-02 06:15:00
6qocE7eQhug7pE7CggAvdNJJMtkHjKaVYRSND7Bwpump,1730529000,1.7439242302408796e-05,2024-11-02 06:30:00
6qocE7eQhug7pE7CggAvdNJJMtkHjKaVYRSND7Bwpump,1730529900,1.740261437666055e-05,2024-11-02 06:45:00
6qocE7eQhug7pE7CggAvdNJJMtkHjKaVYRSND7Bwpump,1730530800,1.740261437666055e-05,2024-11-02 07:00:00
6qocE7eQhug7pE7CggAvdNJJMtkHjKaVYRSND7Bwpump,1730531700,1.740261437666055e-05,2024-11-02 07:15:00
6qocE7eQhug7pE7CggAvdNJJMtkHjKaVYRSND7Bwpump,1730532600,1.740261437666055e-05,2024-11-02 07:30:00
6qocE7eQhug7pE7CggAvdNJJMtkHjKaVYRSND7Bwpump,1730533500,1.740261437666055e-05,2024-11-02 07:45:00
6qocE7eQhug7pE7CggAvdNJJMtkHjKaVYRSND7Bwpump,1730534400,1.740261437666055e-05,2024-11-02 08:00:00
6qocE7eQhug7pE7CggAvdNJJMtkHjKaVYRSND7Bwpump,1730535300,1.740261437666055e-05,2024-11-02 08:15:00
6qocE7eQhug7pE7CggAvdNJJMtkHjKaVYRSND7Bwpump,1730536200,1.740261437666055e-05,2024-11-02 08:30:00
6qocE7eQhug7pE7CggAvdNJJMtkHjKaVYRSND7Bwpump,1730537100,1.740261437666055e-05,2024-11-02 08:45:00
6qocE7eQhug7pE7CggAvdNJJMtkHjKaVYRSND7Bwpump,1730538000,1.740261437666055e-05,2024-11-02 09:00:00
6qocE7eQhug7pE7CggAvdNJJMtkHjKaVYRSND7Bwpump,1730538900,1.740261437666055e-05,2024-11-02 09:15:00
6qocE7eQhug7pE7CggAvdNJJMtkHjKaVYRSND7Bwpump,1730539800,1.740261437666055e-05,2024-11-02 09:30:00
6qocE7eQhug7pE7CggAvdNJJMtkHjKaVYRSND7Bwpump,1730540700,1.740261437666055e-05,2024-11-02 09:45:00
6qocE7eQhug7pE7CggAvdNJJMtkHjKaVYRSND7Bwpump,1730541600,1.740261437666055e-05,2024-11-02 10:00:00
6qocE7eQhug7pE7CggAvdNJJMtkHjKaVYRSND7Bwpump,1730542500,1.740261437666055e-05,2024-11-02 10:15:00
6qocE7eQhug7pE7CggAvdNJJMtkHjKaVYRSND7Bwpump,1730543400,1.740261437666055e-05,2024-11-02 10:30:00
6qocE7eQhug7pE7CggAvdNJJMtkHjKaVYRSND7Bwpump,1730544300,1.740261437666055e-05,2024-11-02 10:45:00
6qocE7eQhug7pE7CggAvdNJJMtkHjKaVYRSND7Bwpump,1730545200,1.740261437666055e-05,2024-11-02 11:00:00
6qocE7eQhug7pE7CggAvdNJJMtkHjKaVYRSND7Bwpump,1730546100,1.740261437666055e-05,2024-11-02 11:15:00
6qocE7eQhug7pE7CggAvdNJJMtkHjKaVYRSND7Bwpump,1730547000,1.740261437666055e-05,2024-11-02 11:30:00
6qocE7eQhug7pE7CggAvdNJJMtkHjKaVYRSND7Bwpump,1730547900,1.740261437666055e-05,2024-11-02 11:45:00
6qocE7eQhug7pE7CggAvdNJJMtkHjKaVYRSND7Bwpump,1730548800,1.7584285106014494e-05,2024-11-02 12:00:00
6qocE7eQhug7pE7CggAvdNJJMtkHjKaVYRSND7Bwpump,1730549700,1.8093590490706598e-05,2024-11-02 12:15:00
6qocE7eQhug7pE7CggAvdNJJMtkHjKaVYRSND7Bwpump,1730550600,1.8640127701388914e-05,2024-11-02 12:30:00
6qocE7eQhug7pE7CggAvdNJJMtkHjKaVYRSND7Bwpump,1730551500,1.8640127701388914e-05,2024-11-02 12:45:00
6qocE7eQhug7pE7CggAvdNJJMtkHjKaVYRSND7Bwpump,1730552400,1.8640127701388914e-05,2024-11-02 13:00:00
6qocE7eQhug7pE7CggAvdNJJMtkHjKaVYRSND7Bwpump,1730553300,1.8640127701388914e-05,2024-11-02 13:15:00
6qocE7eQhug7pE7CggAvdNJJMtkHjKaVYRSND7Bwpump,1730554200,1.8614271412128898e-05,2024-11-02 13:30:00
6qocE7eQhug7pE7CggAvdNJJMtkHjKaVYRSND7Bwpump,1730555100,1.8614271412128898e-05,2024-11-02 13:45:00
6qocE7eQhug7pE7CggAvdNJJMtkHjKaVYRSND7Bwpump,1730556000,1.8406252763429107e-05,2024-11-02 14:00:00
6qocE7eQhug7pE7CggAvdNJJMtkHjKaVYRSND7Bwpump,1730556900,1.8406252763429107e-05,2024-11-02 14:15:00
6qocE7eQhug7pE7CggAvdNJJMtkHjKaVYRSND7Bwpump,1730557800,1.8406252763429107e-05,2024-11-02 14:30:00
6qocE7eQhug7pE7CggAvdNJJMtkHjKaVYRSND7Bwpump,1730558700,1.828438163251805e-05,2024-11-02 14:45:00
6qocE7eQhug7pE7CggAvdNJJMtkHjKaVYRSND7Bwpump,1730559600,1.828438163251805e-05,2024-11-02 15:00:00
6qocE7eQhug7pE7CggAvdNJJMtkHjKaVYRSND7Bwpump,1730560500,1.828438163251805e-05,2024-11-02 15:15:00
6qocE7eQhug7pE7CggAvdNJJMtkHjKaVYRSND7Bwpump,1730561400,1.828438163251805e-05,2024-11-02 15:30:00
6qocE7eQhug7pE7CggAvdNJJMtkHjKaVYRSND7Bwpump,1730562300,1.828438163251805e-05,2024-11-02 15:45:00
6qocE7eQhug7pE7CggAvdNJJMtkHjKaVYRSND7Bwpump,1730563200,1.828438163251805e-05,2024-11-02 16:00:00
6qocE7eQhug7pE7CggAvdNJJMtkHjKaVYRSND7Bwpump,1730564100,1.828438163251805e-05,2024-11-02 16:15:00
6qocE7eQhug7pE7CggAvdNJJMtkHjKaVYRSND7Bwpump,1730565000,1.828438163251805e-05,2024-11-02 16:30:00
6qocE7eQhug7pE7CggAvdNJJMtkHjKaVYRSND7Bwpump,1730565900,1.828438163251805e-05,2024-11-02 16:45:00
6qocE7eQhug7pE7CggAvdNJJMtkHjKaVYRSND7Bwpump,1730566800,1.828438163251805e-05,2024-11-02 17:00:00
6qocE7eQhug7pE7CggAvdNJJMtkHjKaVYRSND7Bwpump,1730567700,1.7939995358272088e-05,2024-11-02 17:15:00
6qocE7eQhug7pE7CggAvdNJJMtkHjKaVYRSND7Bwpump,1730568600,1.7939995358272088e-05,2024-11-02 17:30:00
6qocE7eQhug7pE7CggAvdNJJMtkHjKaVYRSND7Bwpump,1730569500,1.7939995358272088e-05,2024-11-02 17:45:00
6qocE7eQhug7pE7CggAvdNJJMtkHjKaVYRSND7Bwpump,1730570400,1.7939995358272088e-05,2024-11-02 18:00:00
6qocE7eQhug7pE7CggAvdNJJMtkHjKaVYRSND7Bwpump,1730571300,1.7939995358272088e-05,2024-11-02 18:15:00
6qocE7eQhug7pE7CggAvdNJJMtkHjKaVYRSND7Bwpump,1730572200,1.7939995358272088e-05,2024-11-02 18:30:00
6qocE7eQhug7pE7CggAvdNJJMtkHjKaVYRSND7Bwpump,1730573100,1.7939995358272088e-05,2024-11-02 18:45:00
6qocE7eQhug7pE7CggAvdNJJMtkHjKaVYRSND7Bwpump,1730574000,1.7939995358272088e-05,2024-11-02 19:00:00
6qocE7eQhug7pE7CggAvdNJJMtkHjKaVYRSND7Bwpump,1730574900,1.7939995358272088e-05,2024-11-02 19:15:00
6qocE7eQhug7pE7CggAvdNJJMtkHjKaVYRSND7Bwpump,1730575800,1.7939995358272088e-05,2024-11-02 19:30:00
6qocE7eQhug7pE7CggAvdNJJMtkHjKaVYRSND7Bwpump,1730576700,1.720662550271241e-05,2024-11-02 19:45:00
6qocE7eQhug7pE7CggAvdNJJMtkHjKaVYRSND7Bwpump,1730577600,1.720662550271241e-05,2024-11-02 20:00:00
6qocE7eQhug7pE7CggAvdNJJMtkHjKaVYRSND7Bwpump,1730578500,1.6889458706218683e-05,2024-11-02 20:15:00
6qocE7eQhug7pE7CggAvdNJJMtkHjKaVYRSND7Bwpump,1730579400,1.6271375618175043e-05,2024-11-02 20:30:00
6qocE7eQhug7pE7CggAvdNJJMtkHjKaVYRSND7Bwpump,1730580300,1.6271375618175043e-05,2024-11-02 20:45:00
6qocE7eQhug7pE7CggAvdNJJMtkHjKaVYRSND7Bwpump,1730581200,1.6271375618175043e-05,2024-11-02 21:00:00
6qocE7eQhug7pE7CggAvdNJJMtkHjKaVYRSND7Bwpump,1730582100,1.6271375618175043e-05,2024-11-02 21:15:00
6qocE7eQhug7pE7CggAvdNJJMtkHjKaVYRSND7Bwpump,1730583000,1.6271375618175043e-05,2024-11-02 21:30:00
6qocE7eQhug7pE7CggAvdNJJMtkHjKaVYRSND7Bwpump,1730583900,1.5604697735267148e-05,2024-11-02 21:45:00
6qocE7eQhug7pE7CggAvdNJJMtkHjKaVYRSND7Bwpump,1730584800,1.4155595878197583e-05,2024-11-02 22:00:00
6qocE7eQhug7pE7CggAvdNJJMtkHjKaVYRSND7Bwpump,1730585700,1.274909203073247e-05,2024-11-02 22:15:00
6qocE7eQhug7pE7CggAvdNJJMtkHjKaVYRSND7Bwpump,1730586600,1.274909203073247e-05,2024-11-02 22:30:00
6qocE7eQhug7pE7CggAvdNJJMtkHjKaVYRSND7Bwpump,1730587500,1.264035167194677e-05,2024-11-02 22:45:00
6qocE7eQhug7pE7CggAvdNJJMtkHjKaVYRSND7Bwpump,1730588400,1.264035167194677e-05,2024-11-02 23:00:00
6qocE7eQhug7pE7CggAvdNJJMtkHjKaVYRSND7Bwpump,1730589300,1.264035167194677e-05,2024-11-02 23:15:00
6qocE7eQhug7pE7CggAvdNJJMtkHjKaVYRSND7Bwpump,1730590200,1.264035167194677e-05,2024-11-02 23:30:00
6qocE7eQhug7pE7CggAvdNJJMtkHjKaVYRSND7Bwpump,1730591100,1.2644488335706467e-05,2024-11-02 23:45:00
6qocE7eQhug7pE7CggAvdNJJMtkHjKaVYRSND7Bwpump,1730592000,1.2644488335706467e-05,2024-11-03 00:00:00
6qocE7eQhug7pE7CggAvdNJJMtkHjKaVYRSND7Bwpump,1730592900,1.2612284939438164e-05,2024-11-03 00:15:00
6qocE7eQhug7pE7CggAvdNJJMtkHjKaVYRSND7Bwpump,1730593800,1.2829026230063484e-05,2024-11-03 00:30:00
6qocE7eQhug7pE7CggAvdNJJMtkHjKaVYRSND7Bwpump,1730594700,1.2829026230063484e-05,2024-11-03 00:45:00
6qocE7eQhug7pE7CggAvdNJJMtkHjKaVYRSND7Bwpump,1730595600,1.2829026230063484e-05,2024-11-03 01:00:00
6qocE7eQhug7pE7CggAvdNJJMtkHjKaVYRSND7Bwpump,1730596500,1.2829026230063484e-05,2024-11-03 01:15:00
6qocE7eQhug7pE7CggAvdNJJMtkHjKaVYRSND7Bwpump,1730597400,1.2829026230063484e-05,2024-11-03 01:30:00
6qocE7eQhug7pE7CggAvdNJJMtkHjKaVYRSND7Bwpump,1730598300,1.2829026230063484e-05,2024-11-03 01:45:00
6qocE7eQhug7pE7CggAvdNJJMtkHjKaVYRSND7Bwpump,1730599200,1.2829026230063484e-05,2024-11-03 02:00:00
6qocE7eQhug7pE7CggAvdNJJMtkHjKaVYRSND7Bwpump,1730600100,1.2829026230063484e-05,2024-11-03 02:15:00
6qocE7eQhug7pE7CggAvdNJJMtkHjKaVYRSND7Bwpump,1730601000,1.2829026230063484e-05,2024-11-03 02:30:00
6qocE7eQhug7pE7CggAvdNJJMtkHjKaVYRSND7Bwpump,1730601900,1.2829026230063484e-05,2024-11-03 02:45:00
6qocE7eQhug7pE7CggAvdNJJMtkHjKaVYRSND7Bwpump,1730602800,1.2829026230063484e-05,2024-11-03 03:00:00
6qocE7eQhug7pE7CggAvdNJJMtkHjKaVYRSND7Bwpump,1730603700,1.2829026230063484e-05,2024-11-03 03:15:00
6qocE7eQhug7pE7CggAvdNJJMtkHjKaVYRSND7Bwpump,1730604600,1.2829026230063484e-05,2024-11-03 03:30:00
6qocE7eQhug7pE7CggAvdNJJMtkHjKaVYRSND7Bwpump,1730605500,1.2489615127455508e-05,2024-11-03 03:45:00
6qocE7eQhug7pE7CggAvdNJJMtkHjKaVYRSND7Bwpump,1730606400,1.2306133820470178e-05,2024-11-03 04:00:00
6qocE7eQhug7pE7CggAvdNJJMtkHjKaVYRSND7Bwpump,1730607300,1.2306133820470178e-05,2024-11-03 04:15:00
6qocE7eQhug7pE7CggAvdNJJMtkHjKaVYRSND7Bwpump,1730608200,1.2306133820470178e-05,2024-11-03 04:30:00
6qocE7eQhug7pE7CggAvdNJJMtkHjKaVYRSND7Bwpump,1730609100,1.2306133820470178e-05,2024-11-03 04:45:00
6qocE7eQhug7pE7CggAvdNJJMtkHjKaVYRSND7Bwpump,1730610000,1.2306133820470178e-05,2024-11-03 05:00:00
6qocE7eQhug7pE7CggAvdNJJMtkHjKaVYRSND7Bwpump,1730610900,1.2306133820470178e-05,2024-11-03 05:15:00
6qocE7eQhug7pE7CggAvdNJJMtkHjKaVYRSND7Bwpump,1730611800,1.2306133820470178e-05,2024-11-03 05:30:00
6qocE7eQhug7pE7CggAvdNJJMtkHjKaVYRSND7Bwpump,1730612700,1.2306133820470178e-05,2024-11-03 05:45:00
6qocE7eQhug7pE7CggAvdNJJMtkHjKaVYRSND7Bwpump,1730613600,1.2306133820470178e-05,2024-11-03 06:00:00
6qocE7eQhug7pE7CggAvdNJJMtkHjKaVYRSND7Bwpump,1730614500,1.2306133820470178e-05,2024-11-03 06:15:00
6qocE7eQhug7pE7CggAvdNJJMtkHjKaVYRSND7Bwpump,1730615400,1.2306133820470178e-05,2024-11-03 06:30:00
6qocE7eQhug7pE7CggAvdNJJMtkHjKaVYRSND7Bwpump,1730616300,1.2306133820470178e-05,2024-11-03 06:45:00
6qocE7eQhug7pE7CggAvdNJJMtkHjKaVYRSND7Bwpump,1730617200,1.2306133820470178e-05,2024-11-03 07:00:00
6qocE7eQhug7pE7CggAvdNJJMtkHjKaVYRSND7Bwpump,1730618100,1.2306133820470178e-05,2024-11-03 07:15:00
6qocE7eQhug7pE7CggAvdNJJMtkHjKaVYRSND7Bwpump,1730619000,1.2306133820470178e-05,2024-11-03 07:30:00
6qocE7eQhug7pE7CggAvdNJJMtkHjKaVYRSND7Bwpump,1730619900,1.2306133820470178e-05,2024-11-03 07:45:00
6qocE7eQhug7pE7CggAvdNJJMtkHjKaVYRSND7Bwpump,1730620800,1.2306133820470178e-05,2024-11-03 08:00:00
6qocE7eQhug7pE7CggAvdNJJMtkHjKaVYRSND7Bwpump,1730621700,1.2306133820470178e-05,2024-11-03 08:15:00
6qocE7eQhug7pE7CggAvdNJJMtkHjKaVYRSND7Bwpump,1730622600,1.245400365617153e-05,2024-11-03 08:30:00
6qocE7eQhug7pE7CggAvdNJJMtkHjKaVYRSND7Bwpump,1730623500,1.245400365617153e-05,2024-11-03 08:45:00
6qocE7eQhug7pE7CggAvdNJJMtkHjKaVYRSND7Bwpump,1730624400,1.245400365617153e-05,2024-11-03 09:00:00
6qocE7eQhug7pE7CggAvdNJJMtkHjKaVYRSND7Bwpump,1730625300,1.245400365617153e-05,2024-11-03 09:15:00
6qocE7eQhug7pE7CggAvdNJJMtkHjKaVYRSND7Bwpump,1730626200,1.245400365617153e-05,2024-11-03 09:30:00
6qocE7eQhug7pE7CggAvdNJJMtkHjKaVYRSND7Bwpump,1730627100,1.245400365617153e-05,2024-11-03 09:45:00
6qocE7eQhug7pE7CggAvdNJJMtkHjKaVYRSND7Bwpump,1730628000,1.2463307644843984e-05,2024-11-03 10:00:00
6qocE7eQhug7pE7CggAvdNJJMtkHjKaVYRSND7Bwpump,1730628900,1.2484665731192683e-05,2024-11-03 10:15:00
6qocE7eQhug7pE7CggAvdNJJMtkHjKaVYRSND7Bwpump,1730629800,1.2484665731192683e-05,2024-11-03 10:30:00
6qocE7eQhug7pE7CggAvdNJJMtkHjKaVYRSND7Bwpump,1730630700,1.2484665731192683e-05,2024-11-03 10:45:00
6qocE7eQhug7pE7CggAvdNJJMtkHjKaVYRSND7Bwpump,1730631600,1.2484665731192683e-05,2024-11-03 11:00:00
6qocE7eQhug7pE7CggAvdNJJMtkHjKaVYRSND7Bwpump,1730632500,1.2484665731192683e-05,2024-11-03 11:15:00
6qocE7eQhug7pE7CggAvdNJJMtkHjKaVYRSND7Bwpump,1730633400,1.2484665731192683e-05,2024-11-03 11:30:00
6qocE7eQhug7pE7CggAvdNJJMtkHjKaVYRSND7Bwpump,1730634300,1.2484665731192683e-05,2024-11-03 11:45:00
6qocE7eQhug7pE7CggAvdNJJMtkHjKaVYRSND7Bwpump,1730635200,1.2404411851081227e-05,2024-11-03 12:00:00
6qocE7eQhug7pE7CggAvdNJJMtkHjKaVYRSND7Bwpump,1730636100,1.2404411851081227e-05,2024-11-03 12:15:00
6qocE7eQhug7pE7CggAvdNJJMtkHjKaVYRSND7Bwpump,1730637000,1.2330334417795714e-05,2024-11-03 12:30:00
6qocE7eQhug7pE7CggAvdNJJMtkHjKaVYRSND7Bwpump,1730637900,1.2330334417795714e-05,2024-11-03 12:45:00
6qocE7eQhug7pE7CggAvdNJJMtkHjKaVYRSND7Bwpump,1730638800,1.2330334417795714e-05,2024-11-03 13:00:00
6qocE7eQhug7pE7CggAvdNJJMtkHjKaVYRSND7Bwpump,1730639700,1.2330334417795714e-05,2024-11-03 13:15:00
6qocE7eQhug7pE7CggAvdNJJMtkHjKaVYRSND7Bwpump,1730640600,1.2330334417795714e-05,2024-11-03 13:30:00
6qocE7eQhug7pE7CggAvdNJJMtkHjKaVYRSND7Bwpump,1730641500,1.2330334417795714e-05,2024-11-03 13:45:00
6qocE7eQhug7pE7CggAvdNJJMtkHjKaVYRSND7Bwpump,1730642400,1.2330334417795714e-05,2024-11-03 14:00:00
6qocE7eQhug7pE7CggAvdNJJMtkHjKaVYRSND7Bwpump,1730643300,1.2330334417795714e-05,2024-11-03 14:15:00
6qocE7eQhug7pE7CggAvdNJJMtkHjKaVYRSND7Bwpump,1730644200,1.2330334417795714e-05,2024-11-03 14:30:00
6qocE7eQhug7pE7CggAvdNJJMtkHjKaVYRSND7Bwpump,1730645100,1.2330334417795714e-05,2024-11-03 14:45:00
6qocE7eQhug7pE7CggAvdNJJMtkHjKaVYRSND7Bwpump,1730646000,1.2330334417795714e-05,2024-11-03 15:00:00
6qocE7eQhug7pE7CggAvdNJJMtkHjKaVYRSND7Bwpump,1730646900,1.2330334417795714e-05,2024-11-03 15:15:00
6qocE7eQhug7pE7CggAvdNJJMtkHjKaVYRSND7Bwpump,1730647800,1.2330334417795714e-05,2024-11-03 15:30:00
6qocE7eQhug7pE7CggAvdNJJMtkHjKaVYRSND7Bwpump,1730648700,1.2330334417795714e-05,2024-11-03 15:45:00
6qocE7eQhug7pE7CggAvdNJJMtkHjKaVYRSND7Bwpump,1730649600,1.2330334417795714e-05,2024-11-03 16:00:00
6qocE7eQhug7pE7CggAvdNJJMtkHjKaVYRSND7Bwpump,1730650500,1.2330334417795714e-05,2024-11-03 16:15:00
6qocE7eQhug7pE7CggAvdNJJMtkHjKaVYRSND7Bwpump,1730651400,1.2330334417795714e-05,2024-11-03 16:30:00
6qocE7eQhug7pE7CggAvdNJJMtkHjKaVYRSND7Bwpump,1730652300,1.2330334417795714e-05,2024-11-03 16:45:00
6qocE7eQhug7pE7CggAvdNJJMtkHjKaVYRSND7Bwpump,1730653200,1.2330334417795714e-05,2024-11-03 17:00:00
6qocE7eQhug7pE7CggAvdNJJMtkHjKaVYRSND7Bwpump,1730654100,1.2330334417795714e-05,2024-11-03 17:15:00
6qocE7eQhug7pE7CggAvdNJJMtkHjKaVYRSND7Bwpump,1730655000,1.2330334417795714e-05,2024-11-03 17:30:00
6qocE7eQhug7pE7CggAvdNJJMtkHjKaVYRSND7Bwpump,1730655900,1.2330334417795714e-05,2024-11-03 17:45:00
6qocE7eQhug7pE7CggAvdNJJMtkHjKaVYRSND7Bwpump,1730656800,1.2330334417795714e-05,2024-11-03 18:00:00
6qocE7eQhug7pE7CggAvdNJJMtkHjKaVYRSND7Bwpump,1730657700,1.2330334417795714e-05,2024-11-03 18:15:00
6qocE7eQhug7pE7CggAvdNJJMtkHjKaVYRSND7Bwpump,1730658600,1.2330334417795714e-05,2024-11-03 18:30:00
6qocE7eQhug7pE7CggAvdNJJMtkHjKaVYRSND7Bwpump,1730659500,1.2330334417795714e-05,2024-11-03 18:45:00
6qocE7eQhug7pE7CggAvdNJJMtkHjKaVYRSND7Bwpump,1730660400,1.2330334417795714e-05,2024-11-03 19:00:00
6qocE7eQhug7pE7CggAvdNJJMtkHjKaVYRSND7Bwpump,1730661300,1.2330334417795714e-05,2024-11-03 19:15:00
6qocE7eQhug7pE7CggAvdNJJMtkHjKaVYRSND7Bwpump,1730662200,1.2330334417795714e-05,2024-11-03 19:30:00
6qocE7eQhug7pE7CggAvdNJJMtkHjKaVYRSND7Bwpump,1730663100,1.2330334417795714e-05,2024-11-03 19:45:00
6qocE7eQhug7pE7CggAvdNJJMtkHjKaVYRSND7Bwpump,1730664000,1.2330334417795714e-05,2024-11-03 20:00:00
6qocE7eQhug7pE7CggAvdNJJMtkHjKaVYRSND7Bwpump,1730664900,1.2330334417795714e-05,2024-11-03 20:15:00
6qocE7eQhug7pE7CggAvdNJJMtkHjKaVYRSND7Bwpump,1730665800,1.2330334417795714e-05,2024-11-03 20:30:00
6qocE7eQhug7pE7CggAvdNJJMtkHjKaVYRSND7Bwpump,1730666700,1.2330334417795714e-05,2024-11-03 20:45:00
6qocE7eQhug7pE7CggAvdNJJMtkHjKaVYRSND7Bwpump,1730667600,1.2330334417795714e-05,2024-11-03 21:00:00
6qocE7eQhug7pE7CggAvdNJJMtkHjKaVYRSND7Bwpump,1730668500,1.2330334417795714e-05,2024-11-03 21:15:00
6qocE7eQhug7pE7CggAvdNJJMtkHjKaVYRSND7Bwpump,1730669400,1.2330334417795714e-05,2024-11-03 21:30:00
6qocE7eQhug7pE7CggAvdNJJMtkHjKaVYRSND7Bwpump,1730670300,1.2330334417795714e-05,2024-11-03 21:45:00
6qocE7eQhug7pE7CggAvdNJJMtkHjKaVYRSND7Bwpump,1730671200,1.2330334417795714e-05,2024-11-03 22:00:00
6qocE7eQhug7pE7CggAvdNJJMtkHjKaVYRSND7Bwpump,1730672100,1.2330334417795714e-05,2024-11-03 22:15:00
6qocE7eQhug7pE7CggAvdNJJMtkHjKaVYRSND7Bwpump,1730673000,1.2330334417795714e-05,2024-11-03 22:30:00
6qocE7eQhug7pE7CggAvdNJJMtkHjKaVYRSND7Bwpump,1730673900,1.2330334417795714e-05,2024-11-03 22:45:00
6qocE7eQhug7pE7CggAvdNJJMtkHjKaVYRSND7Bwpump,1730674800,1.2330334417795714e-05,2024-11-03 23:00:00
6qocE7eQhug7pE7CggAvdNJJMtkHjKaVYRSND7Bwpump,1730675700,1.2330334417795714e-05,2024-11-03 23:15:00
6qocE7eQhug7pE7CggAvdNJJMtkHjKaVYRSND7Bwpump,1730676600,1.2330334417795714e-05,2024-11-03 23:30:00
6qocE7eQhug7pE7CggAvdNJJMtkHjKaVYRSND7Bwpump,1730677500,1.2330334417795714e-05,2024-11-03 23:45:00
6qocE7eQhug7pE7CggAvdNJJMtkHjKaVYRSND7Bwpump,1730678400,1.2330334417795714e-05,2024-11-04 00:00:00
6qocE7eQhug7pE7CggAvdNJJMtkHjKaVYRSND7Bwpump,1730679300,1.2330334417795714e-05,2024-11-04 00:15:00
6qocE7eQhug7pE7CggAvdNJJMtkHjKaVYRSND7Bwpump,1730680200,1.2330334417795714e-05,2024-11-04 00:30:00
6qocE7eQhug7pE7CggAvdNJJMtkHjKaVYRSND7Bwpump,1730681100,1.1864926376103391e-05,2024-11-04 00:45:00
6qocE7eQhug7pE7CggAvdNJJMtkHjKaVYRSND7Bwpump,1730682000,1.182410650873674e-05,2024-11-04 01:00:00
6qocE7eQhug7pE7CggAvdNJJMtkHjKaVYRSND7Bwpump,1730682900,1.182410650873674e-05,2024-11-04 01:15:00
6qocE7eQhug7pE7CggAvdNJJMtkHjKaVYRSND7Bwpump,1730683800,1.182410650873674e-05,2024-11-04 01:30:00
6qocE7eQhug7pE7CggAvdNJJMtkHjKaVYRSND7Bwpump,1730684700,1.182410650873674e-05,2024-11-04 01:45:00
6qocE7eQhug7pE7CggAvdNJJMtkHjKaVYRSND7Bwpump,1730685600,1.182410650873674e-05,2024-11-04 02:00:00
6qocE7eQhug7pE7CggAvdNJJMtkHjKaVYRSND7Bwpump,1730686500,1.182410650873674e-05,2024-11-04 02:15:00
6qocE7eQhug7pE7CggAvdNJJMtkHjKaVYRSND7Bwpump,1730687400,1.182410650873674e-05,2024-11-04 02:30:00
6qocE7eQhug7pE7CggAvdNJJMtkHjKaVYRSND7Bwpump,1730688300,1.182410650873674e-05,2024-11-04 02:45:00
6qocE7eQhug7pE7CggAvdNJJMtkHjKaVYRSND7Bwpump,1730689200,1.182410650873674e-05,2024-11-04 03:00:00
6qocE7eQhug7pE7CggAvdNJJMtkHjKaVYRSND7Bwpump,1730690100,1.182410650873674e-05,2024-11-04 03:15:00
6qocE7eQhug7pE7CggAvdNJJMtkHjKaVYRSND7Bwpump,1730691000,1.182410650873674e-05,2024-11-04 03:30:00
6qocE7eQhug7pE7CggAvdNJJMtkHjKaVYRSND7Bwpump,1730691900,1.182410650873674e-05,2024-11-04 03:45:00
6qocE7eQhug7pE7CggAvdNJJMtkHjKaVYRSND7Bwpump,1730692800,1.182410650873674e-05,2024-11-04 04:00:00
6qocE7eQhug7pE7CggAvdNJJMtkHjKaVYRSND7Bwpump,1730693700,1.228780899993655e-05,2024-11-04 04:15:00
6qocE7eQhug7pE7CggAvdNJJMtkHjKaVYRSND7Bwpump,1730694600,1.2615333320080835e-05,2024-11-04 04:30:00
6qocE7eQhug7pE7CggAvdNJJMtkHjKaVYRSND7Bwpump,1730695500,1.2615333320080835e-05,2024-11-04 04:45:00
6qocE7eQhug7pE7CggAvdNJJMtkHjKaVYRSND7Bwpump,1730696400,1.2469954881474989e-05,2024-11-04 05:00:00
6qocE7eQhug7pE7CggAvdNJJMtkHjKaVYRSND7Bwpump,1730697300,1.2473946658286839e-05,2024-11-04 05:15:00
6qocE7eQhug7pE7CggAvdNJJMtkHjKaVYRSND7Bwpump,1730698200,1.2473946658286839e-05,2024-11-04 05:30:00
6qocE7eQhug7pE7CggAvdNJJMtkHjKaVYRSND7Bwpump,1730699100,1.2473946658286839e-05,2024-11-04 05:45:00
6qocE7eQhug7pE7CggAvdNJJMtkHjKaVYRSND7Bwpump,1730700000,1.2473946658286839e-05,2024-11-04 06:00:00
6qocE7eQhug7pE7CggAvdNJJMtkHjKaVYRSND7Bwpump,1730700900,1.2473946658286839e-05,2024-11-04 06:15:00
6qocE7eQhug7pE7CggAvdNJJMtkHjKaVYRSND7Bwpump,1730701800,1.2473946658286839e-05,2024-11-04 06:30:00
6qocE7eQhug7pE7CggAvdNJJMtkHjKaVYRSND7Bwpump,1730702700,1.2473946658286839e-05,2024-11-04 06:45:00
6qocE7eQhug7pE7CggAvdNJJMtkHjKaVYRSND7Bwpump,1730703600,1.2473946658286839e-05,2024-11-04 07:00:00
6qocE7eQhug7pE7CggAvdNJJMtkHjKaVYRSND7Bwpump,1730704500,1.2473946658286839e-05,2024-11-04 07:15:00
