unixTime,value,timestamp
1728109800,0.0009993817337717618,2024-10-05 06:30:00
1728110700,0.0010306859531220933,2024-10-05 06:45:00
1728111600,0.0009396588620561949,2024-10-05 07:00:00
1728112500,0.0010881709328807848,2024-10-05 07:15:00
1728113400,0.001039476761927995,2024-10-05 07:30:00
1728114300,0.0011263698712995246,2024-10-05 07:45:00
1728115200,0.0010384606135924045,2024-10-05 08:00:00
1728116100,0.0009020279816586606,2024-10-05 08:15:00
1728117000,0.0009402768758399945,2024-10-05 08:30:00
1728117900,0.0008200658232552304,2024-10-05 08:45:00
1728118800,0.0009623959120405761,2024-10-05 09:00:00
1728119700,0.0009983422641623428,2024-10-05 09:15:00
1728120600,0.001092216989433116,2024-10-05 09:30:00
1728121500,0.0011306748918061093,2024-10-05 09:45:00
1728122400,0.0013141274291870188,2024-10-05 10:00:00
1728123300,0.0012730491082406604,2024-10-05 10:15:00
1728124200,0.0011933618679037348,2024-10-05 10:30:00
1728125100,0.0010136825523684781,2024-10-05 10:45:00
1728126000,0.0009465065010227198,2024-10-05 11:00:00
1728126900,0.0008763362238511859,2024-10-05 11:15:00
1728127800,0.0010783205169404497,2024-10-05 11:30:00
1728128700,0.0010947981087363397,2024-10-05 11:45:00
1728129600,0.0010731992581456667,2024-10-05 12:00:00
1728130500,0.0009665583463787456,2024-10-05 12:15:00
1728131400,0.0009326009020949687,2024-10-05 12:30:00
1728132300,0.0009661945544635855,2024-10-05 12:45:00
1728133200,0.0008965848004372882,2024-10-05 13:00:00
1728134100,0.0010290649636999873,2024-10-05 13:15:00
1728135000,0.001184832277371577,2024-10-05 13:30:00
1728135900,0.001178051617357023,2024-10-05 13:45:00
1728136800,0.0010941482580834438,2024-10-05 14:00:00
1728137700,0.0010134395505219658,2024-10-05 14:15:00
1728138600,0.0010487848778590436,2024-10-05 14:30:00
1728139500,0.0010387338725929896,2024-10-05 14:45:00
1728140400,0.0008219077172442146,2024-10-05 15:00:00
1728141300,0.0006953718290429822,2024-10-05 15:15:00
1728142200,0.0008118034078395793,2024-10-05 15:30:00
1728143100,0.0007715162863840115,2024-10-05 15:45:00
1728144000,0.0007108101773946296,2024-10-05 16:00:00
1728144900,0.0007108866216635318,2024-10-05 16:15:00
1728145800,0.0007132430331470946,2024-10-05 16:30:00
1728146700,0.0008264559696917645,2024-10-05 16:45:00
1728147600,0.0009117918560850833,2024-10-05 17:00:00
1728148500,0.0009396657041473286,2024-10-05 17:15:00
1728149400,0.000793619584028459,2024-10-05 17:30:00
1728150300,0.0007862883108722405,2024-10-05 17:45:00
1728151200,0.0006784576911421238,2024-10-05 18:00:00
1728152100,0.0005893536790983925,2024-10-05 18:15:00
1728153000,0.0005841940358389539,2024-10-05 18:30:00
1728153900,0.0005479187315962486,2024-10-05 18:45:00
1728154800,0.0004987944218476587,2024-10-05 19:00:00
1728155700,0.00046048220262154266,2024-10-05 19:15:00
1728156600,0.0003970431435368215,2024-10-05 19:30:00
1728157500,0.0004206243016005343,2024-10-05 19:45:00
1728158400,0.00047383308018505586,2024-10-05 20:00:00
1728159300,0.0005488488585144931,2024-10-05 20:15:00
1728160200,0.0006038969587285428,2024-10-05 20:30:00
1728161100,0.0005910651852662715,2024-10-05 20:45:00
1728162000,0.0005604804220087091,2024-10-05 21:00:00
1728162900,0.0005188243470753502,2024-10-05 21:15:00
1728163800,0.0004889848529846271,2024-10-05 21:30:00
1728164700,0.00040701861129736975,2024-10-05 21:45:00
1728165600,0.00040297046426607643,2024-10-05 22:00:00
1728166500,0.00041892340948524966,2024-10-05 22:15:00
1728167400,0.0006497935478338658,2024-10-05 22:30:00
1728168300,0.0006059822515210183,2024-10-05 22:45:00
1728169200,0.0005294986554483406,2024-10-05 23:00:00
1728170100,0.0004736256546320036,2024-10-05 23:15:00
1728171000,0.0004972586783177799,2024-10-05 23:30:00
1728171900,0.0004944344270326295,2024-10-05 23:45:00
1728172800,0.0005177964465401199,2024-10-06 00:00:00
1728173700,0.0005011291726339209,2024-10-06 00:15:00
1728174600,0.0004923937741238202,2024-10-06 00:30:00
1728175500,0.0004881059441270395,2024-10-06 00:45:00
1728176400,0.0005570689631327624,2024-10-06 01:00:00
1728177300,0.0005443236990706671,2024-10-06 01:15:00
1728178200,0.0004842262348537181,2024-10-06 01:30:00
1728179100,0.00047265138254303375,2024-10-06 01:45:00
1728180000,0.00047008160536185116,2024-10-06 02:00:00
1728180900,0.000426303976455815,2024-10-06 02:15:00
1728181800,0.0004126252515195127,2024-10-06 02:30:00
1728182700,0.0004587166685273676,2024-10-06 02:45:00
1728183600,0.0004792148638991899,2024-10-06 03:00:00
1728184500,0.0004685285179199596,2024-10-06 03:15:00
1728185400,0.00046780828791748787,2024-10-06 03:30:00
1728186300,0.0004601673165369272,2024-10-06 03:45:00
1728187200,0.0005000189856479362,2024-10-06 04:00:00
1728188100,0.0005272623648740525,2024-10-06 04:15:00
1728189000,0.000610383120021172,2024-10-06 04:30:00
1728189900,0.000735892342285412,2024-10-06 04:45:00
1728190800,0.0006037433769230967,2024-10-06 05:00:00
1728191700,0.0006214476883991784,2024-10-06 05:15:00
1728192600,0.0006183128166822798,2024-10-06 05:30:00
1728193500,0.0005933723319818359,2024-10-06 05:45:00
1728194400,0.0006129636684140895,2024-10-06 06:00:00
1728195300,0.0008301518547054392,2024-10-06 06:15:00
1728196200,0.0009281509660955664,2024-10-06 06:30:00
1728197100,0.0008422164712391084,2024-10-06 06:45:00
1728198000,0.0008778936483612533,2024-10-06 07:00:00
1728198900,0.0008273609290313575,2024-10-06 07:15:00
1728199800,0.0007375840740759058,2024-10-06 07:30:00
1728200700,0.0008793586690888842,2024-10-06 07:45:00
1728201600,0.0009110947286525721,2024-10-06 08:00:00
1728202500,0.0009824943936358643,2024-10-06 08:15:00
1728203400,0.0009511045961019661,2024-10-06 08:30:00
1728204300,0.0009324572365079235,2024-10-06 08:45:00
1728205200,0.0009030701123841326,2024-10-06 09:00:00
1728206100,0.0007154140042849243,2024-10-06 09:15:00
1728207000,0.0007972254557586537,2024-10-06 09:30:00
1728207900,0.0008200767300470225,2024-10-06 09:45:00
1728208800,0.0007647985784249308,2024-10-06 10:00:00
1728209700,0.0007657298770840671,2024-10-06 10:15:00
1728210600,0.0007402407185590838,2024-10-06 10:30:00
1728211500,0.0006641081097294887,2024-10-06 10:45:00
1728212400,0.0006501704445507669,2024-10-06 11:00:00
1728213300,0.0006690664937117249,2024-10-06 11:15:00
1728214200,0.0006724080692209989,2024-10-06 11:30:00
1728215100,0.0006628339105430175,2024-10-06 11:45:00
1728216000,0.0005974506084395126,2024-10-06 12:00:00
1728216900,0.0005928024514942193,2024-10-06 12:15:00
1728217800,0.0005675863953787437,2024-10-06 12:30:00
1728218700,0.0005696073068222216,2024-10-06 12:45:00
1728219600,0.0006702262131629474,2024-10-06 13:00:00
1728220500,0.0006696556891096346,2024-10-06 13:15:00
1728221400,0.000683887561807743,2024-10-06 13:30:00
1728222300,0.0007534441015028236,2024-10-06 13:45:00
1728223200,0.0006766213257750255,2024-10-06 14:00:00
1728224100,0.0006970271480750539,2024-10-06 14:15:00
1728225000,0.0008962058291734911,2024-10-06 14:30:00
1728225900,0.0008737668834602067,2024-10-06 14:45:00
1728226800,0.001121391982223223,2024-10-06 15:00:00
1728227700,0.002051856291943583,2024-10-06 15:15:00
1728228600,0.0018219302895920535,2024-10-06 15:30:00
1728229500,0.0021025859537080376,2024-10-06 15:45:00
1728230400,0.0019172164217889495,2024-10-06 16:00:00
1728231300,0.001724767661253336,2024-10-06 16:15:00
1728232200,0.0015927112625101873,2024-10-06 16:30:00
1728233100,0.0018085263105167802,2024-10-06 16:45:00
1728234000,0.0015085978179052448,2024-10-06 17:00:00
1728234900,0.0014381995632588497,2024-10-06 17:15:00
1728235800,0.0012943426367596161,2024-10-06 17:30:00
1728236700,0.0012709943840019365,2024-10-06 17:45:00
1728237600,0.0014240729034692456,2024-10-06 18:00:00
1728238500,0.001300424356649675,2024-10-06 18:15:00
1728239400,0.0013399040227726757,2024-10-06 18:30:00
1728240300,0.0013658198263956647,2024-10-06 18:45:00
1728241200,0.0012240130104902269,2024-10-06 19:00:00
1728242100,0.0011582880844125145,2024-10-06 19:15:00
1728243000,0.0010724813099902014,2024-10-06 19:30:00
1728243900,0.0011712765926540417,2024-10-06 19:45:00
1728244800,0.0012843036050794918,2024-10-06 20:00:00
1728245700,0.001404142845437762,2024-10-06 20:15:00
1728246600,0.0014311782816069586,2024-10-06 20:30:00
1728247500,0.0013971457130800625,2024-10-06 20:45:00
1728248400,0.0013614120152754114,2024-10-06 21:00:00
1728249300,0.001129793372648961,2024-10-06 21:15:00
1728250200,0.001049848535196729,2024-10-06 21:30:00
1728251100,0.0010920833312698878,2024-10-06 21:45:00
1728252000,0.000972171546753358,2024-10-06 22:00:00
1728252900,0.0011221287367319962,2024-10-06 22:15:00
1728253800,0.0012515447066629927,2024-10-06 22:30:00
1728254700,0.0010857589000009766,2024-10-06 22:45:00
1728255600,0.0011068427580165237,2024-10-06 23:00:00
1728256500,0.0010447568091824005,2024-10-06 23:15:00
1728257400,0.0012016044352171872,2024-10-06 23:30:00
1728258300,0.0011302144099630007,2024-10-06 23:45:00
1728259200,0.001467683891661898,2024-10-07 00:00:00
1728260100,0.0012799725597505576,2024-10-07 00:15:00
1728261000,0.001485509048683561,2024-10-07 00:30:00
1728261900,0.001427764059392889,2024-10-07 00:45:00
1728262800,0.0012586717803715539,2024-10-07 01:00:00
1728263700,0.0010714047096541564,2024-10-07 01:15:00
1728264600,0.0010440226835831854,2024-10-07 01:30:00
1728265500,0.0011386857904215346,2024-10-07 01:45:00
1728266400,0.001081951665313243,2024-10-07 02:00:00
1728267300,0.001116282373220995,2024-10-07 02:15:00
1728268200,0.0011091548156943224,2024-10-07 02:30:00
1728269100,0.0011781295844387205,2024-10-07 02:45:00
1728270000,0.0010633293731184322,2024-10-07 03:00:00
1728270900,0.0010678149654456087,2024-10-07 03:15:00
1728271800,0.0010943643453042596,2024-10-07 03:30:00
1728272700,0.001123403478549608,2024-10-07 03:45:00
1728273600,0.0012060942544294382,2024-10-07 04:00:00
1728274500,0.0012096253572617208,2024-10-07 04:15:00
1728275400,0.0011040666818375215,2024-10-07 04:30:00
1728276300,0.0012019961388205877,2024-10-07 04:45:00
1728277200,0.0015960720608536195,2024-10-07 05:00:00
1728278100,0.001495912993744068,2024-10-07 05:15:00
1728279000,0.0016784584282781344,2024-10-07 05:30:00
1728279900,0.001574744497731216,2024-10-07 05:45:00
1728280800,0.0016465362214831093,2024-10-07 06:00:00
1728281700,0.0019228612597880152,2024-10-07 06:15:00
1728282600,0.00179847745916554,2024-10-07 06:30:00
1728283500,0.0016535038740726285,2024-10-07 06:45:00
1728284400,0.001482539655122629,2024-10-07 07:00:00
1728285300,0.0014690289240787953,2024-10-07 07:15:00
1728286200,0.0014801940689408838,2024-10-07 07:30:00
1728287100,0.0015259563609758024,2024-10-07 07:45:00
1728288000,0.00164134085861144,2024-10-07 08:00:00
1728288900,0.0014547355651442465,2024-10-07 08:15:00
1728289800,0.0018879968972978704,2024-10-07 08:30:00
1728290700,0.0017809381188879222,2024-10-07 08:45:00
1728291600,0.0018168329651015525,2024-10-07 09:00:00
1728292500,0.0015369205409658886,2024-10-07 09:15:00
1728293400,0.001637882527829564,2024-10-07 09:30:00
1728294300,0.0015905857116384572,2024-10-07 09:45:00
1728295200,0.0014820239793142211,2024-10-07 10:00:00
1728296100,0.0014708902220419724,2024-10-07 10:15:00
1728297000,0.0014799952824676467,2024-10-07 10:30:00
1728297900,0.001403615993021316,2024-10-07 10:45:00
1728298800,0.001404202004063912,2024-10-07 11:00:00
1728299700,0.0014290765972665752,2024-10-07 11:15:00
1728300600,0.0016040069556247365,2024-10-07 11:30:00
1728301500,0.0015780353444059592,2024-10-07 11:45:00
1728302400,0.0015940056151777097,2024-10-07 12:00:00
1728303300,0.0016184123776442354,2024-10-07 12:15:00
1728304200,0.001436394703824327,2024-10-07 12:30:00
1728305100,0.0014113504511392846,2024-10-07 12:45:00
1728306000,0.0012839480678714114,2024-10-07 13:00:00
1728306900,0.001302673731689954,2024-10-07 13:15:00
1728307800,0.001207000830951213,2024-10-07 13:30:00
1728308700,0.0013212186193796041,2024-10-07 13:45:00
1728309600,0.0013371060065798732,2024-10-07 14:00:00
1728310500,0.0014053022735080367,2024-10-07 14:15:00
1728311400,0.001465737362340199,2024-10-07 14:30:00
1728312300,0.0013306482423126314,2024-10-07 14:45:00
1728313200,0.001194591011105811,2024-10-07 15:00:00
1728314100,0.001493484651051241,2024-10-07 15:15:00
1728315000,0.0014165830974272038,2024-10-07 15:30:00
1728315900,0.0014779999014784438,2024-10-07 15:45:00
1728316800,0.001954740211238126,2024-10-07 16:00:00
1728317700,0.0018247393961588413,2024-10-07 16:15:00
1728318600,0.0018266857783660554,2024-10-07 16:30:00
1728319500,0.0019273813987514311,2024-10-07 16:45:00
1728320400,0.0023050881350118557,2024-10-07 17:00:00
1728321300,0.0021799301232305313,2024-10-07 17:15:00
1728322200,0.0023141327899606798,2024-10-07 17:30:00
1728323100,0.0025230603234898774,2024-10-07 17:45:00
1728324000,0.002825836585629443,2024-10-07 18:00:00
1728324900,0.002378465255196811,2024-10-07 18:15:00
1728325800,0.0026556403325374064,2024-10-07 18:30:00
1728326700,0.002596995562336883,2024-10-07 18:45:00
1728327600,0.0022936244577409187,2024-10-07 19:00:00
1728328500,0.002132839604504008,2024-10-07 19:15:00
1728329400,0.002217412510091174,2024-10-07 19:30:00
1728330300,0.0023781321710467135,2024-10-07 19:45:00
1728331200,0.00231870077143313,2024-10-07 20:00:00
1728332100,0.002229314018638274,2024-10-07 20:15:00
1728333000,0.0019069754195364045,2024-10-07 20:30:00
1728333900,0.00212421262051989,2024-10-07 20:45:00
1728334800,0.0023366369581383126,2024-10-07 21:00:00
1728335700,0.0030652582885462767,2024-10-07 21:15:00
1728336600,0.003426680387384455,2024-10-07 21:30:00
1728337500,0.0035291747215779393,2024-10-07 21:45:00
1728338400,0.003060332228868018,2024-10-07 22:00:00
1728339300,0.0029865617370661256,2024-10-07 22:15:00
1728340200,0.0028957247205657747,2024-10-07 22:30:00
1728341100,0.0026678775295194386,2024-10-07 22:45:00
1728342000,0.0027537083751475178,2024-10-07 23:00:00
1728342900,0.0028557738619346307,2024-10-07 23:15:00
1728343800,0.002951637235266747,2024-10-07 23:30:00
1728344700,0.0030928944473775487,2024-10-07 23:45:00
1728345600,0.003033757474351838,2024-10-08 00:00:00
1728346500,0.002664836302482422,2024-10-08 00:15:00
1728347400,0.0027216606335660155,2024-10-08 00:30:00
1728348300,0.0023849888772485383,2024-10-08 00:45:00
1728349200,0.002557407350931717,2024-10-08 01:00:00
1728350100,0.002598723877797642,2024-10-08 01:15:00
1728351000,0.0029866698827541414,2024-10-08 01:30:00
1728351900,0.003219619370368728,2024-10-08 01:45:00
1728352800,0.0032746118316541156,2024-10-08 02:00:00
1728353700,0.0036388058977127997,2024-10-08 02:15:00
1728354600,0.003354736174781423,2024-10-08 02:30:00
1728355500,0.003762591977918571,2024-10-08 02:45:00
1728356400,0.0033386805146753706,2024-10-08 03:00:00
1728357300,0.003167545949742827,2024-10-08 03:15:00
1728358200,0.0030965459926532856,2024-10-08 03:30:00
1728359100,0.0031737841697168623,2024-10-08 03:45:00
1728360000,0.003239763568360299,2024-10-08 04:00:00
1728360900,0.003177140952465482,2024-10-08 04:15:00
1728361800,0.003292746398205849,2024-10-08 04:30:00
1728362700,0.0033257846437294,2024-10-08 04:45:00
1728363600,0.00391873110397433,2024-10-08 05:00:00
1728364500,0.0036610154551645242,2024-10-08 05:15:00
1728365400,0.0036147720652877535,2024-10-08 05:30:00
1728366300,0.0032891562934883305,2024-10-08 05:45:00
1728367200,0.003403576079192447,2024-10-08 06:00:00
1728368100,0.003237648713151767,2024-10-08 06:15:00
1728369000,0.003334189845928091,2024-10-08 06:30:00
1728369900,0.0032679623232262606,2024-10-08 06:45:00
1728370800,0.0035326633138316513,2024-10-08 07:00:00
1728371700,0.0032233547472672796,2024-10-08 07:15:00
1728372600,0.0031321089571255786,2024-10-08 07:30:00
1728373500,0.0032478463913849006,2024-10-08 07:45:00
1728374400,0.003362786449054592,2024-10-08 08:00:00
1728375300,0.0032933897527067644,2024-10-08 08:15:00
1728376200,0.0031632165079272805,2024-10-08 08:30:00
1728377100,0.0031829246923151494,2024-10-08 08:45:00
1728378000,0.00301245101030749,2024-10-08 09:00:00
1728378900,0.0028178114260120693,2024-10-08 09:15:00
1728379800,0.0025913822047605585,2024-10-08 09:30:00
1728380700,0.0027114808019574636,2024-10-08 09:45:00
1728381600,0.0026874243239860904,2024-10-08 10:00:00
1728382500,0.002837209768500911,2024-10-08 10:15:00
1728383400,0.003103089800375576,2024-10-08 10:30:00
1728384300,0.002857556178545299,2024-10-08 10:45:00
1728385200,0.0030060636087920227,2024-10-08 11:00:00
1728386100,0.002992258632208975,2024-10-08 11:15:00
1728387000,0.003154562981305215,2024-10-08 11:30:00
1728387900,0.002958445832270279,2024-10-08 11:45:00
1728388800,0.002724036941255952,2024-10-08 12:00:00
1728389700,0.002674320206085543,2024-10-08 12:15:00
1728390600,0.002548550073980501,2024-10-08 12:30:00
1728391500,0.002433934905467015,2024-10-08 12:45:00
1728392400,0.002596129591424723,2024-10-08 13:00:00
1728393300,0.0025007483791734883,2024-10-08 13:15:00
1728394200,0.0025162621611978238,2024-10-08 13:30:00
1728395100,0.002479393704368958,2024-10-08 13:45:00
1728396000,0.0024760409081383853,2024-10-08 14:00:00
1728396900,0.0025310306138532994,2024-10-08 14:15:00
1728397800,0.0023172892081016272,2024-10-08 14:30:00
1728398700,0.002320019074573155,2024-10-08 14:45:00
1728399600,0.002281885141737999,2024-10-08 15:00:00
1728400500,0.0023124310094123483,2024-10-08 15:15:00
1728401400,0.0022330652759096326,2024-10-08 15:30:00
1728402300,0.002417632779309336,2024-10-08 15:45:00
1728403200,0.002400476235110668,2024-10-08 16:00:00
1728404100,0.0022550589065084376,2024-10-08 16:15:00
1728405000,0.0022139124200232984,2024-10-08 16:30:00
1728405900,0.002478114557273653,2024-10-08 16:45:00
1728406800,0.00257113197530566,2024-10-08 17:00:00
1728407700,0.0024886415910100154,2024-10-08 17:15:00
1728408600,0.0025040893545748236,2024-10-08 17:30:00
1728409500,0.0025756753524929267,2024-10-08 17:45:00
1728410400,0.003066461907742057,2024-10-08 18:00:00
1728411300,0.0027824781181446257,2024-10-08 18:15:00
1728412200,0.0027945227945851228,2024-10-08 18:30:00
1728413100,0.0028467939119512604,2024-10-08 18:45:00
1728414000,0.00260557507315879,2024-10-08 19:00:00
1728414900,0.00263047665292961,2024-10-08 19:15:00
1728415800,0.002622594881321916,2024-10-08 19:30:00
1728416700,0.002625585605368914,2024-10-08 19:45:00
1728417600,0.0025607309053985185,2024-10-08 20:00:00
1728418500,0.002560651295856343,2024-10-08 20:15:00
1728419400,0.0024094595108153146,2024-10-08 20:30:00
1728420300,0.002239097230146774,2024-10-08 20:45:00
1728421200,0.0021708674827022657,2024-10-08 21:00:00
1728422100,0.0021267750394107646,2024-10-08 21:15:00
1728423000,0.002170555760704814,2024-10-08 21:30:00
1728423900,0.0022305945285788914,2024-10-08 21:45:00
1728424800,0.002293032222598896,2024-10-08 22:00:00
1728425700,0.0021684478419073533,2024-10-08 22:15:00
1728426600,0.0018413676417907683,2024-10-08 22:30:00
1728427500,0.0017264095142739354,2024-10-08 22:45:00
1728428400,0.0017072740168292287,2024-10-08 23:00:00
1728429300,0.0016920221861137115,2024-10-08 23:15:00
1728430200,0.001761644754566849,2024-10-08 23:30:00
1728431100,0.001837123883572321,2024-10-08 23:45:00
1728432000,0.0018062894088111904,2024-10-09 00:00:00
1728432900,0.0017511323339957274,2024-10-09 00:15:00
1728433800,0.0017023513891402324,2024-10-09 00:30:00
1728434700,0.001684280368796504,2024-10-09 00:45:00
1728435600,0.001644469047209578,2024-10-09 01:00:00
1728436500,0.0015419998566890887,2024-10-09 01:15:00
1728437400,0.0014689795655900657,2024-10-09 01:30:00
1728438300,0.0014414878586504736,2024-10-09 01:45:00
1728439200,0.0016702469631142748,2024-10-09 02:00:00
1728440100,0.0017805038581546022,2024-10-09 02:15:00
1728441000,0.0027541964096116246,2024-10-09 02:30:00
1728441900,0.003084222352525577,2024-10-09 02:45:00
1728442800,0.0032402049947490206,2024-10-09 03:00:00
1728443700,0.0032795440698179645,2024-10-09 03:15:00
1728444600,0.0039226932322865065,2024-10-09 03:30:00
1728445500,0.0035226009783918054,2024-10-09 03:45:00
1728446400,0.0034601697972831236,2024-10-09 04:00:00
1728447300,0.0031020882292979593,2024-10-09 04:15:00
1728448200,0.0029883831643368794,2024-10-09 04:30:00
1728449100,0.0031927941653266184,2024-10-09 04:45:00
1728450000,0.0033401633989260833,2024-10-09 05:00:00
1728450900,0.0037298933922539045,2024-10-09 05:15:00
1728451800,0.003797584517443608,2024-10-09 05:30:00
1728452700,0.003384696931822696,2024-10-09 05:45:00
1728453600,0.003640444973163038,2024-10-09 06:00:00
1728454500,0.0037682818634433746,2024-10-09 06:15:00
1728455400,0.0040783461528884225,2024-10-09 06:30:00
1728456300,0.003863746123904279,2024-10-09 06:45:00
1728457200,0.003997613771461011,2024-10-09 07:00:00
1728458100,0.004056319768654408,2024-10-09 07:15:00
1728459000,0.0033866084055263275,2024-10-09 07:30:00
1728459900,0.0035682341821260447,2024-10-09 07:45:00
1728460800,0.003674730682554123,2024-10-09 08:00:00
1728461700,0.0033679440409259695,2024-10-09 08:15:00
1728462600,0.0033672614788190624,2024-10-09 08:30:00
1728463500,0.0033998331295548717,2024-10-09 08:45:00
1728464400,0.003271809371449914,2024-10-09 09:00:00
1728465300,0.003595556806645859,2024-10-09 09:15:00
1728466200,0.0034360629537297134,2024-10-09 09:30:00
1728467100,0.003608696004956667,2024-10-09 09:45:00
1728468000,0.0034891039075809335,2024-10-09 10:00:00
1728468900,0.0031035012626084483,2024-10-09 10:15:00
1728469800,0.003191073797879344,2024-10-09 10:30:00
1728470700,0.003259970770727208,2024-10-09 10:45:00
1728471600,0.003653626379491889,2024-10-09 11:00:00
1728472500,0.0038284797801571863,2024-10-09 11:15:00
1728473400,0.003328160709604326,2024-10-09 11:30:00
1728474300,0.003787678167961031,2024-10-09 11:45:00
1728475200,0.003603814279013235,2024-10-09 12:00:00
1728476100,0.0039736944290785755,2024-10-09 12:15:00
1728477000,0.004818656167977334,2024-10-09 12:30:00
1728477900,0.004605704422355466,2024-10-09 12:45:00
1728478800,0.004920877306552657,2024-10-09 13:00:00
1728479700,0.00497271262266287,2024-10-09 13:15:00
1728480600,0.006378816298198485,2024-10-09 13:30:00
1728481500,0.007139975945682503,2024-10-09 13:45:00
1728482400,0.005525033766810589,2024-10-09 14:00:00
1728483300,0.005857282587362174,2024-10-09 14:15:00
1728484200,0.006429763886264671,2024-10-09 14:30:00
1728485100,0.005777623657896569,2024-10-09 14:45:00
1728486000,0.005885054797582339,2024-10-09 15:00:00
1728486900,0.005953149997012427,2024-10-09 15:15:00
1728487800,0.006800786038064098,2024-10-09 15:30:00
1728488700,0.0077829604548632254,2024-10-09 15:45:00
1728489600,0.008094703706738,2024-10-09 16:00:00
1728490500,0.007929224390694415,2024-10-09 16:15:00
1728491400,0.008551278885446986,2024-10-09 16:30:00
1728492300,0.007946876928385376,2024-10-09 16:45:00
1728493200,0.008600097462028989,2024-10-09 17:00:00
1728494100,0.008134340522973738,2024-10-09 17:15:00
1728495000,0.00879655983729638,2024-10-09 17:30:00
1728495900,0.009187649538842461,2024-10-09 17:45:00
1728496800,0.008011436839713022,2024-10-09 18:00:00
1728497700,0.00919494578838343,2024-10-09 18:15:00
1728498600,0.008814332180655703,2024-10-09 18:30:00
1728499500,0.007300255352636703,2024-10-09 18:45:00
1728500400,0.007101571796894379,2024-10-09 19:00:00
1728501300,0.0073083218969302146,2024-10-09 19:15:00
1728502200,0.00690813501430131,2024-10-09 19:30:00
1728503100,0.005683171686053323,2024-10-09 19:45:00
1728504000,0.005954122194582925,2024-10-09 20:00:00
1728504900,0.006975582777993011,2024-10-09 20:15:00
1728505800,0.006724329461346061,2024-10-09 20:30:00
1728506700,0.007138629299259025,2024-10-09 20:45:00
1728507600,0.006534970560291028,2024-10-09 21:00:00
1728508500,0.006181096624033805,2024-10-09 21:15:00
1728509400,0.006247458246172587,2024-10-09 21:30:00
1728510300,0.0062922594374282895,2024-10-09 21:45:00
1728511200,0.007934551206343763,2024-10-09 22:00:00
1728512100,0.00834516713423065,2024-10-09 22:15:00
1728513000,0.008962674034213037,2024-10-09 22:30:00
1728513900,0.00984070058125142,2024-10-09 22:45:00
1728514800,0.007876101650323148,2024-10-09 23:00:00
1728515700,0.008562722162993072,2024-10-09 23:15:00
1728516600,0.008147784449166397,2024-10-09 23:30:00
1728517500,0.00809408444237884,2024-10-09 23:45:00
1728518400,0.008783634595940686,2024-10-10 00:00:00
1728519300,0.009215065091137665,2024-10-10 00:15:00
1728520200,0.008981545802573218,2024-10-10 00:30:00
1728521100,0.008473348762897804,2024-10-10 00:45:00
1728522000,0.010027173532406428,2024-10-10 01:00:00
1728522900,0.00947151759765709,2024-10-10 01:15:00
1728523800,0.009393389841653752,2024-10-10 01:30:00
1728524700,0.008680447676217479,2024-10-10 01:45:00
1728525600,0.009129985683532876,2024-10-10 02:00:00
1728526500,0.008220252175767202,2024-10-10 02:15:00
1728527400,0.0079505403892018,2024-10-10 02:30:00
1728528300,0.007672021236645053,2024-10-10 02:45:00
1728529200,0.008371799644997383,2024-10-10 03:00:00
1728530100,0.008320249171993208,2024-10-10 03:15:00
1728531000,0.007891289677172486,2024-10-10 03:30:00
1728531900,0.008204528367306715,2024-10-10 03:45:00
1728532800,0.007424488945835296,2024-10-10 04:00:00
1728533700,0.007308214965414174,2024-10-10 04:15:00
1728534600,0.007087489863645054,2024-10-10 04:30:00
1728535500,0.007630177167082313,2024-10-10 04:45:00
1728536400,0.007199142421063135,2024-10-10 05:00:00
1728537300,0.007134825692819091,2024-10-10 05:15:00
1728538200,0.0068425455144088265,2024-10-10 05:30:00
1728539100,0.007066979691222119,2024-10-10 05:45:00
1728540000,0.007578593430033071,2024-10-10 06:00:00
1728540900,0.00646146855146179,2024-10-10 06:15:00
1728541800,0.0068182585049170455,2024-10-10 06:30:00
1728542700,0.006760117512057308,2024-10-10 06:45:00
1728543600,0.007117673636664169,2024-10-10 07:00:00
1728544500,0.0075962045461930895,2024-10-10 07:15:00
1728545400,0.007910083765395374,2024-10-10 07:30:00
1728546300,0.007950915401236328,2024-10-10 07:45:00
1728547200,0.007357175022860322,2024-10-10 08:00:00
1728548100,0.008126723000721684,2024-10-10 08:15:00
1728549000,0.008139115658606791,2024-10-10 08:30:00
1728549900,0.009147837661067844,2024-10-10 08:45:00
1728550800,0.00827060660601023,2024-10-10 09:00:00
1728551700,0.007825535902549143,2024-10-10 09:15:00
1728552600,0.008001974993354867,2024-10-10 09:30:00
1728553500,0.007866197204392508,2024-10-10 09:45:00
1728554400,0.0076797014626407804,2024-10-10 10:00:00
1728555300,0.0076541702037626605,2024-10-10 10:15:00
1728556200,0.007679478444421676,2024-10-10 10:30:00
1728557100,0.00727392208418728,2024-10-10 10:45:00
1728558000,0.006753166099789173,2024-10-10 11:00:00
1728558900,0.00650473149683465,2024-10-10 11:15:00
1728559800,0.006170874760950464,2024-10-10 11:30:00
1728560700,0.005909489524160619,2024-10-10 11:45:00
1728561600,0.005793310509948308,2024-10-10 12:00:00
1728562500,0.005906286062545885,2024-10-10 12:15:00
1728563400,0.005905047242978551,2024-10-10 12:30:00
1728564300,0.006112948720399446,2024-10-10 12:45:00
1728565200,0.006243826541236325,2024-10-10 13:00:00
1728566100,0.006508941268027481,2024-10-10 13:15:00
1728567000,0.006620574329361073,2024-10-10 13:30:00
1728567900,0.006785741654279108,2024-10-10 13:45:00
1728568800,0.0065183546901981994,2024-10-10 14:00:00
1728569700,0.006196555923344684,2024-10-10 14:15:00
1728570600,0.006739947227110103,2024-10-10 14:30:00
1728571500,0.006451265066099432,2024-10-10 14:45:00
1728572400,0.007120300847687754,2024-10-10 15:00:00
1728573300,0.008002296766019427,2024-10-10 15:15:00
1728574200,0.008377690509431136,2024-10-10 15:30:00
1728575100,0.007852486793729999,2024-10-10 15:45:00
1728576000,0.0074055564069039235,2024-10-10 16:00:00
1728576900,0.007258104665182256,2024-10-10 16:15:00
1728577800,0.006935950872471122,2024-10-10 16:30:00
1728578700,0.006521694954357399,2024-10-10 16:45:00
1728579600,0.006648687776844493,2024-10-10 17:00:00
1728580500,0.006153510170448989,2024-10-10 17:15:00
1728581400,0.006553992408211952,2024-10-10 17:30:00
1728582300,0.006689191804142073,2024-10-10 17:45:00
1728583200,0.005957730793290917,2024-10-10 18:00:00
1728584100,0.005951844358712156,2024-10-10 18:15:00
1728585000,0.006121048593301901,2024-10-10 18:30:00
1728585900,0.006435315607429008,2024-10-10 18:45:00
1728586800,0.006824992919813663,2024-10-10 19:00:00
1728587700,0.006678308931706635,2024-10-10 19:15:00
1728588600,0.0067144081345701075,2024-10-10 19:30:00
1728589500,0.006180983849191661,2024-10-10 19:45:00
1728590400,0.005965520037952101,2024-10-10 20:00:00
1728591300,0.00520115062542549,2024-10-10 20:15:00
1728592200,0.005153500760909063,2024-10-10 20:30:00
1728593100,0.004594930775229641,2024-10-10 20:45:00
1728594000,0.004929982371672883,2024-10-10 21:00:00
1728594900,0.004647627588941902,2024-10-10 21:15:00
1728595800,0.004876077797579689,2024-10-10 21:30:00
1728596700,0.004996352227797036,2024-10-10 21:45:00
1728597600,0.005378513909543173,2024-10-10 22:00:00
1728598500,0.005351782481600336,2024-10-10 22:15:00
1728599400,0.005126117791669718,2024-10-10 22:30:00
1728600300,0.005405278946493576,2024-10-10 22:45:00
1728601200,0.005507650573275411,2024-10-10 23:00:00
1728602100,0.0052125610809242145,2024-10-10 23:15:00
1728603000,0.004879771859693465,2024-10-10 23:30:00
1728603900,0.004908265484534101,2024-10-10 23:45:00
1728604800,0.005153153996068707,2024-10-11 00:00:00
1728605700,0.004991213828216886,2024-10-11 00:15:00
1728606600,0.00442768449978886,2024-10-11 00:30:00
1728607500,0.004844863539064399,2024-10-11 00:45:00
1728608400,0.00623334975321032,2024-10-11 01:00:00
1728609300,0.006020941666274805,2024-10-11 01:15:00
1728610200,0.005718590582723288,2024-10-11 01:30:00
1728611100,0.007258723440222767,2024-10-11 01:45:00
1728612000,0.006871562205560631,2024-10-11 02:00:00
1728612900,0.006605230849824427,2024-10-11 02:15:00
1728613800,0.007167055448547476,2024-10-11 02:30:00
1728614700,0.007841991848432452,2024-10-11 02:45:00
1728615600,0.007338366897719045,2024-10-11 03:00:00
1728616500,0.007952398253886285,2024-10-11 03:15:00
1728617400,0.007130236940114389,2024-10-11 03:30:00
1728618300,0.0065746513536338504,2024-10-11 03:45:00
1728619200,0.006382631421915199,2024-10-11 04:00:00
1728620100,0.006015862818200201,2024-10-11 04:15:00
1728621000,0.006265953364572368,2024-10-11 04:30:00
1728621900,0.006108778078817576,2024-10-11 04:45:00
1728622800,0.005634504101852179,2024-10-11 05:00:00
1728623700,0.006091836934941356,2024-10-11 05:15:00
1728624600,0.006312875568080356,2024-10-11 05:30:00
1728625500,0.005753481021955799,2024-10-11 05:45:00
1728626400,0.0057480005112142026,2024-10-11 06:00:00
1728627300,0.005919006164340236,2024-10-11 06:15:00
1728628200,0.005981769684649313,2024-10-11 06:30:00
1728629100,0.005780511903853341,2024-10-11 06:45:00
1728630000,0.006379870032507777,2024-10-11 07:00:00
1728630900,0.006165567652317784,2024-10-11 07:15:00
1728631800,0.006383392965555715,2024-10-11 07:30:00
1728632700,0.006494131720376152,2024-10-11 07:45:00
1728633600,0.0069002321546773404,2024-10-11 08:00:00
1728634500,0.007056312042281111,2024-10-11 08:15:00
1728635400,0.006492783216439449,2024-10-11 08:30:00
1728636300,0.0067958356529858694,2024-10-11 08:45:00
1728637200,0.006898391404509381,2024-10-11 09:00:00
1728638100,0.007100819059406327,2024-10-11 09:15:00
1728639000,0.007008726262935279,2024-10-11 09:30:00
1728639900,0.006709851101636042,2024-10-11 09:45:00
1728640800,0.006886561524926754,2024-10-11 10:00:00
1728641700,0.006352113295528625,2024-10-11 10:15:00
1728642600,0.006177717149907669,2024-10-11 10:30:00
1728643500,0.006190228109293236,2024-10-11 10:45:00
1728644400,0.006310605136433709,2024-10-11 11:00:00
1728645300,0.005826644878151368,2024-10-11 11:15:00
1728646200,0.005783180245659201,2024-10-11 11:30:00
1728647100,0.005753770010831176,2024-10-11 11:45:00
1728648000,0.0059937616681049475,2024-10-11 12:00:00
1728648900,0.005915163659409946,2024-10-11 12:15:00
1728649800,0.005905567753855076,2024-10-11 12:30:00
1728650700,0.006311365033036135,2024-10-11 12:45:00
1728651600,0.005586549916287601,2024-10-11 13:00:00
1728652500,0.005782274342546506,2024-10-11 13:15:00
1728653400,0.006434912451528212,2024-10-11 13:30:00
1728654300,0.007150947668179159,2024-10-11 13:45:00
1728655200,0.006782760631218148,2024-10-11 14:00:00
1728656100,0.006404261365483247,2024-10-11 14:15:00
1728657000,0.00696676734889316,2024-10-11 14:30:00
1728657900,0.0057919442753744865,2024-10-11 14:45:00
1728658800,0.0066044731506328305,2024-10-11 15:00:00
1728659700,0.006115411908117136,2024-10-11 15:15:00
1728660600,0.0064037833442511195,2024-10-11 15:30:00
1728661500,0.006386441722930711,2024-10-11 15:45:00
1728662400,0.006541714931899747,2024-10-11 16:00:00
1728663300,0.006476266388718674,2024-10-11 16:15:00
1728664200,0.00631585783285357,2024-10-11 16:30:00
1728665100,0.0058492844412893425,2024-10-11 16:45:00
1728666000,0.005713384034278126,2024-10-11 17:00:00
1728666900,0.005649089085160202,2024-10-11 17:15:00
1728667800,0.00558442890662368,2024-10-11 17:30:00
1728668700,0.005728724891506978,2024-10-11 17:45:00
1728669600,0.0053848751054439885,2024-10-11 18:00:00
1728670500,0.005266074795129188,2024-10-11 18:15:00
1728671400,0.0052565888689703796,2024-10-11 18:30:00
1728672300,0.005283861536330065,2024-10-11 18:45:00
1728673200,0.005644027846319934,2024-10-11 19:00:00
1728674100,0.005426121193954917,2024-10-11 19:15:00
1728675000,0.0053994105153124024,2024-10-11 19:30:00
1728675900,0.005263940223550296,2024-10-11 19:45:00
1728676800,0.005403090006768629,2024-10-11 20:00:00
1728677700,0.00510975591476,2024-10-11 20:15:00
1728678600,0.005379791586417933,2024-10-11 20:30:00
1728679500,0.005261926309534241,2024-10-11 20:45:00
1728680400,0.006285813530842411,2024-10-11 21:00:00
1728681300,0.005992864723578648,2024-10-11 21:15:00
1728682200,0.006010917155419706,2024-10-11 21:30:00
1728683100,0.0062565323471592,2024-10-11 21:45:00
1728684000,0.006237471367528352,2024-10-11 22:00:00
1728684900,0.005808770187666697,2024-10-11 22:15:00
1728685800,0.005798150109874814,2024-10-11 22:30:00
1728686700,0.005409098329293018,2024-10-11 22:45:00
1728687600,0.005336753726395961,2024-10-11 23:00:00
1728688500,0.005433297624867573,2024-10-11 23:15:00
1728689400,0.005429888835843309,2024-10-11 23:30:00
1728690300,0.005508377584090359,2024-10-11 23:45:00
1728691200,0.005121805748700001,2024-10-12 00:00:00
1728692100,0.00524218884063361,2024-10-12 00:15:00
1728693000,0.005289431183331961,2024-10-12 00:30:00
1728693900,0.005676074003735571,2024-10-12 00:45:00
1728694800,0.005074493784344561,2024-10-12 01:00:00
1728695700,0.004926901204710759,2024-10-12 01:15:00
1728696600,0.00470656971549109,2024-10-12 01:30:00
1728697500,0.007131976906252215,2024-10-12 01:45:00
1728698400,0.007840666016211209,2024-10-12 02:00:00
1728699300,0.0063927173936264535,2024-10-12 02:15:00
1728700200,0.005763476933366954,2024-10-12 02:30:00
1728701100,0.006446903446901554,2024-10-12 02:45:00
1728702000,0.00608749350816052,2024-10-12 03:00:00
1728702900,0.005523851166044526,2024-10-12 03:15:00
1728703800,0.005798240844392663,2024-10-12 03:30:00
1728704700,0.006507349136826475,2024-10-12 03:45:00
1728705600,0.006114174081708784,2024-10-12 04:00:00
1728706500,0.006405134848734718,2024-10-12 04:15:00
1728707400,0.006188938628750141,2024-10-12 04:30:00
1728708300,0.006120101176642119,2024-10-12 04:45:00
1728709200,0.005584034926060971,2024-10-12 05:00:00
1728710100,0.0055970966995219935,2024-10-12 05:15:00
1728711000,0.005572969456835563,2024-10-12 05:30:00
1728711900,0.00560791000319365,2024-10-12 05:45:00
1728712800,0.00558937115067197,2024-10-12 06:00:00
1728713700,0.0057356734108253106,2024-10-12 06:15:00
1728714600,0.005546127942238537,2024-10-12 06:30:00
1728715500,0.0055816471656070215,2024-10-12 06:45:00
1728716400,0.0054287421944503225,2024-10-12 07:00:00
1728717300,0.005461057373541025,2024-10-12 07:15:00
1728718200,0.005632407972730799,2024-10-12 07:30:00
1728719100,0.00575105316745696,2024-10-12 07:45:00
1728720000,0.00557617376755145,2024-10-12 08:00:00
1728720900,0.005508520283242623,2024-10-12 08:15:00
1728721800,0.005664192437404369,2024-10-12 08:30:00
1728722700,0.006187201335300967,2024-10-12 08:45:00
1728723600,0.006179212088392058,2024-10-12 09:00:00
1728724500,0.005856015762729729,2024-10-12 09:15:00
1728725400,0.005914672682216189,2024-10-12 09:30:00
1728726300,0.005914320959891288,2024-10-12 09:45:00
1728727200,0.005880875379923126,2024-10-12 10:00:00
1728728100,0.005588543311570797,2024-10-12 10:15:00
1728729000,0.005621268733419025,2024-10-12 10:30:00
1728729900,0.0057226402050883605,2024-10-12 10:45:00
1728730800,0.005758236194780353,2024-10-12 11:00:00
1728731700,0.005905142133516021,2024-10-12 11:15:00
1728732600,0.0061125415856475365,2024-10-12 11:30:00
1728733500,0.006122547403430546,2024-10-12 11:45:00
1728734400,0.0059784645811310775,2024-10-12 12:00:00
1728735300,0.006808280073540576,2024-10-12 12:15:00
1728736200,0.007239257332764982,2024-10-12 12:30:00
1728737100,0.007986750306523172,2024-10-12 12:45:00
1728738000,0.007389629233661077,2024-10-12 13:00:00
1728738900,0.007214195032087159,2024-10-12 13:15:00
1728739800,0.006926128355717139,2024-10-12 13:30:00
1728740700,0.00699711855293402,2024-10-12 13:45:00
1728741600,0.007390856779023608,2024-10-12 14:00:00
1728742500,0.006754681227849259,2024-10-12 14:15:00
1728743400,0.007000399582670398,2024-10-12 14:30:00
1728744300,0.006796861309929227,2024-10-12 14:45:00
1728745200,0.0071161855609121185,2024-10-12 15:00:00
1728746100,0.006832492609785412,2024-10-12 15:15:00
1728747000,0.007456221644877997,2024-10-12 15:30:00
1728747900,0.007308702756893669,2024-10-12 15:45:00
1728748800,0.008150491283911487,2024-10-12 16:00:00
1728749700,0.008015248495734045,2024-10-12 16:15:00
1728750600,0.007769581910081234,2024-10-12 16:30:00
1728751500,0.008818065125030984,2024-10-12 16:45:00
1728752400,0.009098518240245027,2024-10-12 17:00:00
1728753300,0.008133246048008698,2024-10-12 17:15:00
1728754200,0.007992566463327548,2024-10-12 17:30:00
1728755100,0.008389218718598197,2024-10-12 17:45:00
1728756000,0.007974365794165496,2024-10-12 18:00:00
1728756900,0.008145192085935492,2024-10-12 18:15:00
1728757800,0.007935731329567694,2024-10-12 18:30:00
1728758700,0.007758842198401394,2024-10-12 18:45:00
1728759600,0.007168561644660626,2024-10-12 19:00:00
1728760500,0.00720989977414592,2024-10-12 19:15:00
1728761400,0.0074883787174980935,2024-10-12 19:30:00
1728762300,0.007554520850267654,2024-10-12 19:45:00
1728763200,0.007308027217740415,2024-10-12 20:00:00
1728764100,0.007055743931262837,2024-10-12 20:15:00
1728765000,0.007075432180925633,2024-10-12 20:30:00
1728765900,0.0067303641084565016,2024-10-12 20:45:00
1728766800,0.006522054064488974,2024-10-12 21:00:00
1728767700,0.006726468821491635,2024-10-12 21:15:00
1728768600,0.006373759464754779,2024-10-12 21:30:00
1728769500,0.006489438116309074,2024-10-12 21:45:00
1728770400,0.006110093032433899,2024-10-12 22:00:00
1728771300,0.00632779447641802,2024-10-12 22:15:00
1728772200,0.0063807910526767035,2024-10-12 22:30:00
1728773100,0.006406360354699056,2024-10-12 22:45:00
1728774000,0.006788100548701641,2024-10-12 23:00:00
1728774900,0.006686622181319609,2024-10-12 23:15:00
1728775800,0.006460542584080738,2024-10-12 23:30:00
1728776700,0.006341187145574388,2024-10-12 23:45:00
1728777600,0.006182640996016989,2024-10-13 00:00:00
1728778500,0.006642382685663334,2024-10-13 00:15:00
1728779400,0.007124864318200907,2024-10-13 00:30:00
1728780300,0.00704341752125893,2024-10-13 00:45:00
1728781200,0.006777173488274807,2024-10-13 01:00:00
1728782100,0.006570264075031638,2024-10-13 01:15:00
1728783000,0.006706591554689926,2024-10-13 01:30:00
1728783900,0.007032124080970632,2024-10-13 01:45:00
1728784800,0.006888954325883822,2024-10-13 02:00:00
1728785700,0.006637067042059921,2024-10-13 02:15:00
1728786600,0.008078025949386045,2024-10-13 02:30:00
1728787500,0.007587159980040026,2024-10-13 02:45:00
1728788400,0.007401268381781918,2024-10-13 03:00:00
1728789300,0.006808288498787054,2024-10-13 03:15:00
1728790200,0.006736445486570904,2024-10-13 03:30:00
1728791100,0.006588884503452096,2024-10-13 03:45:00
1728792000,0.0067676620570355575,2024-10-13 04:00:00
1728792900,0.006978302093195813,2024-10-13 04:15:00
1728793800,0.006748723710296483,2024-10-13 04:30:00
1728794700,0.007034728218778564,2024-10-13 04:45:00
1728795600,0.0062397735405437535,2024-10-13 05:00:00
1728796500,0.006534742289221704,2024-10-13 05:15:00
1728797400,0.006388155740744648,2024-10-13 05:30:00
1728798300,0.006122341922344355,2024-10-13 05:45:00
1728799200,0.006198156061939565,2024-10-13 06:00:00
1728800100,0.00623051255877092,2024-10-13 06:15:00
1728801000,0.00636609002022416,2024-10-13 06:30:00
1728801900,0.00658776375751954,2024-10-13 06:45:00
1728802800,0.006559458039533165,2024-10-13 07:00:00
1728803700,0.006306648327781468,2024-10-13 07:15:00
1728804600,0.006189764599968545,2024-10-13 07:30:00
1728805500,0.006177761314860164,2024-10-13 07:45:00
1728806400,0.0061011579163040815,2024-10-13 08:00:00
1728807300,0.00632597275430298,2024-10-13 08:15:00
1728808200,0.006602817003892481,2024-10-13 08:30:00
1728809100,0.0064904246914583704,2024-10-13 08:45:00
1728810000,0.006794421564797561,2024-10-13 09:00:00
1728810900,0.006492311506414598,2024-10-13 09:15:00
1728811800,0.006138492628274235,2024-10-13 09:30:00
1728812700,0.005990341168310798,2024-10-13 09:45:00
1728813600,0.006253710894278833,2024-10-13 10:00:00
1728814500,0.006134859228719679,2024-10-13 10:15:00
1728815400,0.005742153079160412,2024-10-13 10:30:00
1728816300,0.005784116043060348,2024-10-13 10:45:00
1728817200,0.00578620096824505,2024-10-13 11:00:00
1728818100,0.005541192347916503,2024-10-13 11:15:00
1728819000,0.0057682591068477064,2024-10-13 11:30:00
1728819900,0.005671160447513306,2024-10-13 11:45:00
1728820800,0.005765894667144295,2024-10-13 12:00:00
1728821700,0.005907655850371732,2024-10-13 12:15:00
1728822600,0.005980572596295046,2024-10-13 12:30:00
1728823500,0.006134586898434589,2024-10-13 12:45:00
1728824400,0.006037087585046989,2024-10-13 13:00:00
1728825300,0.006131806973553843,2024-10-13 13:15:00
1728826200,0.005996256975633448,2024-10-13 13:30:00
1728827100,0.005940487093062598,2024-10-13 13:45:00
1728828000,0.005724432639537986,2024-10-13 14:00:00
1728828900,0.005343844209004263,2024-10-13 14:15:00
1728829800,0.00540893793681246,2024-10-13 14:30:00
1728830700,0.005129530144532249,2024-10-13 14:45:00
1728831600,0.005118082295028752,2024-10-13 15:00:00
1728832500,0.005078258336631356,2024-10-13 15:15:00
1728833400,0.0047234965106740506,2024-10-13 15:30:00
1728834300,0.005017030191900096,2024-10-13 15:45:00
1728835200,0.005068893447043743,2024-10-13 16:00:00
1728836100,0.00487462726615577,2024-10-13 16:15:00
1728837000,0.004727582880256564,2024-10-13 16:30:00
1728837900,0.005099139084621285,2024-10-13 16:45:00
1728838800,0.005099596967389234,2024-10-13 17:00:00
1728839700,0.005410940859654709,2024-10-13 17:15:00
1728840600,0.005477821337136602,2024-10-13 17:30:00
1728841500,0.005557463135287104,2024-10-13 17:45:00
1728842400,0.005820924289339862,2024-10-13 18:00:00
1728843300,0.005621022529865499,2024-10-13 18:15:00
1728844200,0.005579505442537614,2024-10-13 18:30:00
1728845100,0.005118833236929427,2024-10-13 18:45:00
1728846000,0.005425519503798119,2024-10-13 19:00:00
1728846900,0.005221095885670894,2024-10-13 19:15:00
1728847800,0.005024738026915984,2024-10-13 19:30:00
1728848700,0.0050032418946247825,2024-10-13 19:45:00
1728849600,0.004299685862411932,2024-10-13 20:00:00
1728850500,0.0042663320771119005,2024-10-13 20:15:00
1728851400,0.004169281392405433,2024-10-13 20:30:00
1728852300,0.004162574079716088,2024-10-13 20:45:00
1728853200,0.004137964878397007,2024-10-13 21:00:00
1728854100,0.00399497643646379,2024-10-13 21:15:00
1728855000,0.004003056007605415,2024-10-13 21:30:00
1728855900,0.0036393955544418515,2024-10-13 21:45:00
1728856800,0.003272171337042546,2024-10-13 22:00:00
1728857700,0.0035895512306964197,2024-10-13 22:15:00
1728858600,0.004054106442607143,2024-10-13 22:30:00
1728859500,0.004259380906604892,2024-10-13 22:45:00
1728860400,0.004045734186102029,2024-10-13 23:00:00
1728861300,0.003669294174018289,2024-10-13 23:15:00
1728862200,0.003657727548490485,2024-10-13 23:30:00
1728863100,0.0037986676010055244,2024-10-13 23:45:00
1728864000,0.005537374365392786,2024-10-14 00:00:00
1728864900,0.005583314879758983,2024-10-14 00:15:00
1728865800,0.005689321490042002,2024-10-14 00:30:00
1728866700,0.005290506143584692,2024-10-14 00:45:00
1728867600,0.005089185107787264,2024-10-14 01:00:00
1728868500,0.00483954752772286,2024-10-14 01:15:00
1728869400,0.004635671365710126,2024-10-14 01:30:00
1728870300,0.004943333232332499,2024-10-14 01:45:00
1728871200,0.005203345918602997,2024-10-14 02:00:00
1728872100,0.004877351645841472,2024-10-14 02:15:00
1728873000,0.0048042041857051,2024-10-14 02:30:00
1728873900,0.004786389415543175,2024-10-14 02:45:00
1728874800,0.004746233555803467,2024-10-14 03:00:00
1728875700,0.004637094511717228,2024-10-14 03:15:00
1728876600,0.004596100763515677,2024-10-14 03:30:00
1728877500,0.004609205701868675,2024-10-14 03:45:00
1728878400,0.004405185093417059,2024-10-14 04:00:00
1728879300,0.004312969634023658,2024-10-14 04:15:00
1728880200,0.0044292173916979675,2024-10-14 04:30:00
1728881100,0.004106495553498587,2024-10-14 04:45:00
1728882000,0.004211280297922753,2024-10-14 05:00:00
1728882900,0.0036942451447223227,2024-10-14 05:15:00
1728883800,0.004277880447010422,2024-10-14 05:30:00
1728884700,0.004438610355820533,2024-10-14 05:45:00
1728885600,0.0038892468029880574,2024-10-14 06:00:00
1728886500,0.0038510866428254015,2024-10-14 06:15:00
1728887400,0.0040059253535807025,2024-10-14 06:30:00
1728888300,0.003962476734175162,2024-10-14 06:45:00
1728889200,0.004250707411804495,2024-10-14 07:00:00
1728890100,0.004136366328196227,2024-10-14 07:15:00
1728891000,0.004018062594216113,2024-10-14 07:30:00
1728891900,0.003917899832203572,2024-10-14 07:45:00
1728892800,0.0038456207214146026,2024-10-14 08:00:00
1728893700,0.0038284557942086447,2024-10-14 08:15:00
1728894600,0.003842496242933713,2024-10-14 08:30:00
1728895500,0.003983092116676265,2024-10-14 08:45:00
1728896400,0.004034908470126571,2024-10-14 09:00:00
1728897300,0.004208747822165957,2024-10-14 09:15:00
1728898200,0.004313879637758746,2024-10-14 09:30:00
1728899100,0.004423346334934202,2024-10-14 09:45:00
1728900000,0.004515538004933192,2024-10-14 10:00:00
1728900900,0.004092584586060593,2024-10-14 10:15:00
1728901800,0.0042066376244224435,2024-10-14 10:30:00
1728902700,0.004374528616007431,2024-10-14 10:45:00
1728903600,0.004277046814745276,2024-10-14 11:00:00
1728904500,0.004191695208947429,2024-10-14 11:15:00
1728905400,0.004191839542607959,2024-10-14 11:30:00
1728906300,0.004137478524327047,2024-10-14 11:45:00
1728907200,0.003786329110893399,2024-10-14 12:00:00
1728908100,0.003962222509343204,2024-10-14 12:15:00
1728909000,0.0038816726996062766,2024-10-14 12:30:00
1728909900,0.0037548970551540307,2024-10-14 12:45:00
1728910800,0.0035813677647843723,2024-10-14 13:00:00
1728911700,0.0034548523983359393,2024-10-14 13:15:00
1728912600,0.003931332384003967,2024-10-14 13:30:00
1728913500,0.004022425851727423,2024-10-14 13:45:00
1728914400,0.0037367861708621094,2024-10-14 14:00:00
1728915300,0.0039423666243370865,2024-10-14 14:15:00
1728916200,0.004292565931661818,2024-10-14 14:30:00
1728917100,0.003984169755357547,2024-10-14 14:45:00
1728918000,0.0039602196163153885,2024-10-14 15:00:00
1728918900,0.0034296795864271075,2024-10-14 15:15:00
1728919800,0.00329874550825488,2024-10-14 15:30:00
1728920700,0.0031206978340366006,2024-10-14 15:45:00
1728921600,0.002864190917078289,2024-10-14 16:00:00
1728922500,0.002999278107048372,2024-10-14 16:15:00
1728923400,0.0028294732715545474,2024-10-14 16:30:00
1728924300,0.002917655399967485,2024-10-14 16:45:00
1728925200,0.0027021605700058033,2024-10-14 17:00:00
1728926100,0.002614503283810115,2024-10-14 17:15:00
1728927000,0.002691047882503641,2024-10-14 17:30:00
1728927900,0.00286922056016371,2024-10-14 17:45:00
1728928800,0.0027288025225673937,2024-10-14 18:00:00
1728929700,0.002781995738759398,2024-10-14 18:15:00
1728930600,0.0032040622756309514,2024-10-14 18:30:00
1728931500,0.0033248238601481525,2024-10-14 18:45:00
1728932400,0.003243412321919481,2024-10-14 19:00:00
1728933300,0.0032649281657459225,2024-10-14 19:15:00
1728934200,0.002929337144437457,2024-10-14 19:30:00
1728935100,0.002778533829746718,2024-10-14 19:45:00
1728936000,0.0026429746984077272,2024-10-14 20:00:00
1728936900,0.002621700432720883,2024-10-14 20:15:00
1728937800,0.002726541908701622,2024-10-14 20:30:00
1728938700,0.0026417997611302775,2024-10-14 20:45:00
1728939600,0.0026439712124265526,2024-10-14 21:00:00
1728940500,0.0027677981044526355,2024-10-14 21:15:00
1728941400,0.0026290855170153747,2024-10-14 21:30:00
1728942300,0.002634611929970033,2024-10-14 21:45:00
1728943200,0.0027697811129629817,2024-10-14 22:00:00
1728944100,0.002956278144067999,2024-10-14 22:15:00
1728945000,0.00277177092766467,2024-10-14 22:30:00
1728945900,0.002693371801322977,2024-10-14 22:45:00
1728946800,0.002775843203344353,2024-10-14 23:00:00
1728947700,0.00264364575447243,2024-10-14 23:15:00
1728948600,0.0028532722408536114,2024-10-14 23:30:00
1728949500,0.002844813728402375,2024-10-14 23:45:00
1728950400,0.0028651255570191366,2024-10-15 00:00:00
1728951300,0.002725870511561536,2024-10-15 00:15:00
1728952200,0.002631004521453589,2024-10-15 00:30:00
1728953100,0.002651567464275853,2024-10-15 00:45:00
1728954000,0.002693914197450822,2024-10-15 01:00:00
1728954900,0.002668755539437786,2024-10-15 01:15:00
1728955800,0.002677505689635362,2024-10-15 01:30:00
1728956700,0.002876389521205531,2024-10-15 01:45:00
1728957600,0.0031601431740794148,2024-10-15 02:00:00
1728958500,0.0030926803417089944,2024-10-15 02:15:00
1728959400,0.003262624132004924,2024-10-15 02:30:00
1728960300,0.0036436342427328757,2024-10-15 02:45:00
1728961200,0.0035990678427534344,2024-10-15 03:00:00
1728962100,0.0035145954580964615,2024-10-15 03:15:00
1728963000,0.0032491915747440265,2024-10-15 03:30:00
1728963900,0.0032808045936963555,2024-10-15 03:45:00
1728964800,0.003070384508237715,2024-10-15 04:00:00
1728965700,0.00290078844308403,2024-10-15 04:15:00
1728966600,0.0028055667554147505,2024-10-15 04:30:00
1728967500,0.002698620274933622,2024-10-15 04:45:00
1728968400,0.002808562862338893,2024-10-15 05:00:00
1728969300,0.002698371446635763,2024-10-15 05:15:00
1728970200,0.002485484428018973,2024-10-15 05:30:00
1728971100,0.0026148203168578723,2024-10-15 05:45:00
1728972000,0.0025936136814006046,2024-10-15 06:00:00
1728972900,0.0025003557970461744,2024-10-15 06:15:00
1728973800,0.002483643010649124,2024-10-15 06:30:00
1728974700,0.0024184021365714218,2024-10-15 06:45:00
1728975600,0.0023316772723203758,2024-10-15 07:00:00
1728976500,0.002228384135607961,2024-10-15 07:15:00
1728977400,0.002390086633775644,2024-10-15 07:30:00
1728978300,0.0024980494844283082,2024-10-15 07:45:00
1728979200,0.0025587105001876657,2024-10-15 08:00:00
1728980100,0.0026174247295992375,2024-10-15 08:15:00
1728981000,0.0023030786047434785,2024-10-15 08:30:00
1728981900,0.0024063444370024593,2024-10-15 08:45:00
1728982800,0.002328519900160343,2024-10-15 09:00:00
1728983700,0.002408251566416626,2024-10-15 09:15:00
1728984600,0.002422414023484118,2024-10-15 09:30:00
1728985500,0.00237758016983126,2024-10-15 09:45:00
1728986400,0.002368534331300906,2024-10-15 10:00:00
1728987300,0.002261268047775292,2024-10-15 10:15:00
1728988200,0.002338042503756714,2024-10-15 10:30:00
1728989100,0.002275796225507821,2024-10-15 10:45:00
1728990000,0.0022353385562384233,2024-10-15 11:00:00
1728990900,0.002268202697338037,2024-10-15 11:15:00
1728991800,0.002054082123786463,2024-10-15 11:30:00
1728992700,0.0019255836787133956,2024-10-15 11:45:00
1728993600,0.0017825387082778673,2024-10-15 12:00:00
1728994500,0.0020161097206389793,2024-10-15 12:15:00
1728995400,0.0020283012028152257,2024-10-15 12:30:00
1728996300,0.001961023993303675,2024-10-15 12:45:00
1728997200,0.002036013227977785,2024-10-15 13:00:00
1728998100,0.0018401589177137214,2024-10-15 13:15:00
1728999000,0.0019859733149527295,2024-10-15 13:30:00
1728999900,0.001928030203558115,2024-10-15 13:45:00
1729000800,0.0018082893908146834,2024-10-15 14:00:00
1729001700,0.001899492241568095,2024-10-15 14:15:00
1729002600,0.0018627598979031673,2024-10-15 14:30:00
1729003500,0.0019998371163337863,2024-10-15 14:45:00
1729004400,0.0018718029712023981,2024-10-15 15:00:00
1729005300,0.0018834251577349711,2024-10-15 15:15:00
1729006200,0.0019224544572799083,2024-10-15 15:30:00
1729007100,0.0020439374680721835,2024-10-15 15:45:00
1729008000,0.0019597725986005192,2024-10-15 16:00:00
1729008900,0.0021782547840320486,2024-10-15 16:15:00
