,price_change_10m,volume_momentum_10m,volume_momentum_5m,trade_interval_std_10m,trend_consistency_15m,trend_consistency_10m,volume_acceleration_5m,avg_trade_interval_5m,price_change_5m,rsi_14,rsi_14_slope,trade_interval_std_3m,holder_count,avg_trade_interval_3m,trend_consistency_3m,trend_consistency_5m,volatility_3m,buy_pressure_volatility_15m,price_volume_correlation_3m,liquidity,volatility_adjusted_momentum_15m,order_imbalance_3m,max_trade_size_10m,rsi_trend_strength_7,buy_pressure_volatility_10m,volume_total,volatility_adjusted_momentum_10m,trend_strength_15m,min_trade_size_10m,min_trade_size_3m,buy_pressure_volatility_5m,buy_sell_imbalance_5m,trend_strength_5m,avg_trade_size_3m,volatility_adjusted_momentum_5m,avg_trade_size_5m,buy_sell_ratio_5m,buy_sell_imbalance_3m,trend_strength_3m,min_trade_size_5m,price_std,max_trade_size_5m,trend_strength_10m,trade_size_skew,trade_size_median,trades_per_holder,trend_consistency_2m,price_min,trade_size_trend_3m,trade_size_concentration_5m,volume_1m,buy_pressure_volatility_3m,order_imbalance_1m,trade_size_concentration_3m,market_count,price_volume_correlation_10m,market_impact_1m,unique_wallets_24h,volatility_adjusted_return_10m,price_volume_correlation_5m,active_ratio,market_impact_3m,buy_sell_imbalance_1m,rsi_trend_strength_14,trend_strength_2m,volume_acceleration_10m,macd,price_change_15m
price_change_10m,1.0,0.9198904144213257,0.9186226016251082,0.9138105369828075,-0.8269671913769658,-0.8096952536416533,-0.6856829160992398,0.8308316827866343,0.8431599706322027,0.7000407311072568,0.7473011066974448,0.7718086018411098,-0.6437601161752651,0.7035352208792801,-0.5614513991049017,-0.4849470382095085,0.670712646981081,-0.4768393151853976,0.3595027559807475,-0.45469219380285686,-0.46428419559913,0.5262393547103479,-0.43841840362263423,-0.4011623140610391,-0.40229406596884504,-0.38621098029658674,-0.3878640744429564,-0.3782107140306303,-0.3617851389604996,-0.3621659933295286,-0.36282767843502833,-0.2823505690271137,-0.3507571341110476,-0.3445203826541373,-0.3390253663508197,-0.3337782303398634,-0.2867266623811927,-0.2616646215689788,-0.33136935567589043,-0.3307705209506196,0.46354026555560496,-0.32141874626272143,-0.31434289697374224,-0.18657506084964698,-0.2842234282923043,-0.2522955069712018,0.2510725830717447,-0.2364900918612354,-0.2547497387835738,-0.09975180125974896,-0.23020646300032627,-0.2258822114270315,-0.21195528496566043,-0.08672876342617132,-0.20936139797731151,-0.2252572928451721,-0.03802827063279591,-0.20163825699986765,-0.23778506975169192,-0.1920522768288552,0.21978400879630983,-0.07587506162092714,0.23212531372837922,-0.11227178979801933,-0.11053728204109871,-0.10949554494545206,,0.9811954819174026
volume_momentum_10m,0.9198904144213257,1.0,0.9990262227216054,0.8264314286371545,-0.8262585465529564,-0.8360609504111013,-0.9125169604683662,0.6858385015034522,0.5712310782953117,0.6373272301590518,0.5167278660607093,0.480056844530909,-0.5647681947567114,0.40745618648291665,-0.5290384690519891,-0.5660764305326856,0.33551302141367984,-0.4247059068493569,0.5187102357382593,-0.39719097519766605,-0.4291919733633761,0.34326363997081677,-0.4054182732444408,-0.375729407758861,-0.3572180815163434,-0.3624124170138818,-0.364196471820039,-0.354000849524161,-0.34421896345679776,-0.35565437406705364,-0.3214076581121164,-0.4087180824023257,-0.3334133965756202,-0.33056154506630053,-0.3249524214979762,-0.3201881896603745,-0.36195831736632317,-0.3741416202903561,-0.3164114662291932,-0.3062011904947763,0.15158244798286682,-0.3075514017900443,-0.302480681409341,-0.34178761518702405,-0.2704188525871297,-0.210906819950746,0.21690205410631372,-0.22522584693008912,-0.1835865019278806,-0.3333109899026071,-0.22139135018201192,-0.20647391484989647,-0.1903904681600536,-0.3329416877541908,-0.1791239028504741,-0.18228075005258326,0.006571978073119933,-0.16241174720475762,-0.1587582222848128,-0.15977394567750652,0.1164391297877703,-0.16142850919397037,6.97378441354447e-05,-0.10974745165046973,-0.10114405085306762,-0.08004217360081252,,0.9759335089528646
volume_momentum_5m,0.9186226016251082,0.9990262227216054,1.0,0.8302004342816746,-0.8242629217288324,-0.8339614645777754,-0.9150048285145731,0.689884605090102,0.5675506403955164,0.6395082790997823,0.5157478687905583,0.4773734794052074,-0.5708651888810663,0.4068796322067012,-0.5231267642776224,-0.5657660394759433,0.3310513424471008,-0.43962155016745064,0.5216708092505801,-0.4079597091539227,-0.4268737213382147,0.33332924811434356,-0.4015874631026805,-0.37836796169324816,-0.37137039681983475,-0.35367683556269647,-0.3562319515194926,-0.3484810798824687,-0.3320920479456778,-0.3349941767137663,-0.3376685238977709,-0.40125667506947027,-0.3202025422277263,-0.31534394679307126,-0.30771557462580856,-0.30581374100605935,-0.3551257164067174,-0.3611355892042765,-0.3013505935914758,-0.30528265892883866,0.15236013222213085,-0.29392483487405774,-0.2900482733882371,-0.37048466386130124,-0.2616503129763829,-0.2286685563424639,0.21450421377388354,-0.2152192545044594,-0.1845083258792911,-0.35154162874702055,-0.2111450521377159,-0.20578861294937167,-0.18572435053618033,-0.3188425706666778,-0.1773569041260539,-0.1701090913417545,-0.16394805670327908,-0.17284059118884118,-0.14517959335628663,-0.15564530182509337,0.10040663991435571,-0.12387244885174974,0.008008381056847844,-0.10693908104202106,-0.10125757256636009,-0.06914527085587234,,0.9755998915856622
trade_interval_std_10m,0.9138105369828075,0.8264314286371545,0.8302004342816746,1.0,-0.8365497532092717,-0.8132169478436293,-0.6065384883787099,0.9748938655561006,0.7906512077149034,0.5902222399383781,0.6853752674760614,0.7709992612519492,-0.7619049298962611,0.7479627891371939,-0.5747827807200083,-0.5197268961315962,0.6409366474517917,-0.3815146763028796,0.24682178653153747,-0.6423093082517454,-0.5424729289429284,0.6455599113080487,-0.15028367710891696,-0.47848035698946584,-0.3629040553020765,-0.10963197583219855,-0.4990607078272774,-0.49351283504636967,-0.1338147620963955,-0.31224122009444216,-0.39877959618043196,-0.10333989465859567,-0.35464445169385805,-0.005180624369498254,-0.3288182027078157,-0.020688854336507842,-0.07559177099819032,-0.10924787473579266,-0.3157865771749309,-0.17549002810681125,0.5954428639619012,-0.004814174255479143,-0.4021558492112392,-0.25520906298537344,-0.1312299814472982,-0.34198066002580413,0.10516745779910337,0.06364548709489337,-0.28437297461077565,-0.221062640361733,-0.10044399187864857,0.05410187747967488,-0.1264759992465019,0.05570761049496231,-0.23396853011515978,-0.2475750112946361,0.8289407866187541,-0.2937356014926583,-0.33354378784656313,-0.24251967291437604,0.08984082320338857,0.7432844029282513,0.2559211994626633,-0.00408436382653398,-0.13263035515783256,-0.17482491327662047,,0.8888777329302866
trend_consistency_15m,-0.8269671913769658,-0.8262585465529564,-0.8242629217288324,-0.8365497532092717,1.0,0.9477371913376332,0.6752499978917611,-0.7671131499548998,-0.6208302123280871,-0.41307041742442957,-0.4568637802471924,-0.5529498038725118,0.5815302729383682,-0.47842465887663493,0.7441647681981811,0.7294280086331811,-0.4496777557332819,0.3804728729394387,-0.3384213645381393,0.4489396191751593,0.6136893986162506,-0.5254927894239436,0.19816142608785234,0.42027131703950305,0.382409513524625,0.18690355885726284,0.5189937241891797,0.61522498491054,0.2728203115665922,0.4994328771163194,0.4276892881357857,0.1900987007343675,0.5005588018601707,0.12130038698972584,0.41339349441337986,0.10250656337652488,0.19906381645906537,0.15791979927176977,0.4987741784285471,0.29758537448507305,-0.3653938841671481,0.11673905092484792,0.447339647422727,0.11626830370970426,0.16234518909650458,0.24364660529750656,0.07041553138126404,0.07574513675287826,0.04054372798311475,0.15893536987198345,0.27122232267998564,-0.027836672683149356,0.2041288615925123,0.044450767203717795,0.12944468083883603,0.09246877089902486,0.21643388574687017,0.1733410565224226,0.34010788532253705,0.09743350572955804,-0.15251334906936106,-0.174290555894691,-0.19318435861256433,-0.025454072885286217,0.1406193266820583,0.07144117566763439,,-0.8372164671162332
trend_consistency_10m,-0.8096952536416533,-0.8360609504111013,-0.8339614645777754,-0.8132169478436293,0.9477371913376332,1.0,0.7124936767445134,-0.7364574250205733,-0.5720067740970973,-0.3290215526762456,-0.3782706060964622,-0.4920540172896934,0.5328991967392034,-0.4264723501555379,0.7779348098956907,0.7739587494788286,-0.3905960195135863,0.38082160293309164,-0.36708639097310375,0.447180189460856,0.6025687303162242,-0.4912490583745865,0.17108494976550825,0.4213481291706378,0.42008159942276824,0.16214863006686073,0.6473149028817601,0.5781252068898501,0.2273238373125443,0.4697637346278922,0.42928368396688615,0.20556369186155052,0.5164596247676037,0.10286275854571543,0.494740222562663,0.09207385460063706,0.17709546564872136,0.1999512118780886,0.4718774505631486,0.23658780652568584,-0.3003757145981715,0.09010400036119405,0.5903938360721848,0.1400196962622007,0.15073656163222368,0.21243050579389547,0.0950868411853301,0.031018454500254998,0.07379638299905948,0.15895859743086896,0.20163473066831902,-0.03732999552999215,0.15650590307979306,0.09968459261662056,0.12085682461039651,0.13246259023574614,0.28409016312667523,0.16230356685624353,0.4767974542594318,0.11249013195575505,-0.12002218193877713,-0.07749835222342961,-0.15340886982483387,0.056878735326866645,0.1147652416082845,0.12678268557907224,,-0.833766785546
volume_acceleration_5m,-0.6856829160992398,-0.9125169604683662,-0.9150048285145731,-0.6065384883787099,0.6752499978917611,0.7124936767445134,1.0,-0.4308338815256336,-0.1899045169218187,-0.4812653130137131,-0.18923740618246299,-0.0948738465547821,0.4222460010108806,-0.03524149287470467,0.3905713803279856,0.5491111997614865,0.07518630327385122,0.31435465276476093,-0.6011725734820327,0.3174809045909921,0.30279163697989686,-0.08361588230469064,0.2911257885303962,0.2789500573671017,0.2653052347325096,0.25535221346857145,0.25647698387795187,0.24626670009084936,0.23962891215009466,0.2392454086406546,0.23984755823083218,0.457492614745507,0.23545151985936377,0.22865715084263805,0.22859802044912575,0.22158053942711115,0.3646624039524103,0.43331657358357883,0.2221813149361854,0.21885797262067516,0.19234828753049837,0.2132926892394797,0.20829673409987878,0.49697946745818966,0.1878642510198489,0.17508442153917317,-0.1533468362295589,0.1562636594802932,0.11892455372059643,0.5632321688103304,0.15370647863876036,0.14951474664006056,0.15143808713329235,0.5154905496446376,0.1569019618281247,0.08218352307824653,-0.10573917952675001,0.14673468495250022,0.015438278947435864,0.1020851115973904,0.0718498167161891,-0.08025917751362187,0.24714130695713366,0.0778171982271557,0.07330219502145696,0.0632804555674562,,-0.8121333587255236
avg_trade_interval_5m,0.8308316827866343,0.6858385015034522,0.689884605090102,0.9748938655561006,-0.7671131499548998,-0.7364574250205733,-0.4308338815256336,1.0,0.8085321974688292,0.5096514056624762,0.6843346835222487,0.8102687035308003,-0.7464205678240516,0.8139124126264422,-0.5340681731263075,-0.4444527951215489,0.7063182463177996,-0.2940346181817734,0.12841396624320425,-0.6707709802157042,-0.5436758103895294,0.705738532883764,-0.021175625621510475,-0.4771799816713482,-0.2998487456341342,0.011075104891106899,-0.51019489146547,-0.5086342230580397,-0.012072671752100384,-0.2519557554811187,-0.3699011033493347,0.04394642034362846,-0.31326484016592054,0.13127953687237262,-0.28478400524984615,0.09902194150215314,0.0679976589824313,0.028530613575365436,-0.2690438322304059,-0.07274814297133185,0.7296315935616761,0.12368504545526877,-0.4130007356447322,-0.185204691949274,-0.062097817988574174,-0.34813983478840005,0.06302846529967722,0.19682491924776793,-0.2985819440192549,-0.1436008848651835,-0.008470836459976256,0.142220954823612,-0.051591731472023325,0.21799284839272226,-0.21399905818586032,-0.25128209073467916,0.8476432618038655,-0.3045558824459361,-0.382093040242861,-0.24782855635582976,0.08639947653543464,0.7175253832009068,0.35454044942529533,0.03236580654873728,-0.12943637449947407,-0.19244760774168868,,0.7757831749003661
price_change_5m,0.8431599706322027,0.5712310782953117,0.5675506403955164,0.7906512077149034,-0.6208302123280871,-0.5720067740970973,-0.1899045169218187,0.8085321974688292,1.0,0.5913490033206876,0.8789779424122462,0.9758650293718105,-0.5667723193640652,0.928201986200409,-0.48012969844565273,-0.25669004097272285,0.9642992026842588,-0.40859187963157917,0.035004150184075426,-0.3908658608581365,-0.40497235664620296,0.6517885973190921,-0.3751823401446781,-0.3365912396788696,-0.3444824904986132,-0.33100268298819774,-0.33696595255213735,-0.33020545791655076,-0.3091510172860747,-0.3102970988255644,-0.311551996293186,-0.04463257193196128,-0.3023098096975601,-0.29479009499778536,-0.2926120204625776,-0.2855695963375554,-0.1181397727334839,-0.04138142311850352,-0.28506683533060945,-0.2828234769545336,0.7699064154257558,-0.2749478871905492,-0.2725767511865026,0.11411854436744372,-0.24323376809288028,-0.21718619959247026,0.21733042392911298,-0.2012007322069123,-0.26846508207870695,0.27765120671983895,-0.19575984829846066,-0.19323189459389958,-0.1811599993813291,0.26266659864797937,-0.17986882720765654,-0.24320691629711821,0.33117362218671986,-0.17562142939369166,-0.3136954040315673,-0.18762020421662054,0.3399089381139404,0.15404443903984016,0.49246066495420127,-0.09952181797943167,-0.09468947043992541,-0.11348192719129564,,0.7235771316573554
rsi_14,0.7000407311072568,0.6373272301590518,0.6395082790997823,0.5902222399383781,-0.41307041742442957,-0.3290215526762456,-0.4812653130137131,0.5096514056624762,0.5913490033206876,1.0,0.8354482304674604,0.5500260911152886,-0.3841984275310897,0.4953065400682349,-0.1901774788138876,-0.1673743242739532,0.47214439110166867,-0.3376807922405585,0.22089109796106712,-0.17468453159180422,0.16941384294964285,0.3775948772310286,-0.5210379267818921,0.14455518282014324,-0.21458335048739102,-0.4482655795127961,0.17782682396697197,0.21376843061218928,-0.36247045441683456,-0.09995989280133297,-0.06721746454918394,-0.11488397641416707,-0.10086570675030465,-0.3779457992173074,-0.05423846254359756,-0.393270172854602,-0.1463736945520529,-0.2285317997119958,-0.11281333218035777,-0.24661149517468972,0.3215805584975157,-0.38398711749936554,0.10928587422922076,-0.12105729844416496,-0.3254615643135737,-0.054307952275225405,0.2806720946633556,-0.32514391563103945,-0.1671446386114956,-0.04485692943987599,-0.1945822980868474,-0.2863286381237962,-0.16161230991409803,-0.23322586533174997,-0.11861351652350295,-0.1554259009492623,0.10759790287353273,-0.059365426690151366,0.1667656944919267,-0.17729299889537467,0.22204742728071528,-0.13179587828619024,0.12225703236432417,0.12239769641320049,-0.09281046403732604,-0.20106987307638619,,0.6870451998568093
rsi_14_slope,0.7473011066974448,0.5167278660607093,0.5157478687905583,0.6853752674760614,-0.4568637802471924,-0.3782706060964622,-0.18923740618246299,0.6843346835222487,0.8789779424122462,0.8354482304674604,1.0,0.8737961064063825,-0.46003105597711436,0.8287491215395966,-0.33005164845020885,-0.15072252192505162,0.8457966376630258,-0.394107716341202,0.003061617900890293,-0.2539286624847245,-0.08487766679192008,0.588794691961662,-0.4680407431240549,-0.05946546235385472,-0.29732730984607275,-0.40707729185817654,-0.052320931864536,-0.012330777606042774,-0.35358089736321496,-0.21019643734383472,-0.19616796007697532,-0.019849721289205095,-0.20692080750102754,-0.3525675936118787,-0.17248354549014375,-0.3554083199320661,-0.09136595306907776,-0.07831971930773879,-0.2042056182729574,-0.2774143544923414,0.6650116702437399,-0.34410426085352774,-0.06847329625511317,0.10219681686315914,-0.3003954053609141,-0.10590479962634032,0.2319103865759101,-0.2761625508745168,-0.23465500500609865,0.251562073127659,-0.20579504536935783,-0.23887168000903017,-0.15184942775873003,0.08963472025026485,-0.1319954771115064,-0.24486994092023523,0.22023473012992054,-0.09659167039201826,-0.09964492417096973,-0.20648910357421627,0.3444699938792313,-0.061204252966087454,0.4010329934292398,0.01622177687498124,-0.10019694898233199,-0.17791266343818726,,0.6446650984472431
trade_interval_std_3m,0.7718086018411098,0.480056844530909,0.4773734794052074,0.7709992612519492,-0.5529498038725118,-0.4920540172896934,-0.0948738465547821,0.8102687035308003,0.9758650293718105,0.5500260911152886,0.8737961064063825,1.0,-0.6019411961319963,0.9688319224543954,-0.4419865749903915,-0.20151082090517308,0.9662268118761348,-0.4189446441863856,-0.045727932480699285,-0.424434885191016,-0.40202716296308993,0.6442799672408832,-0.3232939990365287,-0.34331528594489996,-0.3596080849392625,-0.27571149629567837,-0.3644699717101152,-0.3571933289411545,-0.2964115645039577,-0.3342128593496205,-0.33463268412920966,-0.04977235014590037,-0.3284913405980183,-0.25367873056460977,-0.31626985433028626,-0.22582755003232566,-0.11594849405432593,-0.046465247972113,-0.3113459879972767,-0.28891893673144875,0.7873765359500622,-0.22381040929835996,-0.29629513079977177,0.12215164422547957,-0.19081545940251157,-0.23567552332616507,0.19895268206730346,-0.1821577549929936,-0.28770101352931965,0.2685604318965205,-0.20864148602650065,-0.15404903541153683,-0.19552069914589187,0.261689421613782,-0.19841861431893437,-0.2540890130054973,0.8973791331344937,-0.1954124065909199,-0.3534031950899528,-0.19045660060783517,0.3044733637451203,0.705618930431748,0.4824896394314332,-0.08433107139237696,-0.10208356184717322,-0.12484293661842501,,0.640584327573398
holder_count,-0.6437601161752651,-0.5647681947567114,-0.5708651888810663,-0.7619049298962611,0.5815302729383682,0.5328991967392034,0.4222460010108806,-0.7464205678240516,-0.5667723193640652,-0.3841984275310897,-0.46003105597711436,-0.6019411961319963,1.0,-0.5503013824080657,0.3442145968405887,0.32106793027622305,-0.46491466807458326,0.29769199691710624,-0.21954249567355105,0.7986379299656478,0.445870252731766,-0.5339673073899068,0.12892057219480105,0.3932538770618145,0.2812695454657038,0.09312974190725985,0.3905339442463461,0.39057341723992617,0.183073001410263,0.2217460487015612,0.26505724977365164,0.28664559516173344,0.32978167958330284,-0.02035642263940198,0.32577307451017146,-0.03491164656143949,0.325994165693676,0.39887208984599387,0.32419448220184444,0.24859910533302096,-0.3936255975189658,0.02015857855843681,0.2111877064125596,0.38960754864223934,0.08710499620524949,0.6249313258214653,-0.22396568247153317,0.06331875638614529,0.40501221251641045,0.41484911548269526,0.2843957691986164,-0.19527629777564182,0.551933665683152,-0.11075132802257141,0.720738483415383,0.13933496529137115,-0.3811311244950399,0.664162861026659,0.1633685058016638,0.20585746092933452,0.31027319696912614,-0.4135232393012744,0.1476372313392638,-0.06413890142528524,0.08619120947363426,0.1922538855390578,,-0.6226118345774869
avg_trade_interval_3m,0.7035352208792801,0.40745618648291665,0.4068796322067012,0.7479627891371939,-0.47842465887663493,-0.4264723501555379,-0.03524149287470467,0.8139124126264422,0.928201986200409,0.4953065400682349,0.8287491215395966,0.9688319224543954,-0.5503013824080657,1.0,-0.35294643927250957,-0.10605419065751709,0.9339110784467374,-0.28472636918273636,-0.07028032270286184,-0.48381268226072405,-0.37536275954554055,0.5642579030991967,-0.14421106489871624,-0.3545326735283758,-0.25158502245505104,-0.08090315087881393,-0.3605004789245428,-0.3577730578553334,-0.08092091866742226,-0.18454138597942152,-0.26917289338334166,0.06263519249859624,-0.21139477861160458,-0.10072415405009312,-0.20093850273127176,-0.06845541513190999,0.03974382698927783,0.05662546155823354,-0.18483457776910464,-0.08528625189784987,0.842035497716421,-0.040502431252718366,-0.3054432115095586,0.07587592223871402,-0.010346410089380729,-0.2696426834112991,0.23926038564079255,0.0027785961881906843,-0.3412102371642363,0.23064748965096,0.018195746331170642,-0.18659122171514114,-0.015023234123360265,0.32530327522656305,-0.14611401452369188,-0.20844439967639702,0.8698539750773132,-0.22444035015509933,-0.37707961003970036,-0.1565583673460726,0.2239479869359395,0.7658023580491722,0.5846459496204099,-0.09744829003245364,-0.08900444457443406,-0.10985966203243687,,0.570028824504804
trend_consistency_3m,-0.5614513991049017,-0.5290384690519891,-0.5231267642776224,-0.5747827807200083,0.7441647681981811,0.7779348098956907,0.3905713803279856,-0.5340681731263075,-0.48012969844565273,-0.1901774788138876,-0.33005164845020885,-0.4419865749903915,0.3442145968405887,-0.35294643927250957,1.0,0.8729467373892186,-0.38661079891704964,0.3916998373326055,0.040755772991139194,0.2265253835161378,0.4880788265564847,-0.4878546824301727,0.19050364020779023,0.20677355215903426,0.4247440331627998,0.20418215257806613,0.47261113557981554,0.4429154062944518,0.32849814818633477,0.4979340831569252,0.47070780744132185,0.011920380105251547,0.6173568043416949,0.13350956225932165,0.5587838975632985,0.11075831719319242,0.06464900072002996,0.09196102841738973,0.558592328838253,0.3671561241065843,-0.2324541518245021,0.1489580725498037,0.43125591748029524,-0.19506857711506656,0.18992122807882741,-0.0020530158486629624,0.4671095751220107,0.10669684301386495,-3.5950601981304776e-05,-0.0796110956929474,0.36313105349825175,-0.14456344779303248,0.2629332619087133,0.09401552651438673,0.04695723424278347,0.18509366936595564,0.13478786786200656,0.02800711646423968,0.3842287899760773,0.2294684894744061,-0.2150365665373027,-0.09674564804358417,-0.1782222636933201,0.15024554595434297,0.14727785864035392,0.2726267216559007,,-0.5479693777151831
trend_consistency_5m,-0.4849470382095085,-0.5660764305326856,-0.5657660394759433,-0.5197268961315962,0.7294280086331811,0.7739587494788286,0.5491111997614865,-0.4444527951215489,-0.25669004097272285,-0.1673743242739532,-0.15072252192505162,-0.20151082090517308,0.32106793027622305,-0.10605419065751709,0.8729467373892186,1.0,-0.11597221102455606,0.3350629092750948,-0.1105032221384779,0.2458661610070394,0.3607222820129809,-0.3990606275933999,0.1614735671042426,0.22236804840751642,0.38505138779540726,0.18574198849116172,0.3926894544542123,0.36005554709222826,0.29911593390346725,0.4625490983920946,0.4170190641244234,0.051460355053575824,0.6167452346971865,0.05845971951769479,0.5384566341025939,0.07147113245021192,0.09062794963075146,0.14509467051947106,0.5189733658598803,0.30853994846816907,-0.004954469537256382,0.10466125082536905,0.3989934027779553,-0.06475810617136415,0.22393258492632614,0.08731309585185988,0.5374815568998094,0.03170968552898176,-0.16304906878556552,0.10582646803689576,0.3485166147833535,-0.2767521721025468,0.28449175259689624,0.24149020309844127,0.06410543653249672,0.07263314036968106,0.18909423821615196,0.08828245782692543,0.3009941574619052,0.13911682993897498,-0.04902426780814415,0.016378843382426626,-0.04506686212801543,0.14761298546864668,0.15050356776440574,0.18972968455394446,,-0.530180197890167
volatility_3m,0.670712646981081,0.33551302141367984,0.3310513424471008,0.6409366474517917,-0.4496777557332819,-0.3905960195135863,0.07518630327385122,0.7063182463177996,0.9642992026842588,0.47214439110166867,0.8457966376630258,0.9662268118761348,-0.46491466807458326,0.9339110784467374,-0.38661079891704964,-0.11597221102455606,1.0,-0.3292962644621916,-0.12933318469391847,-0.31491236970819586,-0.32939413611929497,0.6404564353286982,-0.30236507743511665,-0.2660978854157215,-0.2774997536986775,-0.2671149595971075,-0.27324975288285225,-0.26864993647291313,-0.24907088551909703,-0.2500540785481737,-0.2509494271585341,0.07753760124680718,-0.24454835963375077,-0.23751642400199496,-0.23686201254133657,-0.23009917984146014,-0.021917427255770693,0.07152021352072084,-0.23043010384023926,-0.2277680470612577,0.8338224208207309,-0.2216302292781157,-0.22071364097489202,0.24959189063354495,-0.19612382782840576,-0.1750214943094593,0.17547392108953042,-0.16183633893201396,-0.2444223440321104,0.43219031310159106,-0.15741076809442275,-0.15539307642856098,-0.14597215224909704,0.40446470362699055,-0.1449671971555633,-0.22470260633237843,0.7110162376328149,-0.1426772285427514,-0.3150879123914458,-0.1642775913119644,0.3611339371057808,0.2634681109776281,0.5648310232686922,-0.08103341009105694,-0.07640494647093729,-0.10287139973610843,,0.5150086687100484
buy_pressure_volatility_15m,-0.4768393151853976,-0.4247059068493569,-0.43962155016745064,-0.3815146763028796,0.3804728729394387,0.38082160293309164,0.31435465276476093,-0.2940346181817734,-0.40859187963157917,-0.3376807922405585,-0.394107716341202,-0.4189446441863856,0.29769199691710624,-0.28472636918273636,0.3916998373326055,0.3350629092750948,-0.3292962644621916,1.0,-0.1222540985730715,0.028316697712195044,0.27952308031261064,-0.1251910557332269,0.6415151708639356,0.19478724062147204,0.9101256296922309,0.5920367246267549,0.26406544306863095,0.16870186520740152,0.6391532916984063,0.4480631669012125,0.7319822946779647,0.43571472873291894,0.3131316342347497,0.5006359138686177,0.31159654814878807,0.4576482154492426,0.4833316925746057,0.24636783255286218,0.3556413991277261,0.765645332673035,-0.06414497335310593,0.5152123572906137,0.13109206066258314,0.16802904356639925,0.4514195539018342,0.013201685179364537,0.07744696163460328,0.5708163687122048,0.04049118406358832,0.010458154571771544,0.5810087420978353,0.22832444270654856,0.3938107898457982,0.19483723172643955,-0.012431109399572744,0.06448173650677005,-0.12369044309310784,-0.0784626517535894,0.05625266054097927,0.03740697230579482,-0.23732508737379035,-0.09206743137270623,-0.01696109921274868,-0.029004235641934443,0.10641985492478886,0.040299653502317165,,-0.465427355330862
price_volume_correlation_3m,0.3595027559807475,0.5187102357382593,0.5216708092505801,0.24682178653153747,-0.3384213645381393,-0.36708639097310375,-0.6011725734820327,0.12841396624320425,0.035004150184075426,0.22089109796106712,0.003061617900890293,-0.045727932480699285,-0.21954249567355105,-0.07028032270286184,0.040755772991139194,-0.1105032221384779,-0.12933318469391847,-0.1222540985730715,1.0,-0.07289127140332805,-0.2538518939173652,-0.08591897208247369,-0.25456255829812313,-0.12871692171402452,-0.11940134438525164,-0.19383499700536488,-0.16506144844913068,-0.16497729546007592,-0.10983609446819873,-0.014736289280591638,-0.054399811162922515,-0.37454639096125353,0.03330402711247626,-0.20806419345157395,0.037708503390211395,-0.19710913901420693,-0.29894478854308576,-0.2802838439923655,-0.03399158845699396,-0.014910142687597595,-0.19410122423151452,-0.18751362488759074,-0.14093473775114182,-0.5214200462482318,-0.07155258974410032,-0.10594551772291298,0.35073035035040184,-0.14160752988273748,-0.008649331972477742,-0.4627265739766777,-0.03019003792821448,-0.2434355228126178,0.035494928785805784,-0.20823202790501558,-0.03407234491677313,0.2829441866603352,-0.1845716187856474,-0.01507973485651731,-0.014607994991448128,0.2993354423966188,0.005400978361557113,-0.10213182264816957,-0.22443428022405948,-0.06280018730959921,-0.07965730512128208,0.10396377371102684,,0.44898425978939627
liquidity,-0.45469219380285686,-0.39719097519766605,-0.4079597091539227,-0.6423093082517454,0.4489396191751593,0.447180189460856,0.3174809045909921,-0.6707709802157042,-0.3908658608581365,-0.17468453159180422,-0.2539286624847245,-0.424434885191016,0.7986379299656478,-0.48381268226072405,0.2265253835161378,0.2458661610070394,-0.31491236970819586,0.028316697712195044,-0.07289127140332805,1.0,0.3200261766566787,-0.275655464278785,-0.271649320363505,0.4573314299427921,0.05038272523747314,-0.28712331163321947,0.35691170077444534,0.3741556666462478,-0.2620040422927825,-0.022089976848165088,0.18310559006622762,0.1243258680748503,0.09468602439889191,-0.32705895245113525,0.14849153732879028,-0.312081808698733,0.07124839447064056,0.24285889335641284,0.08962723362053662,-0.14208878127414837,-0.43829241762628435,-0.3388251587692987,0.2632902657449493,0.3488927784820543,-0.18337777183627407,0.8120366759025726,-0.13647121360163755,-0.33060263610701224,0.48377651437531444,0.3745584976996438,-0.20902325575085604,-0.13437902910397861,0.2888806416731713,-0.16694645182951984,0.6949982719663198,0.0771671236198024,-0.37007462626610554,0.8658506786965997,0.2397022688517592,0.19415779424479357,0.6614041560502508,-0.33543627801309434,-0.10609220280698341,-0.05052402411865987,0.04189905707797841,0.11331708793611449,,-0.44302174991386395
volatility_adjusted_momentum_15m,-0.46428419559913,-0.4291919733633761,-0.4268737213382147,-0.5424729289429284,0.6136893986162506,0.6025687303162242,0.30279163697989686,-0.5436758103895294,-0.40497235664620296,0.16941384294964285,-0.08487766679192008,-0.40202716296308993,0.445870252731766,-0.37536275954554055,0.4880788265564847,0.3607222820129809,-0.32939413611929497,0.27952308031261064,-0.2538518939173652,0.3200261766566787,1.0,-0.2771765196575657,-0.025140430195251414,0.6073784652678756,0.2620638521319492,-0.01692225069375988,0.6021001203891857,0.805509895729088,0.05729114337700944,0.34566461849005264,0.536060801954058,0.20646804166826582,0.33581515262109773,-0.035456718489748865,0.2716395041715843,-0.05792393833118113,0.15908212950619147,-0.04597715793192438,0.25471197210031105,0.24932523425789446,-0.2784519106420304,-0.04385873411974028,0.4085659014966063,0.21688742143330775,0.016517361009372497,0.10595499133428449,-0.001709270263305773,-0.052917171685801734,0.24233644254985076,0.23179192728578077,0.14836982637152937,-0.056260051901239096,0.02572202290822342,-0.20880747773107114,0.0397557722937902,0.13529897276494654,-0.08771691209576386,0.04802152214429657,0.3820471040488209,0.08312928647174853,-0.15398300506810214,-0.22247349633246147,-0.07654997497112398,0.14191784481403824,0.056677974239090184,0.016008962141487712,,-0.4485231687365133
order_imbalance_3m,0.5262393547103479,0.34326363997081677,0.33332924811434356,0.6455599113080487,-0.5254927894239436,-0.4912490583745865,-0.08361588230469064,0.705738532883764,0.6517885973190921,0.3775948772310286,0.588794691961662,0.6442799672408832,-0.5339673073899068,0.5642579030991967,-0.4878546824301727,-0.3990606275933999,0.6404564353286982,-0.1251910557332269,-0.08591897208247369,-0.275655464278785,-0.2771765196575657,1.0,-0.10554728361941054,-0.2079591494066166,-0.22181108417089004,-0.13494302609698958,-0.3850640035254593,-0.22841594298739032,-0.23473110347131657,-0.3943272336454321,-0.016006188055217575,0.24589337491993954,-0.4131095135731448,0.07903995092563189,-0.4189854172826309,0.01653091355699489,0.14601711512764864,0.00014200556192923774,-0.3792377230456263,-0.08248263184165301,0.6357848668040437,-0.010911466436432017,-0.3318798640812415,0.27036600339368294,-0.24846369057910717,-0.0481615367211374,-0.13930679927580145,0.05135017688414852,0.08477492465088073,0.2603861424656577,-0.3066643776762475,0.5238217436270325,-0.2206687443619656,0.23746943667666687,-0.19483271561543544,-0.2894655460350824,-0.21575431979733375,-0.06755968527216824,-0.34202467675798,-0.23252852860905004,0.33919220328417415,-0.17588939912912685,0.13744510416425176,0.14941753330008248,-0.13250606780603172,-0.31044953639970274,,0.44205111694249094
max_trade_size_10m,-0.43841840362263423,-0.4054182732444408,-0.4015874631026805,-0.15028367710891696,0.19816142608785234,0.17108494976550825,0.2911257885303962,-0.021175625621510475,-0.3751823401446781,-0.5210379267818921,-0.4680407431240549,-0.3232939990365287,0.12892057219480105,-0.14421106489871624,0.19050364020779023,0.1614735671042426,-0.30236507743511665,0.6415151708639356,-0.25456255829812313,-0.271649320363505,-0.025140430195251414,-0.10554728361941054,1.0,-0.06494174686898388,0.49667604754738376,0.9768645117555611,-0.06582511237606921,-0.1221689614376745,0.8761601088888253,0.4101566575740734,0.23542237430967627,0.5367532271804649,0.32223128136344675,0.9060431148062044,0.28025107419612066,0.9252459639899124,0.6478728578937818,0.4342177456250317,0.33150559567523324,0.6984750029170953,0.14049681201605602,0.9535918159475074,-0.07662613757801058,-0.07635973353498585,0.7736704906421799,-0.12204442629325905,-0.1534132049900108,0.8274330459346186,-0.13023141887801398,-0.16194915850654235,0.6906059823570938,0.38535059123569715,0.47722959514316776,0.39258408887861723,0.047554239599795954,0.028155645326502547,0.0808376337938519,-0.16611715483805764,-0.11844079484464053,-0.031607396916045756,-0.3978430502545531,0.7401656820577589,0.10088063635877009,0.1614550154011856,0.06493703008743151,0.00014879823879117673,,-0.4293001829063526
rsi_trend_strength_7,-0.4011623140610391,-0.375729407758861,-0.37836796169324816,-0.47848035698946584,0.42027131703950305,0.4213481291706378,0.2789500573671017,-0.4771799816713482,-0.3365912396788696,0.14455518282014324,-0.05946546235385472,-0.34331528594489996,0.3932538770618145,-0.3545326735283758,0.20677355215903426,0.22236804840751642,-0.2660978854157215,0.19478724062147204,-0.12871692171402452,0.4573314299427921,0.6073784652678756,-0.2079591494066166,-0.06494174686898388,1.0,0.21325381038083072,-0.0589616322643431,0.48088551032096727,0.6231513542102728,-0.0002676593805357488,0.2779101437090481,0.32105520068453636,0.21425324137131496,0.16445954853698672,-0.04881702808978963,0.1637632851681775,-0.06146290423560427,0.174635809015501,0.08291863795654797,0.13439329212156642,0.040823485928546226,-0.25283433881380163,-0.08874450518007423,0.3213617123002421,0.13336116503717602,-0.015319852240664069,0.4023375655492573,-0.08447855808325686,-0.13035996125231114,0.042505233126627365,0.10071346241861272,-0.01586157279483716,-0.027474592802263654,0.06056346673831075,-0.06320086988556549,0.15648536499884666,0.07749508138154781,-0.18445107911513617,0.28616933859649213,0.28960168189016805,0.09248647964410973,0.106683013347245,-0.17353938690692847,-0.20503278502658617,0.20337730743075227,0.03880121180011815,-0.20560056444749214,,-0.3932555248153436
buy_pressure_volatility_10m,-0.40229406596884504,-0.3572180815163434,-0.37137039681983475,-0.3629040553020765,0.382409513524625,0.42008159942276824,0.2653052347325096,-0.2998487456341342,-0.3444824904986132,-0.21458335048739102,-0.29732730984607275,-0.3596080849392625,0.2812695454657038,-0.25158502245505104,0.4247440331627998,0.38505138779540726,-0.2774997536986775,0.9101256296922309,-0.11940134438525164,0.05038272523747314,0.2620638521319492,-0.22181108417089004,0.49667604754738376,0.21325381038083072,1.0,0.448415985972004,0.4586506974964411,0.17760334477409004,0.515273335888568,0.3924056082723951,0.59888140263151,0.2808485520813463,0.2647250353278605,0.3389718768727409,0.2828759909185926,0.3068556959743063,0.32526464643930597,0.2036559955293164,0.30358101300446977,0.5611951316659795,-0.09517203155779873,0.35793937121357394,0.2726878762361381,0.12998434211683654,0.34563721375651996,0.033050115271657764,0.14832426330249765,0.3880762294831102,-0.07633674286257526,-0.012429459751224834,0.4757468427129429,0.05890925160129939,0.31071660486770825,0.15533664379474757,-0.022149374248272825,-0.04084774579624896,-0.06734186013464857,-0.06474315715806249,0.18224885747984323,-0.08663774172655991,-0.20318542437004164,-0.09513086425489414,-0.029433083228293775,-0.032388278114232665,0.10848303230255371,0.05294937001153772,,-0.39315381322593873
volume_total,-0.38621098029658674,-0.3624124170138818,-0.35367683556269647,-0.10963197583219855,0.18690355885726284,0.16214863006686073,0.25535221346857145,0.011075104891106899,-0.33100268298819774,-0.4482655795127961,-0.40707729185817654,-0.27571149629567837,0.09312974190725985,-0.08090315087881393,0.20418215257806613,0.18574198849116172,-0.2671149595971075,0.5920367246267549,-0.19383499700536488,-0.28712331163321947,-0.01692225069375988,-0.13494302609698958,0.9768645117555611,-0.0589616322643431,0.448415985972004,1.0,-0.0412901000744187,-0.09441118952189709,0.8990098230697315,0.4916813358093221,0.22802306886961518,0.5643671883832702,0.36566378673168265,0.9033276974921503,0.3423813063939764,0.9584291687710241,0.6736148157934378,0.4342551442421209,0.3849118482083757,0.7218080775157162,0.1584271198113905,0.9749907269108978,-0.035273257687808736,-0.18659239538290143,0.8744343923084417,-0.14919139411798116,-0.07795408857063019,0.8137415922546902,-0.15569060440633983,-0.21929904322818414,0.7290642430754881,0.2969974393920603,0.5198800760836323,0.4237634569657129,0.06954048907913847,0.11502649461196267,0.03776384320026144,-0.17062399272590711,-0.07388114863239315,0.03142556402380909,-0.39679607278053974,0.8659659937494967,0.14657397641494216,0.12660076589793087,0.06005892032172325,0.0008005182721535573,,-0.3780363871441887
volatility_adjusted_momentum_10m,-0.3878640744429564,-0.364196471820039,-0.3562319515194926,-0.4990607078272774,0.5189937241891797,0.6473149028817601,0.25647698387795187,-0.51019489146547,-0.33696595255213735,0.17782682396697197,-0.052320931864536,-0.3644699717101152,0.3905339442463461,-0.3605004789245428,0.47261113557981554,0.3926894544542123,-0.27324975288285225,0.26406544306863095,-0.16506144844913068,0.35691170077444534,0.6021001203891857,-0.3850640035254593,-0.06582511237606921,0.48088551032096727,0.4586506974964411,-0.0412901000744187,1.0,0.6371133621299835,0.08133248149271223,0.4795364383442351,0.27798243129132255,0.21100905043215568,0.4498678775403808,-0.036271317765172464,0.5379204120163478,-0.058175187412831064,0.12464805945853469,0.16758550220899604,0.41110483654938507,0.05056910640736192,-0.27377368727870577,-0.0757016926542491,0.8700306938194473,0.0062492370863898895,0.01751008522315878,0.13640977073066643,0.05976659218401759,-0.12901925365632513,0.03723958461336239,0.027142876606508094,0.09910311192538555,-0.2005089167303286,0.037520867869623296,0.03390226571334086,0.07949246364439995,0.15061657479784,-0.26152651006214417,0.08481169070113485,0.8159990805712646,0.006904847199095661,-0.08588408523855987,-0.2472476343863037,-0.0671311821953734,0.08899959946200003,0.053605220152240535,0.0798378027723718,,-0.37771880594532903
trend_strength_15m,-0.3782107140306303,-0.354000849524161,-0.3484810798824687,-0.49351283504636967,0.61522498491054,0.5781252068898501,0.24626670009084936,-0.5086342230580397,-0.33020545791655076,0.21376843061218928,-0.012330777606042774,-0.3571933289411545,0.39057341723992617,-0.3577730578553334,0.4429154062944518,0.36005554709222826,-0.26864993647291313,0.16870186520740152,-0.16497729546007592,0.3741556666462478,0.805509895729088,-0.22841594298739032,-0.1221689614376745,0.6231513542102728,0.17760334477409004,-0.09441118952189709,0.6371133621299835,1.0,0.022727624275389244,0.44982828361919075,0.4702660852082241,0.2278853006059083,0.393573282098531,-0.06661103664646932,0.34047019652869925,-0.09972581167905635,0.14781501063345281,0.009791076775180626,0.5236240499768627,0.16172696607100676,-0.25545386411592136,-0.10621080079412973,0.49392008673892224,0.0857178562140529,-0.03538936340017261,0.1529704578350634,0.08116322296195433,-0.12209902068944525,0.14788763138791733,0.15118519103539685,0.0956232812838046,-0.07733471399432094,0.014823533103196576,-0.10056321572038479,0.026626390552882122,0.04185627922914555,-0.2487795044465822,0.08581248257218838,0.4539330497471013,-0.02870683538633833,-0.07055446352841772,-0.2981409224642072,-0.13775988005920772,0.12478588703368575,0.0564857186065805,-0.0025613967876970405,,-0.3641549838648882
min_trade_size_10m,-0.3617851389604996,-0.34421896345679776,-0.3320920479456778,-0.1338147620963955,0.2728203115665922,0.2273238373125443,0.23962891215009466,-0.012072671752100384,-0.3091510172860747,-0.36247045441683456,-0.35358089736321496,-0.2964115645039577,0.183073001410263,-0.08092091866742226,0.32849814818633477,0.29911593390346725,-0.24907088551909703,0.6391532916984063,-0.10983609446819873,-0.2620040422927825,0.05729114337700944,-0.23473110347131657,0.8761601088888253,-0.0002676593805357488,0.515273335888568,0.8990098230697315,0.08133248149271223,0.022727624275389244,1.0,0.7318327713048458,0.25205045876310733,0.611398196129704,0.5501374383658432,0.86139079441057,0.5481853789938973,0.8131846941446513,0.749376548159785,0.5641349776946204,0.5826428396344698,0.8388263540608313,0.20018005952875606,0.8958735341530845,0.0851662390800988,-0.27592320959109934,0.7122786614072231,-0.14835745572929906,0.020804342087824397,0.8931961879803697,-0.24475742640595446,-0.2602896070072851,0.9210673735531167,0.14898563444174132,0.67227230325596,0.48019441912069916,0.12650121853812607,0.15822656585015296,-0.23494960656340977,-0.1714476420637772,0.039225412434577195,0.03965433195619404,-0.41126483418920035,0.38731179365091367,0.25773558195102975,0.08098737099182934,0.0856469538304205,0.009670765006585464,,-0.3542446660272413
min_trade_size_3m,-0.3621659933295286,-0.35565437406705364,-0.3349941767137663,-0.31224122009444216,0.4994328771163194,0.4697637346278922,0.2392454086406546,-0.2519557554811187,-0.3102970988255644,-0.09995989280133297,-0.21019643734383472,-0.3342128593496205,0.2217460487015612,-0.18454138597942152,0.4979340831569252,0.4625490983920946,-0.2500540785481737,0.4480631669012125,-0.014736289280591638,-0.022089976848165088,0.34566461849005264,-0.3943272336454321,0.4101566575740734,0.2779101437090481,0.3924056082723951,0.4916813358093221,0.4795364383442351,0.44982828361919075,0.7318327713048458,1.0,0.3010636277886809,0.5265881439565228,0.7157945189498701,0.5097552992212705,0.7574388419918622,0.4436700828991269,0.5550616144133562,0.4589832020607329,0.7554206893969736,0.6171517836626592,0.004293312885267794,0.4904608738584572,0.532127838343312,-0.4356153298585681,0.4538489077170519,-0.11773966673482586,0.2340175495554765,0.5093174474107847,-0.26916828219030325,-0.31140273801882984,0.7301725911091385,-0.11580283737012226,0.4662025549584136,0.4281740828810929,0.03951954782157128,0.25682589576706977,-0.3230047214985855,-0.1492175531587241,0.4834240456961241,0.05631667837920799,-0.36339724386993827,-0.1904775941611635,0.10572605440431945,0.0011882718599249512,0.1338189672890444,0.05642908249037412,,-0.35355449994218946
buy_pressure_volatility_5m,-0.36282767843502833,-0.3214076581121164,-0.3376685238977709,-0.39877959618043196,0.4276892881357857,0.42928368396688615,0.23984755823083218,-0.3699011033493347,-0.311551996293186,-0.06721746454918394,-0.19616796007697532,-0.33463268412920966,0.26505724977365164,-0.26917289338334166,0.47070780744132185,0.4170190641244234,-0.2509494271585341,0.7319822946779647,-0.054399811162922515,0.18310559006622762,0.536060801954058,-0.016006188055217575,0.23542237430967627,0.32105520068453636,0.59888140263151,0.22802306886961518,0.27798243129132255,0.4702660852082241,0.25205045876310733,0.3010636277886809,1.0,0.27030719762783156,0.3697141236277683,0.13288938439756545,0.2760317705192461,0.1336982133040074,0.24360667390418048,-0.07928266949774022,0.3571130645750132,0.6086546926888066,-0.142008554176729,0.15583821311149318,0.1818915481585968,0.2446420350665183,0.2542595638598166,0.02828546369450663,0.23463915911022723,0.19373225370947422,0.2720023664066061,0.18047200767203822,0.29301980742176564,0.15658346232065654,0.15973673411980338,-0.03443268004597326,-0.07978513058172605,0.1425757590441059,-0.18217029824053013,-0.027481743241269348,0.1399567873287763,0.1783631937186906,-0.09733900989573904,-0.11792566715501247,-0.11878379294243172,-0.024614536547345252,0.13403724557141125,0.056961386135909585,,-0.35210316219946486
buy_sell_imbalance_5m,-0.2823505690271137,-0.4087180824023257,-0.40125667506947027,-0.10333989465859567,0.1900987007343675,0.20556369186155052,0.457492614745507,0.04394642034362846,-0.04463257193196128,-0.11488397641416707,-0.019849721289205095,-0.04977235014590037,0.28664559516173344,0.06263519249859624,0.011920380105251547,0.051460355053575824,0.07753760124680718,0.43571472873291894,-0.37454639096125353,0.1243258680748503,0.20646804166826582,0.24589337491993954,0.5367532271804649,0.21425324137131496,0.2808485520813463,0.5643671883832702,0.21100905043215568,0.2278853006059083,0.611398196129704,0.5265881439565228,0.27030719762783156,1.0,0.2999469316068454,0.6768296461431058,0.3885647353537565,0.6091348425890281,0.9480030195685999,0.7710679229936055,0.39579860478249895,0.5952158780345655,0.408579916616929,0.6265201607035591,0.17453386384223318,0.1923122075458703,0.42940958022888065,0.20961328107229435,-0.342835490713413,0.6483841618905694,0.1636385667520426,0.20064523646044471,0.5089436819936535,0.3684505198984987,0.5476815947733029,0.5971385768980363,0.38306045067459776,0.16664997735309917,-0.5645470174298519,0.2039457805622811,0.08624037380462714,0.03549600306519071,0.1396913194718817,-0.12871546406692577,0.46332779310867395,0.15557326975842894,0.005461808961760065,-0.16301698361235906,,-0.3471144055293187
trend_strength_5m,-0.3507571341110476,-0.3334133965756202,-0.3202025422277263,-0.35464445169385805,0.5005588018601707,0.5164596247676037,0.23545151985936377,-0.31326484016592054,-0.3023098096975601,-0.10086570675030465,-0.20692080750102754,-0.3284913405980183,0.32978167958330284,-0.21139477861160458,0.6173568043416949,0.6167452346971865,-0.24454835963375077,0.3131316342347497,0.03330402711247626,0.09468602439889191,0.33581515262109773,-0.4131095135731448,0.32223128136344675,0.16445954853698672,0.2647250353278605,0.36566378673168265,0.4498678775403808,0.393573282098531,0.5501374383658432,0.7157945189498701,0.3697141236277683,0.2999469316068454,1.0,0.3257733610918162,0.869391692036016,0.2864717345635264,0.34961548395317155,0.3336851098079431,0.7781329491482928,0.47733236304870136,-0.03209187291515548,0.3421189014247437,0.5623644282262955,-0.27936672854029343,0.3353461481983056,-0.033698846167979885,0.2764010369139602,0.3454351704258242,-0.14786611545273262,-0.11343818018068859,0.5991897977738365,-0.15319754745311812,0.42866700677673536,0.28077259484863915,0.12233530850323453,0.2669367849295841,-0.2693540757695606,-0.015877441779061384,0.5389394346548457,0.2102193368499093,-0.21840799540094086,-0.20016453007184123,0.07730544092578524,-0.010938967150388104,0.12408736204468136,0.1927605374100478,,-0.34213880545163905
avg_trade_size_3m,-0.3445203826541373,-0.33056154506630053,-0.31534394679307126,-0.005180624369498254,0.12130038698972584,0.10286275854571543,0.22865715084263805,0.13127953687237262,-0.29479009499778536,-0.3779457992173074,-0.3525675936118787,-0.25367873056460977,-0.02035642263940198,-0.10072415405009312,0.13350956225932165,0.05845971951769479,-0.23751642400199496,0.5006359138686177,-0.20806419345157395,-0.32705895245113525,-0.035456718489748865,0.07903995092563189,0.9060431148062044,-0.04881702808978963,0.3389718768727409,0.9033276974921503,-0.036271317765172464,-0.06661103664646932,0.86139079441057,0.5097552992212705,0.13288938439756545,0.6768296461431058,0.3257733610918162,1.0,0.3413440932324473,0.9475183570966026,0.7516068059666517,0.5541362672561715,0.36829089495893974,0.6621743519803757,0.23853410415429668,0.9665328094792784,0.00968967128914721,-0.24741284836895497,0.6412188137018964,-0.16940040577705986,-0.23980865073544388,0.8901197960075578,-0.09178958902036094,-0.2917591237595447,0.6392344456723213,0.5613369123286772,0.4484675633534982,0.5257194165242906,0.042651160831148525,0.0757778263473594,-0.22510420463362465,-0.18538236762594743,-0.013538729459137,-0.05447452688622205,-0.3795908989236569,0.6326701864484745,0.10880172139759658,0.24097705755118476,0.029229416359598005,-0.0737872535207971,,-0.3377326732492551
volatility_adjusted_momentum_5m,-0.3390253663508197,-0.3249524214979762,-0.30771557462580856,-0.3288182027078157,0.41339349441337986,0.494740222562663,0.22859802044912575,-0.28478400524984615,-0.2926120204625776,-0.05423846254359756,-0.17248354549014375,-0.31626985433028626,0.32577307451017146,-0.20093850273127176,0.5587838975632985,0.5384566341025939,-0.23686201254133657,0.31159654814878807,0.037708503390211395,0.14849153732879028,0.2716395041715843,-0.4189854172826309,0.28025107419612066,0.1637632851681775,0.2828759909185926,0.3423813063939764,0.5379204120163478,0.34047019652869925,0.5481853789938973,0.7574388419918622,0.2760317705192461,0.3885647353537565,0.869391692036016,0.3413440932324473,1.0,0.28988000680162856,0.41360298908744575,0.4814229225043556,0.7831048142475059,0.4350936411646837,-0.010347366303833353,0.33366866823027014,0.6530704856338525,-0.3371399976548923,0.3233352719449054,0.007782523552849529,0.21729090665907622,0.3836273315109674,-0.0979509985511972,-0.20923882583669462,0.564920836185555,-0.17106754356853512,0.484235201168238,0.35989469783158357,0.23098400651654716,0.3989697714944207,-0.27970901496007167,0.05461726775600644,0.6263337514059618,0.2152038082262167,-0.14848880520547814,-0.20039450879721335,0.15377723012409317,0.012235540947712311,0.13202627108411677,0.20014126565460266,,-0.3315542121203421
avg_trade_size_5m,-0.3337782303398634,-0.3201881896603745,-0.30581374100605935,-0.020688854336507842,0.10250656337652488,0.09207385460063706,0.22158053942711115,0.09902194150215314,-0.2855695963375554,-0.393270172854602,-0.3554083199320661,-0.22582755003232566,-0.03491164656143949,-0.06845541513190999,0.11075831719319242,0.07147113245021192,-0.23009917984146014,0.4576482154492426,-0.19710913901420693,-0.312081808698733,-0.05792393833118113,0.01653091355699489,0.9252459639899124,-0.06146290423560427,0.3068556959743063,0.9584291687710241,-0.058175187412831064,-0.09972581167905635,0.8131846941446513,0.4436700828991269,0.1336982133040074,0.6091348425890281,0.2864717345635264,0.9475183570966026,0.28988000680162856,1.0,0.674791887409989,0.4435791471756455,0.31608979383710056,0.6046782069910461,0.1868568946234951,0.977957733969715,-0.010347259328610895,-0.2544644037974099,0.8263666516873113,-0.16763997418367144,-0.1733559618366637,0.7787326791105464,-0.1043145679428044,-0.2746267340287507,0.5800685634827967,0.45778056077467993,0.40554394794000614,0.4864435813313363,0.03247447177586864,0.1193252742471806,-0.0815094534229028,-0.17573135625491224,-0.03426596523356094,0.004597200370806076,-0.3673214211077828,0.8345004155004534,0.08351153671622573,0.19453264594423772,0.031636681906911074,-0.05049345112250064,,-0.3272410961120498
buy_sell_ratio_5m,-0.2867266623811927,-0.36195831736632317,-0.3551257164067174,-0.07559177099819032,0.19906381645906537,0.17709546564872136,0.3646624039524103,0.0679976589824313,-0.1181397727334839,-0.1463736945520529,-0.09136595306907776,-0.11594849405432593,0.325994165693676,0.03974382698927783,0.06464900072002996,0.09062794963075146,-0.021917427255770693,0.4833316925746057,-0.29894478854308576,0.07124839447064056,0.15908212950619147,0.14601711512764864,0.6478728578937818,0.174635809015501,0.32526464643930597,0.6736148157934378,0.12464805945853469,0.14781501063345281,0.749376548159785,0.5550616144133562,0.24360667390418048,0.9480030195685999,0.34961548395317155,0.7516068059666517,0.41360298908744575,0.674791887409989,1.0,0.7551493865031982,0.4325588185552645,0.7109620716559804,0.37064370626954224,0.7310537708819884,0.07715389995637087,0.08970938795408119,0.49965710642029787,0.2662697448158345,-0.3092791302577089,0.7797634550601836,0.04170334318383475,0.0895182602147995,0.6755574703699945,0.3167590096160942,0.7125408325540373,0.49402146677017716,0.4497723992403236,0.15200891830807345,-0.44922791675188295,0.23954136506174792,0.01152356769892221,0.03326630924702444,0.0882571064401687,-0.0916633495285904,0.4330675217611886,0.13340084556260576,0.007561121792520033,-0.2513746755094947,,-0.32627874029516835
buy_sell_imbalance_3m,-0.2616646215689788,-0.3741416202903561,-0.3611355892042765,-0.10924787473579266,0.15791979927176977,0.1999512118780886,0.43331657358357883,0.028530613575365436,-0.04138142311850352,-0.2285317997119958,-0.07831971930773879,-0.046465247972113,0.39887208984599387,0.05662546155823354,0.09196102841738973,0.14509467051947106,0.07152021352072084,0.24636783255286218,-0.2802838439923655,0.24285889335641284,-0.04597715793192438,0.00014200556192923774,0.4342177456250317,0.08291863795654797,0.2036559955293164,0.4342551442421209,0.16758550220899604,0.009791076775180626,0.5641349776946204,0.4589832020607329,-0.07928266949774022,0.7710679229936055,0.3336851098079431,0.5541362672561715,0.4814229225043556,0.4435791471756455,0.7551493865031982,1.0,0.4164463136681465,0.3601841113127467,0.3694050687434486,0.4963871735634189,0.16445159908829785,0.03974672377687907,0.23824067752351766,0.24672231127152444,-0.27480165973357334,0.5878716423735466,0.14402509581621403,0.10159614341338793,0.4895748217652192,0.179833255056513,0.696292144721266,0.6681812891902399,0.6282825358423674,0.07059025269437258,-0.3335513817233958,0.3748719845936955,0.07613098776733968,0.030985812739599234,0.2859565681440297,-0.277011167646136,0.5737353436955898,0.11685885893235332,0.024337938575248144,0.19158130578849275,,-0.32290482480782207
trend_strength_3m,-0.33136935567589043,-0.3164114662291932,-0.3013505935914758,-0.3157865771749309,0.4987741784285471,0.4718774505631486,0.2221813149361854,-0.2690438322304059,-0.28506683533060945,-0.11281333218035777,-0.2042056182729574,-0.3113459879972767,0.32419448220184444,-0.18483457776910464,0.558592328838253,0.5189733658598803,-0.23043010384023926,0.3556413991277261,-0.03399158845699396,0.08962723362053662,0.25471197210031105,-0.3792377230456263,0.33150559567523324,0.13439329212156642,0.30358101300446977,0.3849118482083757,0.41110483654938507,0.5236240499768627,0.5826428396344698,0.7554206893969736,0.3571130645750132,0.39579860478249895,0.7781329491482928,0.36829089495893974,0.7831048142475059,0.31608979383710056,0.4325588185552645,0.4164463136681465,1.0,0.5202722632662649,-0.025851311652901172,0.37416151278506316,0.43477182654470475,-0.2820542464503931,0.3489563174865253,-0.041140833792515145,0.21775226734227604,0.40813843359487334,-0.09385601040633317,-0.14347707371893714,0.6271513067123989,-0.11349022535417387,0.47768951607061266,0.31068645122024335,0.1712549617954099,0.21531038547980952,-0.26583455218535046,-0.007455630571332985,0.3813891408218706,0.14448354624209472,-0.20292589341430767,-0.20758102181586868,0.15593560292791256,-0.047250897643730305,0.18869781164715005,0.19519776312776604,,-0.3226051393344861
min_trade_size_5m,-0.3307705209506196,-0.3062011904947763,-0.30528265892883866,-0.17549002810681125,0.29758537448507305,0.23658780652568584,0.21885797262067516,-0.07274814297133185,-0.2828234769545336,-0.24661149517468972,-0.2774143544923414,-0.28891893673144875,0.24859910533302096,-0.08528625189784987,0.3671561241065843,0.30853994846816907,-0.2277680470612577,0.765645332673035,-0.014910142687597595,-0.14208878127414837,0.24932523425789446,-0.08248263184165301,0.6984750029170953,0.040823485928546226,0.5611951316659795,0.7218080775157162,0.05056910640736192,0.16172696607100676,0.8388263540608313,0.6171517836626592,0.6086546926888066,0.5952158780345655,0.47733236304870136,0.6621743519803757,0.4350936411646837,0.6046782069910461,0.7109620716559804,0.3601841113127467,0.5202722632662649,1.0,0.16210217891346285,0.70960022968746,-0.018975208787393984,-0.04960167127344303,0.5925727287267905,-0.11408980775865646,0.11483180584449232,0.7907937184155028,0.06029667382403459,-0.04607554438025527,0.8683480424252996,0.15037323495795515,0.6569947146052157,0.2751573276955066,0.12925069407021372,0.2287305490203946,-0.2390422229945872,-0.11568212787127927,-0.0585712837041003,0.18325227352962498,-0.2926586728215166,-0.09301992368527932,0.267163036449082,0.02297884312014025,0.04792639235099302,0.023521109064228888,,-0.32243005870755764
price_std,0.46354026555560496,0.15158244798286682,0.15236013222213085,0.5954428639619012,-0.3653938841671481,-0.3003757145981715,0.19234828753049837,0.7296315935616761,0.7699064154257558,0.3215805584975157,0.6650116702437399,0.7873765359500622,-0.3936255975189658,0.842035497716421,-0.2324541518245021,-0.004954469537256382,0.8338224208207309,-0.06414497335310593,-0.19410122423151452,-0.43829241762628435,-0.2784519106420304,0.6357848668040437,0.14049681201605602,-0.25283433881380163,-0.09517203155779873,0.1584271198113905,-0.27377368727870577,-0.25545386411592136,0.20018005952875606,0.004293312885267794,-0.142008554176729,0.408579916616929,-0.03209187291515548,0.23853410415429668,-0.010347366303833353,0.1868568946234951,0.37064370626954224,0.3694050687434486,-0.025851311652901172,0.16210217891346285,1.0,0.2340048172919481,-0.23393020286233815,0.1741065168164518,0.06320683196273982,-0.22403065309343642,0.1085102466417595,0.28505369053769464,-0.2447284024415828,0.306805415702524,0.21435622825602713,0.036906336815975875,0.14724117905537654,0.6074265660926501,-0.06396355654191563,-0.1781193354584799,-0.17681280346127423,-0.19692716470171295,-0.32303369876496213,-0.18201762900540916,0.1801538991521411,-0.17105407656967925,0.6514417139124822,0.2559671965898614,-0.060346765224687585,-0.12679619575936507,,0.31789919003702216
max_trade_size_5m,-0.32141874626272143,-0.3075514017900443,-0.29392483487405774,-0.004814174255479143,0.11673905092484792,0.09010400036119405,0.2132926892394797,0.12368504545526877,-0.2749478871905492,-0.38398711749936554,-0.34410426085352774,-0.22381040929835996,0.02015857855843681,-0.040502431252718366,0.1489580725498037,0.10466125082536905,-0.2216302292781157,0.5152123572906137,-0.18751362488759074,-0.3388251587692987,-0.04385873411974028,-0.010911466436432017,0.9535918159475074,-0.08874450518007423,0.35793937121357394,0.9749907269108978,-0.0757016926542491,-0.10621080079412973,0.8958735341530845,0.4904608738584572,0.15583821311149318,0.6265201607035591,0.3421189014247437,0.9665328094792784,0.33366866823027014,0.977957733969715,0.7310537708819884,0.4963871735634189,0.37416151278506316,0.70960022968746,0.2340048172919481,1.0,-0.052125577940689116,-0.23942518940317722,0.7917684712233898,-0.1756352647860233,-0.1519215599978278,0.8733454456477024,-0.12244501626348206,-0.2524152148737534,0.7138731057842002,0.41356716692138745,0.519481013852522,0.47298370827349145,0.08093624993030393,0.09878044325680144,-0.02889857769906667,-0.1770421631851093,-0.0792428472235323,-0.0029479471130530585,-0.3811205625007337,0.8436886533437193,0.17433388427580127,0.17393291198279026,0.0346057330374996,-0.03280472666708447,,-0.3150319366776385
trend_strength_10m,-0.31434289697374224,-0.302480681409341,-0.2900482733882371,-0.4021558492112392,0.447339647422727,0.5903938360721848,0.20829673409987878,-0.4130007356447322,-0.2725767511865026,0.10928587422922076,-0.06847329625511317,-0.29629513079977177,0.2111877064125596,-0.3054432115095586,0.43125591748029524,0.3989934027779553,-0.22071364097489202,0.13109206066258314,-0.14093473775114182,0.2632902657449493,0.4085659014966063,-0.3318798640812415,-0.07662613757801058,0.3213617123002421,0.2726878762361381,-0.035273257687808736,0.8700306938194473,0.49392008673892224,0.0851662390800988,0.532127838343312,0.1818915481585968,0.17453386384223318,0.5623644282262955,0.00968967128914721,0.6530704856338525,-0.010347259328610895,0.07715389995637087,0.16445159908829785,0.43477182654470475,-0.018975208787393984,-0.23393020286233815,-0.052125577940689116,1.0,-0.18764398944663094,0.027098379115825657,0.06181605930561686,0.12843855744012692,-0.11177150830198399,-0.09027470967736793,-0.1312964844914239,0.052192561545309366,-0.13726889552302762,-0.03292089682843872,0.15239355458862408,-0.026367935981683292,0.20661374466792218,-0.24671587187966434,0.013496187984858531,0.9716301271555576,-0.012302592025947365,-0.11429223084656696,-0.17128770207871635,-0.1633778006712564,0.03705056019401811,0.03661218612415583,0.06680202902281618,,-0.30712810734345725
trade_size_skew,-0.18657506084964698,-0.34178761518702405,-0.37048466386130124,-0.25520906298537344,0.11626830370970426,0.1400196962622007,0.49697946745818966,-0.185204691949274,0.11411854436744372,-0.12105729844416496,0.10219681686315914,0.12215164422547957,0.38960754864223934,0.07587592223871402,-0.19506857711506656,-0.06475810617136415,0.24959189063354495,0.16802904356639925,-0.5214200462482318,0.3488927784820543,0.21688742143330775,0.27036600339368294,-0.07635973353498585,0.13336116503717602,0.12998434211683654,-0.18659239538290143,0.0062492370863898895,0.0857178562140529,-0.27592320959109934,-0.4356153298585681,0.2446420350665183,0.1923122075458703,-0.27936672854029343,-0.24741284836895497,-0.3371399976548923,-0.2544644037974099,0.08970938795408119,0.03974672377687907,-0.2820542464503931,-0.04960167127344303,0.1741065168164518,-0.23942518940317722,-0.18764398944663094,1.0,-0.22863955552489623,0.3373893359540877,-0.3726392492555718,-0.17078679630680407,0.3622115916124488,0.870930826603206,-0.22573281131655004,0.10146618600509971,-0.09391765009892089,-0.06962487760777777,0.1632773880185686,-0.16098865619695626,-0.06067259421273808,0.2591794340394041,-0.2964062542801656,-0.03648177980912513,0.37532787870087164,-0.2267816693078683,0.2901027161000525,0.002177380192331919,-0.02595770054919289,-0.09539319564212685,,-0.2797136233549512
trade_size_median,-0.2842234282923043,-0.2704188525871297,-0.2616503129763829,-0.1312299814472982,0.16234518909650458,0.15073656163222368,0.1878642510198489,-0.062097817988574174,-0.24323376809288028,-0.3254615643135737,-0.3003954053609141,-0.19081545940251157,0.08710499620524949,-0.010346410089380729,0.18992122807882741,0.22393258492632614,-0.19612382782840576,0.4514195539018342,-0.07155258974410032,-0.18337777183627407,0.016517361009372497,-0.24846369057910717,0.7736704906421799,-0.015319852240664069,0.34563721375651996,0.8744343923084417,0.01751008522315878,-0.03538936340017261,0.7122786614072231,0.4538489077170519,0.2542595638598166,0.42940958022888065,0.3353461481983056,0.6412188137018964,0.3233352719449054,0.8263666516873113,0.49965710642029787,0.23824067752351766,0.3489563174865253,0.5925727287267905,0.06320683196273982,0.7917684712233898,0.027098379115825657,-0.22863955552489623,1.0,-0.12705301011064216,0.10690932687721282,0.5183352755674107,-0.14562256548159103,-0.18432753953079267,0.5960976876649445,-0.00322772421477563,0.4378360827395584,0.33469158862397647,0.07572104814631196,0.2673136687577924,-0.04927217568834566,-0.12344730635471497,-0.008154461564208708,0.18836443910256284,-0.3054908671351665,0.8736899524805811,0.14941753719643214,-0.0012997403884268516,0.058684404190958064,0.03625134558176964,,-0.27818015904387094
trades_per_holder,-0.2522955069712018,-0.210906819950746,-0.2286685563424639,-0.34198066002580413,0.24364660529750656,0.21243050579389547,0.17508442153917317,-0.34813983478840005,-0.21718619959247026,-0.054307952275225405,-0.10590479962634032,-0.23567552332616507,0.6249313258214653,-0.2696426834112991,-0.0020530158486629624,0.08731309585185988,-0.1750214943094593,0.013201685179364537,-0.10594551772291298,0.8120366759025726,0.10595499133428449,-0.0481615367211374,-0.12204442629325905,0.4023375655492573,0.033050115271657764,-0.14919139411798116,0.13640977073066643,0.1529704578350634,-0.14835745572929906,-0.11773966673482586,0.02828546369450663,0.20961328107229435,-0.033698846167979885,-0.16940040577705986,0.007782523552849529,-0.16763997418367144,0.2662697448158345,0.24672231127152444,-0.041140833792515145,-0.11408980775865646,-0.22403065309343642,-0.1756352647860233,0.06181605930561686,0.3373893359540877,-0.12705301011064216,1.0,-0.251728739764703,-0.14840378597235332,0.13115719844515625,0.28018924893814934,-0.13736838215771868,-0.03581518631609052,0.38334844832582926,-0.20476882437547422,0.6939856803044279,-0.07226800952450244,-0.1493173931089701,0.9172085467788752,0.05773562146308103,0.013705429824151348,0.7331982790452913,-0.15139283991367475,-0.1359062959260461,-0.009961761380868574,0.004334476225153468,-0.37384703735430835,,-0.2459077817569135
trend_consistency_2m,0.2510725830717447,0.21690205410631372,0.21450421377388354,0.10516745779910337,0.07041553138126404,0.0950868411853301,-0.1533468362295589,0.06302846529967722,0.21733042392911298,0.2806720946633556,0.2319103865759101,0.19895268206730346,-0.22396568247153317,0.23926038564079255,0.4671095751220107,0.5374815568998094,0.17547392108953042,0.07744696163460328,0.35073035035040184,-0.13647121360163755,-0.001709270263305773,-0.13930679927580145,-0.1534132049900108,-0.08447855808325686,0.14832426330249765,-0.07795408857063019,0.05976659218401759,0.08116322296195433,0.020804342087824397,0.2340175495554765,0.23463915911022723,-0.342835490713413,0.2764010369139602,-0.23980865073544388,0.21729090665907622,-0.1733559618366637,-0.3092791302577089,-0.27480165973357334,0.21775226734227604,0.11483180584449232,0.1085102466417595,-0.1519215599978278,0.12843855744012692,-0.3726392492555718,0.10690932687721282,-0.251728739764703,1.0,-0.21955660115453052,-0.3130848797873661,-0.17108724877247197,0.1665240973796286,-0.5265845906776178,0.028657387706687906,0.025307326443011816,-0.2622048988922283,-0.07154894140047618,0.1469938625998663,-0.2007941444262855,0.13576927358822102,0.05776250366042604,-0.05526381629062099,0.12864564369204,-0.10521006924247663,0.04302671031552732,0.09613752527719172,0.26577950773274855,,0.24478921306272755
price_min,-0.2364900918612354,-0.22522584693008912,-0.2152192545044594,0.06364548709489337,0.07574513675287826,0.031018454500254998,0.1562636594802932,0.19682491924776793,-0.2012007322069123,-0.32514391563103945,-0.2761625508745168,-0.1821577549929936,0.06331875638614529,0.0027785961881906843,0.10669684301386495,0.03170968552898176,-0.16183633893201396,0.5708163687122048,-0.14160752988273748,-0.33060263610701224,-0.052917171685801734,0.05135017688414852,0.8274330459346186,-0.13035996125231114,0.3880762294831102,0.8137415922546902,-0.12901925365632513,-0.12209902068944525,0.8931961879803697,0.5093174474107847,0.19373225370947422,0.6483841618905694,0.3454351704258242,0.8901197960075578,0.3836273315109674,0.7787326791105464,0.7797634550601836,0.5878716423735466,0.40813843359487334,0.7907937184155028,0.28505369053769464,0.8733454456477024,-0.11177150830198399,-0.17078679630680407,0.5183352755674107,-0.14840378597235332,-0.21955660115453052,1.0,-0.08323256095694809,-0.22530042731346678,0.7935978005699988,0.4431875529862967,0.6237886367017165,0.433657142489255,0.15211202808429752,0.1022230553209627,-0.1774609308888945,-0.14599701891548883,-0.14361166267120068,-0.031415386783402735,-0.3155412828177816,-0.1663148042205388,0.30327657579853134,-0.004646478366659226,0.015465988490764892,-0.051560705745457604,,-0.23189587594121414
trade_size_trend_3m,-0.2547497387835738,-0.1835865019278806,-0.1845083258792911,-0.28437297461077565,0.04054372798311475,0.07379638299905948,0.11892455372059643,-0.2985819440192549,-0.26846508207870695,-0.1671446386114956,-0.23465500500609865,-0.28770101352931965,0.40501221251641045,-0.3412102371642363,-3.5950601981304776e-05,-0.16304906878556552,-0.2444223440321104,0.04049118406358832,-0.008649331972477742,0.48377651437531444,0.24233644254985076,0.08477492465088073,-0.13023141887801398,0.042505233126627365,-0.07633674286257526,-0.15569060440633983,0.03723958461336239,0.14788763138791733,-0.24475742640595446,-0.26916828219030325,0.2720023664066061,0.1636385667520426,-0.14786611545273262,-0.09178958902036094,-0.0979509985511972,-0.1043145679428044,0.04170334318383475,0.14402509581621403,-0.09385601040633317,0.06029667382403459,-0.2447284024415828,-0.12244501626348206,-0.09027470967736793,0.3622115916124488,-0.14562256548159103,0.13115719844515625,-0.3130848797873661,-0.08323256095694809,1.0,0.3355380701980449,-0.21836166692868922,0.2788677504143566,0.08862831041731417,-0.1303023370304611,0.441403095611698,0.21109536723802563,-0.25383877539076555,0.37517356900730964,-0.06944170051019906,0.33438543067846666,0.31539411979779836,-0.19497369561622274,0.15132359980400442,0.05919504325212409,-0.07752951467294171,0.4773503293682963,,-0.2303559809014007
trade_size_concentration_5m,-0.09975180125974896,-0.3333109899026071,-0.35154162874702055,-0.221062640361733,0.15893536987198345,0.15895859743086896,0.5632321688103304,-0.1436008848651835,0.27765120671983895,-0.04485692943987599,0.251562073127659,0.2685604318965205,0.41484911548269526,0.23064748965096,-0.0796110956929474,0.10582646803689576,0.43219031310159106,0.010458154571771544,-0.4627265739766777,0.3745584976996438,0.23179192728578077,0.2603861424656577,-0.16194915850654235,0.10071346241861272,-0.012429459751224834,-0.21929904322818414,0.027142876606508094,0.15118519103539685,-0.2602896070072851,-0.31140273801882984,0.18047200767203822,0.20064523646044471,-0.11343818018068859,-0.2917591237595447,-0.20923882583669462,-0.2746267340287507,0.0895182602147995,0.10159614341338793,-0.14347707371893714,-0.04607554438025527,0.306805415702524,-0.2524152148737534,-0.1312964844914239,0.870930826603206,-0.18432753953079267,0.28018924893814934,-0.17108724877247197,-0.22530042731346678,0.3355380701980449,1.0,-0.13066550030849908,-0.06824606573970282,0.0045920139530817436,0.12034309250121775,0.23795770599270494,-0.14046835254643542,-0.31577976143940933,0.2932594117769128,-0.26711458997294235,0.013092034653666982,0.4621950334336067,-0.3068233046698539,0.4479210643488467,-0.0645109989932301,-0.00690604813796635,0.05177013056092584,,-0.22648114762170818
volume_1m,-0.23020646300032627,-0.22139135018201192,-0.2111450521377159,-0.10044399187864857,0.27122232267998564,0.20163473066831902,0.15370647863876036,-0.008470836459976256,-0.19575984829846066,-0.1945822980868474,-0.20579504536935783,-0.20864148602650065,0.2843957691986164,0.018195746331170642,0.36313105349825175,0.3485166147833535,-0.15741076809442275,0.5810087420978353,-0.03019003792821448,-0.20902325575085604,0.14836982637152937,-0.3066643776762475,0.6906059823570938,-0.01586157279483716,0.4757468427129429,0.7290642430754881,0.09910311192538555,0.0956232812838046,0.9210673735531167,0.7301725911091385,0.29301980742176564,0.5089436819936535,0.5991897977738365,0.6392344456723213,0.564920836185555,0.5800685634827967,0.6755574703699945,0.4895748217652192,0.6271513067123989,0.8683480424252996,0.21435622825602713,0.7138731057842002,0.052192561545309366,-0.22573281131655004,0.5960976876649445,-0.13736838215771868,0.1665240973796286,0.7935978005699988,-0.21836166692868922,-0.13066550030849908,1.0,-0.11680915656277091,0.7599617443249675,0.3271587459269606,0.21130762861405405,0.1422020621957415,-0.21363541184449927,-0.12146517863967926,0.008302445546556288,0.06902188850768827,-0.3276162863772091,-0.1710227122871631,0.407201029174064,-0.03872002567643544,0.08534661466164907,0.09160026614670207,,-0.22525594965905735
buy_pressure_volatility_3m,-0.2258822114270315,-0.20647391484989647,-0.20578861294937167,0.05410187747967488,-0.027836672683149356,-0.03732999552999215,0.14951474664006056,0.142220954823612,-0.19323189459389958,-0.2863286381237962,-0.23887168000903017,-0.15404903541153683,-0.19527629777564182,-0.18659122171514114,-0.14456344779303248,-0.2767521721025468,-0.15539307642856098,0.22832444270654856,-0.2434355228126178,-0.13437902910397861,-0.056260051901239096,0.5238217436270325,0.38535059123569715,-0.027474592802263654,0.05890925160129939,0.2969974393920603,-0.2005089167303286,-0.07733471399432094,0.14898563444174132,-0.11580283737012226,0.15658346232065654,0.3684505198984987,-0.15319754745311812,0.5613369123286772,-0.17106754356853512,0.45778056077467993,0.3167590096160942,0.179833255056513,-0.11349022535417387,0.15037323495795515,0.036906336815975875,0.41356716692138745,-0.13726889552302762,0.10146618600509971,-0.00322772421477563,-0.03581518631609052,-0.5265845906776178,0.4431875529862967,0.2788677504143566,-0.06824606573970282,-0.11680915656277091,1.0,-0.11371429130527054,0.2145626064745515,-0.12634559745188229,-0.1010765290427112,-0.171960504470547,-0.07079432671397423,-0.1369014865510365,-0.1255850326226907,-0.09391459814181119,-0.12946561972862158,-0.23724462333052274,0.09911361442796923,-0.04900985404760607,-0.16813509914596028,,-0.2204178911960484
order_imbalance_1m,-0.21195528496566043,-0.1903904681600536,-0.18572435053618033,-0.1264759992465019,0.2041288615925123,0.15650590307979306,0.15143808713329235,-0.051591731472023325,-0.1811599993813291,-0.16161230991409803,-0.15184942775873003,-0.19552069914589187,0.551933665683152,-0.015023234123360265,0.2629332619087133,0.28449175259689624,-0.14597215224909704,0.3938107898457982,0.035494928785805784,0.2888806416731713,0.02572202290822342,-0.2206687443619656,0.47722959514316776,0.06056346673831075,0.31071660486770825,0.5198800760836323,0.037520867869623296,0.014823533103196576,0.67227230325596,0.4662025549584136,0.15973673411980338,0.5476815947733029,0.42866700677673536,0.4484675633534982,0.484235201168238,0.40554394794000614,0.7125408325540373,0.696292144721266,0.47768951607061266,0.6569947146052157,0.14724117905537654,0.519481013852522,-0.03292089682843872,-0.09391765009892089,0.4378360827395584,0.38334844832582926,0.028657387706687906,0.6237886367017165,0.08862831041731417,0.0045920139530817436,0.7599617443249675,-0.11371429130527054,1.0,0.247020528523335,0.751694404321753,0.12891902285950108,-0.1340299176060598,0.4987388821568194,-0.059491078482906155,0.180585689023968,0.27499669503672075,-0.09143836842362357,0.4576271582369853,-0.04903007521125214,0.026011774453440953,0.11166322826677524,,-0.2072989131975839
trade_size_concentration_3m,-0.08672876342617132,-0.3329416877541908,-0.3188425706666778,0.05570761049496231,0.044450767203717795,0.09968459261662056,0.5154905496446376,0.21799284839272226,0.26266659864797937,-0.23322586533174997,0.08963472025026485,0.261689421613782,-0.11075132802257141,0.32530327522656305,0.09401552651438673,0.24149020309844127,0.40446470362699055,0.19483723172643955,-0.20823202790501558,-0.16694645182951984,-0.20880747773107114,0.23746943667666687,0.39258408887861723,-0.06320086988556549,0.15533664379474757,0.4237634569657129,0.03390226571334086,-0.10056321572038479,0.48019441912069916,0.4281740828810929,-0.03443268004597326,0.5971385768980363,0.28077259484863915,0.5257194165242906,0.35989469783158357,0.4864435813313363,0.49402146677017716,0.6681812891902399,0.31068645122024335,0.2751573276955066,0.6074265660926501,0.47298370827349145,0.15239355458862408,-0.06962487760777777,0.33469158862397647,-0.20476882437547422,0.025307326443011816,0.433657142489255,-0.1303023370304611,0.12034309250121775,0.3271587459269606,0.2145626064745515,0.247020528523335,1.0,0.02645961114668551,0.13077993218744025,-0.6204080521395415,-0.13540834235602847,0.018644543294716386,0.05820365153078404,0.012728479925964051,-0.060533916427812855,0.458249436689737,0.11745709897676973,0.037920382661392846,0.12778093298136617,,-0.20703348099254376
market_count,-0.20936139797731151,-0.1791239028504741,-0.1773569041260539,-0.23396853011515978,0.12944468083883603,0.12085682461039651,0.1569019618281247,-0.21399905818586032,-0.17986882720765654,-0.11861351652350295,-0.1319954771115064,-0.19841861431893437,0.720738483415383,-0.14611401452369188,0.04695723424278347,0.06410543653249672,-0.1449671971555633,-0.012431109399572744,-0.03407234491677313,0.6949982719663198,0.0397557722937902,-0.19483271561543544,0.047554239599795954,0.15648536499884666,-0.022149374248272825,0.06954048907913847,0.07949246364439995,0.026626390552882122,0.12650121853812607,0.03951954782157128,-0.07978513058172605,0.38306045067459776,0.12233530850323453,0.042651160831148525,0.23098400651654716,0.03247447177586864,0.4497723992403236,0.6282825358423674,0.1712549617954099,0.12925069407021372,-0.06396355654191563,0.08093624993030393,-0.026367935981683292,0.1632773880185686,0.07572104814631196,0.6939856803044279,-0.2622048988922283,0.15211202808429752,0.441403095611698,0.23795770599270494,0.21130762861405405,-0.12634559745188229,0.751694404321753,0.02645961114668551,1.0,0.12870002150106946,-0.1728316529376368,0.873883179244613,-0.033672377304841315,0.2312749479037258,0.6665641288941464,-0.12184965472236407,0.3976462118483449,-0.04363801724619757,-0.027056245927301825,0.15356705035107682,,-0.20496353041309304
price_volume_correlation_10m,-0.2252572928451721,-0.18228075005258326,-0.1701090913417545,-0.2475750112946361,0.09246877089902486,0.13246259023574614,0.08218352307824653,-0.25128209073467916,-0.24320691629711821,-0.1554259009492623,-0.24486994092023523,-0.2540890130054973,0.13933496529137115,-0.20844439967639702,0.18509366936595564,0.07263314036968106,-0.22470260633237843,0.06448173650677005,0.2829441866603352,0.0771671236198024,0.13529897276494654,-0.2894655460350824,0.028155645326502547,0.07749508138154781,-0.04084774579624896,0.11502649461196267,0.15061657479784,0.04185627922914555,0.15822656585015296,0.25682589576706977,0.1425757590441059,0.16664997735309917,0.2669367849295841,0.0757778263473594,0.3989697714944207,0.1193252742471806,0.15200891830807345,0.07059025269437258,0.21531038547980952,0.2287305490203946,-0.1781193354584799,0.09878044325680144,0.20661374466792218,-0.16098865619695626,0.2673136687577924,-0.07226800952450244,-0.07154894140047618,0.1022230553209627,0.21109536723802563,-0.14046835254643542,0.1422020621957415,-0.1010765290427112,0.12891902285950108,0.13077993218744025,0.12870002150106946,1.0,-0.29177812454778246,-0.0209788448774336,0.22870706061280038,0.8012405266156452,-0.17045286194025938,0.047769867417183004,0.12761638492388355,-0.08940267203022711,0.009507846746029606,0.00205300528965909,,-0.20269013139531164
market_impact_1m,-0.03802827063279591,0.006571978073119933,-0.16394805670327908,0.8289407866187541,0.21643388574687017,0.28409016312667523,-0.10573917952675001,0.8476432618038655,0.33117362218671986,0.10759790287353273,0.22023473012992054,0.8973791331344937,-0.3811311244950399,0.8698539750773132,0.13478786786200656,0.18909423821615196,0.7110162376328149,-0.12369044309310784,-0.1845716187856474,-0.37007462626610554,-0.08771691209576386,-0.21575431979733375,0.0808376337938519,-0.18445107911513617,-0.06734186013464857,0.03776384320026144,-0.26152651006214417,-0.2487795044465822,-0.23494960656340977,-0.3230047214985855,-0.18217029824053013,-0.5645470174298519,-0.2693540757695606,-0.22510420463362465,-0.27970901496007167,-0.0815094534229028,-0.44922791675188295,-0.3335513817233958,-0.26583455218535046,-0.2390422229945872,-0.17681280346127423,-0.02889857769906667,-0.24671587187966434,-0.06067259421273808,-0.04927217568834566,-0.1493173931089701,0.1469938625998663,-0.1774609308888945,-0.25383877539076555,-0.31577976143940933,-0.21363541184449927,-0.171960504470547,-0.1340299176060598,-0.6204080521395415,-0.1728316529376368,-0.29177812454778246,1.0,-0.17012881038638467,-0.2458950499042848,-0.21131061328697162,-0.20950886944104458,0.42963494265261376,-0.1768119173255903,-0.1681250370764179,-0.03661401258136839,-0.006855404122543487,,-0.03227407377998433
unique_wallets_24h,-0.20163825699986765,-0.16241174720475762,-0.17284059118884118,-0.2937356014926583,0.1733410565224226,0.16230356685624353,0.14673468495250022,-0.3045558824459361,-0.17562142939369166,-0.059365426690151366,-0.09659167039201826,-0.1954124065909199,0.664162861026659,-0.22444035015509933,0.02800711646423968,0.08828245782692543,-0.1426772285427514,-0.0784626517535894,-0.01507973485651731,0.8658506786965997,0.04802152214429657,-0.06755968527216824,-0.16611715483805764,0.28616933859649213,-0.06474315715806249,-0.17062399272590711,0.08481169070113485,0.08581248257218838,-0.1714476420637772,-0.1492175531587241,-0.027481743241269348,0.2039457805622811,-0.015877441779061384,-0.18538236762594743,0.05461726775600644,-0.17573135625491224,0.23954136506174792,0.3748719845936955,-0.007455630571332985,-0.11568212787127927,-0.19692716470171295,-0.1770421631851093,0.013496187984858531,0.2591794340394041,-0.12344730635471497,0.9172085467788752,-0.2007941444262855,-0.14599701891548883,0.37517356900730964,0.2932594117769128,-0.12146517863967926,-0.07079432671397423,0.4987388821568194,-0.13540834235602847,0.873883179244613,-0.0209788448774336,-0.17012881038638467,1.0,0.01566862688722624,0.12560157985273754,0.8404860404566286,-0.1402187966919937,0.0379134583585218,-0.030885273564972567,-0.017915199629468446,-0.048825504391956515,,-0.19615433427410942
volatility_adjusted_return_10m,-0.23778506975169192,-0.1587582222848128,-0.14517959335628663,-0.33354378784656313,0.34010788532253705,0.4767974542594318,0.015438278947435864,-0.382093040242861,-0.3136954040315673,0.1667656944919267,-0.09964492417096973,-0.3534031950899528,0.1633685058016638,-0.37707961003970036,0.3842287899760773,0.3009941574619052,-0.3150879123914458,0.05625266054097927,-0.014607994991448128,0.2397022688517592,0.3820471040488209,-0.34202467675798,-0.11844079484464053,0.28960168189016805,0.18224885747984323,-0.07388114863239315,0.8159990805712646,0.4539330497471013,0.039225412434577195,0.4834240456961241,0.1399567873287763,0.08624037380462714,0.5389394346548457,-0.013538729459137,0.6263337514059618,-0.03426596523356094,0.01152356769892221,0.07613098776733968,0.3813891408218706,-0.0585712837041003,-0.32303369876496213,-0.0792428472235323,0.9716301271555576,-0.2964062542801656,-0.008154461564208708,0.05773562146308103,0.13576927358822102,-0.14361166267120068,-0.06944170051019906,-0.26711458997294235,0.008302445546556288,-0.1369014865510365,-0.059491078482906155,0.018644543294716386,-0.033672377304841315,0.22870706061280038,-0.2458950499042848,0.01566862688722624,1.0,0.011385637213667825,-0.13822401474113263,-0.1692633934571831,-0.2655701352465542,0.09040109238411292,0.02018180017640063,0.05064939504835121,,-0.1942491137468324
price_volume_correlation_5m,-0.1920522768288552,-0.15977394567750652,-0.15564530182509337,-0.24251967291437604,0.09743350572955804,0.11249013195575505,0.1020851115973904,-0.24782855635582976,-0.18762020421662054,-0.17729299889537467,-0.20648910357421627,-0.19045660060783517,0.20585746092933452,-0.1565583673460726,0.2294684894744061,0.13911682993897498,-0.1642775913119644,0.03740697230579482,0.2993354423966188,0.19415779424479357,0.08312928647174853,-0.23252852860905004,-0.031607396916045756,0.09248647964410973,-0.08663774172655991,0.03142556402380909,0.006904847199095661,-0.02870683538633833,0.03965433195619404,0.05631667837920799,0.1783631937186906,0.03549600306519071,0.2102193368499093,-0.05447452688622205,0.2152038082262167,0.004597200370806076,0.03326630924702444,0.030985812739599234,0.14448354624209472,0.18325227352962498,-0.18201762900540916,-0.0029479471130530585,-0.012302592025947365,-0.03648177980912513,0.18836443910256284,0.013705429824151348,0.05776250366042604,-0.031415386783402735,0.33438543067846666,0.013092034653666982,0.06902188850768827,-0.1255850326226907,0.180585689023968,0.05820365153078404,0.2312749479037258,0.8012405266156452,-0.21131061328697162,0.12560157985273754,0.011385637213667825,1.0,0.024668024670974696,0.06190061918826053,0.14035758257324998,-0.07501937102133316,-0.008431368558925312,0.15501811490509557,,-0.17945178878053522
active_ratio,0.21978400879630983,0.1164391297877703,0.10040663991435571,0.08984082320338857,-0.15251334906936106,-0.12002218193877713,0.0718498167161891,0.08639947653543464,0.3399089381139404,0.22204742728071528,0.3444699938792313,0.3044733637451203,0.31027319696912614,0.2239479869359395,-0.2150365665373027,-0.04902426780814415,0.3611339371057808,-0.23732508737379035,0.005400978361557113,0.6614041560502508,-0.15398300506810214,0.33919220328417415,-0.3978430502545531,0.106683013347245,-0.20318542437004164,-0.39679607278053974,-0.08588408523855987,-0.07055446352841772,-0.41126483418920035,-0.36339724386993827,-0.09733900989573904,0.1396913194718817,-0.21840799540094086,-0.3795908989236569,-0.14848880520547814,-0.3673214211077828,0.0882571064401687,0.2859565681440297,-0.20292589341430767,-0.2926586728215166,0.1801538991521411,-0.3811205625007337,-0.11429223084656696,0.37532787870087164,-0.3054908671351665,0.7331982790452913,-0.05526381629062099,-0.3155412828177816,0.31539411979779836,0.4621950334336067,-0.3276162863772091,-0.09391459814181119,0.27499669503672075,0.012728479925964051,0.6665641288941464,-0.17045286194025938,-0.20950886944104458,0.8404860404566286,-0.13822401474113263,0.024668024670974696,1.0,-0.18253761863691853,0.21792774372811807,-0.06217101799746469,-0.06395446386147774,-0.03189171380611131,,0.15993486826765144
market_impact_3m,-0.07587506162092714,-0.16142850919397037,-0.12387244885174974,0.7432844029282513,-0.174290555894691,-0.07749835222342961,-0.08025917751362187,0.7175253832009068,0.15404443903984016,-0.13179587828619024,-0.061204252966087454,0.705618930431748,-0.4135232393012744,0.7658023580491722,-0.09674564804358417,0.016378843382426626,0.2634681109776281,-0.09206743137270623,-0.10213182264816957,-0.33543627801309434,-0.22247349633246147,-0.17588939912912685,0.7401656820577589,-0.17353938690692847,-0.09513086425489414,0.8659659937494967,-0.2472476343863037,-0.2981409224642072,0.38731179365091367,-0.1904775941611635,-0.11792566715501247,-0.12871546406692577,-0.20016453007184123,0.6326701864484745,-0.20039450879721335,0.8345004155004534,-0.0916633495285904,-0.277011167646136,-0.20758102181586868,-0.09301992368527932,-0.17105407656967925,0.8436886533437193,-0.17128770207871635,-0.2267816693078683,0.8736899524805811,-0.15139283991367475,0.12864564369204,-0.1663148042205388,-0.19497369561622274,-0.3068233046698539,-0.1710227122871631,-0.12946561972862158,-0.09143836842362357,-0.060533916427812855,-0.12184965472236407,0.047769867417183004,0.42963494265261376,-0.1402187966919937,-0.1692633934571831,0.06190061918826053,-0.18253761863691853,1.0,-0.13192927485556694,-0.14292987603542837,-0.02176021772430895,-0.02134804236431296,,-0.14863635326777433
buy_sell_imbalance_1m,0.23212531372837922,6.97378441354447e-05,0.008008381056847844,0.2559211994626633,-0.19318435861256433,-0.15340886982483387,0.24714130695713366,0.35454044942529533,0.49246066495420127,0.12225703236432417,0.4010329934292398,0.4824896394314332,0.1476372313392638,0.5846459496204099,-0.1782222636933201,-0.04506686212801543,0.5648310232686922,-0.01696109921274868,-0.22443428022405948,-0.10609220280698341,-0.07654997497112398,0.13744510416425176,0.10088063635877009,-0.20503278502658617,-0.029433083228293775,0.14657397641494216,-0.0671311821953734,-0.13775988005920772,0.25773558195102975,0.10572605440431945,-0.11878379294243172,0.46332779310867395,0.07730544092578524,0.10880172139759658,0.15377723012409317,0.08351153671622573,0.4330675217611886,0.5737353436955898,0.15593560292791256,0.267163036449082,0.6514417139124822,0.17433388427580127,-0.1633778006712564,0.2901027161000525,0.14941753719643214,-0.1359062959260461,-0.10521006924247663,0.30327657579853134,0.15132359980400442,0.4479210643488467,0.407201029174064,-0.23724462333052274,0.4576271582369853,0.458249436689737,0.3976462118483449,0.12761638492388355,-0.1768119173255903,0.0379134583585218,-0.2655701352465542,0.14035758257324998,0.21792774372811807,-0.13192927485556694,1.0,-0.09661698230423905,-0.053356159171583345,0.2478258167957591,,0.12076481226906073
rsi_trend_strength_14,-0.11227178979801933,-0.10974745165046973,-0.10693908104202106,-0.00408436382653398,-0.025454072885286217,0.056878735326866645,0.0778171982271557,0.03236580654873728,-0.09952181797943167,0.12239769641320049,0.01622177687498124,-0.08433107139237696,-0.06413890142528524,-0.09744829003245364,0.15024554595434297,0.14761298546864668,-0.08103341009105694,-0.029004235641934443,-0.06280018730959921,-0.05052402411865987,0.14191784481403824,0.14941753330008248,0.1614550154011856,0.20337730743075227,-0.032388278114232665,0.12660076589793087,0.08899959946200003,0.12478588703368575,0.08098737099182934,0.0011882718599249512,-0.024614536547345252,0.15557326975842894,-0.010938967150388104,0.24097705755118476,0.012235540947712311,0.19453264594423772,0.13340084556260576,0.11685885893235332,-0.047250897643730305,0.02297884312014025,0.2559671965898614,0.17393291198279026,0.03705056019401811,0.002177380192331919,-0.0012997403884268516,-0.009961761380868574,0.04302671031552732,-0.004646478366659226,0.05919504325212409,-0.0645109989932301,-0.03872002567643544,0.09911361442796923,-0.04903007521125214,0.11745709897676973,-0.04363801724619757,-0.08940267203022711,-0.1681250370764179,-0.030885273564972567,0.09040109238411292,-0.07501937102133316,-0.06217101799746469,-0.14292987603542837,-0.09661698230423905,1.0,-0.006533659589619124,-0.07011533597055868,,-0.1103791206137314
trend_strength_2m,-0.11053728204109871,-0.10114405085306762,-0.10125757256636009,-0.13263035515783256,0.1406193266820583,0.1147652416082845,0.07330219502145696,-0.12943637449947407,-0.09468947043992541,-0.09281046403732604,-0.10019694898233199,-0.10208356184717322,0.08619120947363426,-0.08900444457443406,0.14727785864035392,0.15050356776440574,-0.07640494647093729,0.10641985492478886,-0.07965730512128208,0.04189905707797841,0.056677974239090184,-0.13250606780603172,0.06493703008743151,0.03880121180011815,0.10848303230255371,0.06005892032172325,0.053605220152240535,0.0564857186065805,0.0856469538304205,0.1338189672890444,0.13403724557141125,0.005461808961760065,0.12408736204468136,0.029229416359598005,0.13202627108411677,0.031636681906911074,0.007561121792520033,0.024337938575248144,0.18869781164715005,0.04792639235099302,-0.060346765224687585,0.0346057330374996,0.03661218612415583,-0.02595770054919289,0.058684404190958064,0.004334476225153468,0.09613752527719172,0.015465988490764892,-0.07752951467294171,-0.00690604813796635,0.08534661466164907,-0.04900985404760607,0.026011774453440953,0.037920382661392846,-0.027056245927301825,0.009507846746029606,-0.03661401258136839,-0.017915199629468446,0.02018180017640063,-0.008431368558925312,-0.06395446386147774,-0.02176021772430895,-0.053356159171583345,-0.006533659589619124,1.0,0.04879458995415927,,-0.10781820978851703
volume_acceleration_10m,-0.10949554494545206,-0.08004217360081252,-0.06914527085587234,-0.17482491327662047,0.07144117566763439,0.12678268557907224,0.0632804555674562,-0.19244760774168868,-0.11348192719129564,-0.20106987307638619,-0.17791266343818726,-0.12484293661842501,0.1922538855390578,-0.10985966203243687,0.2726267216559007,0.18972968455394446,-0.10287139973610843,0.040299653502317165,0.10396377371102684,0.11331708793611449,0.016008962141487712,-0.31044953639970274,0.00014879823879117673,-0.20560056444749214,0.05294937001153772,0.0008005182721535573,0.0798378027723718,-0.0025613967876970405,0.009670765006585464,0.05642908249037412,0.056961386135909585,-0.16301698361235906,0.1927605374100478,-0.0737872535207971,0.20014126565460266,-0.05049345112250064,-0.2513746755094947,0.19158130578849275,0.19519776312776604,0.023521109064228888,-0.12679619575936507,-0.03280472666708447,0.06680202902281618,-0.09539319564212685,0.03625134558176964,-0.37384703735430835,0.26577950773274855,-0.051560705745457604,0.4773503293682963,0.05177013056092584,0.09160026614670207,-0.16813509914596028,0.11166322826677524,0.12778093298136617,0.15356705035107682,0.00205300528965909,-0.006855404122543487,-0.048825504391956515,0.05064939504835121,0.15501811490509557,-0.03189171380611131,-0.02134804236431296,0.2478258167957591,-0.07011533597055868,0.04879458995415927,1.0,,-0.10037862867228065
macd,,,,,,,,,,,,,,,,,,,,,,,,,,,,,,,,,,,,,,,,,,,,,,,,,,,,,,,,,,,,,,,,,,,,
price_change_15m,0.9811954819174026,0.9759335089528646,0.9755998915856622,0.8888777329302866,-0.8372164671162332,-0.833766785546,-0.8121333587255236,0.7757831749003661,0.7235771316573554,0.6870451998568093,0.6446650984472431,0.640584327573398,-0.6226118345774869,0.570028824504804,-0.5479693777151831,-0.530180197890167,0.5150086687100484,-0.465427355330862,0.44898425978939627,-0.44302174991386395,-0.4485231687365133,0.44205111694249094,-0.4293001829063526,-0.3932555248153436,-0.39315381322593873,-0.3780363871441887,-0.37771880594532903,-0.3641549838648882,-0.3542446660272413,-0.35355449994218946,-0.35210316219946486,-0.3471144055293187,-0.34213880545163905,-0.3377326732492551,-0.3315542121203421,-0.3272410961120498,-0.32627874029516835,-0.32290482480782207,-0.3226051393344861,-0.32243005870755764,0.31789919003702216,-0.3150319366776385,-0.30712810734345725,-0.2797136233549512,-0.27818015904387094,-0.2459077817569135,0.24478921306272755,-0.23189587594121414,-0.2303559809014007,-0.22648114762170818,-0.22525594965905735,-0.2204178911960484,-0.2072989131975839,-0.20703348099254376,-0.20496353041309304,-0.20269013139531164,-0.03227407377998433,-0.19615433427410942,-0.1942491137468324,-0.17945178878053522,0.15993486826765144,-0.14863635326777433,0.12076481226906073,-0.1103791206137314,-0.10781820978851703,-0.10037862867228065,,1.0
